"pregunta","respuesta","contexto","archivo"
"¿Qué hace del Mercado Central un lugar especial?","El Mercado Central de Valencia es un lugar especial porque es la mayor plaza de abastos de Europa, un templo sagrado de la gastronomía mediterránea, y está considerado uno de los mercados más bonitos del mundo. Además, su tradición comercial se remonta a la época musulmana de Valencia, lo que le confiere un carácter mágico lleno de historia y curiosidades.","El Mercado Central de València es un lugar de culto para los amantes de la gastronomía. Un templo sagrado en pleno corazón de Ciutat Vella, donde sus comerciantes te brindan la oportunidad de sumergirte en ese mundo insólito de sabores, colores y olores que llamamos dieta mediterránea.
Es la mayor plaza de abastos de Europa con sus más de 8.000 metros cuadrados y se encuentra en la lista de mercados más bonitos del mundo según la cadena de televisión británica BBC. 
Aunque el edificio tiene algo más de 100 años, la tradición comercial del emplazamiento donde se ubica data de los años de una València (Balansiya) bajo el dominio musulmán. Por eso no es de extrañar que este enclave se haya convertido en un espacio mágico, lleno de curiosidades, leyendas y con muchas historias que contar.","Articulos del blog/10-cosas-que-no-sabes-del-mercado-central.txt"
"¿Cuándo fue inaugurado el Mercado Central que conocemos hoy en día?","El Mercado Central de Valencia que conocemos hoy en día fue inaugurado en 1928, tras 14 años de obras.","Tras 14 años de obras, en 1928, se inauguró el Mercado Central de València que hoy conocemos.","Articulos del blog/10-cosas-que-no-sabes-del-mercado-central.txt"
"¿Qué tipo de productos puedo encontrar en el Mercado Central?","En el Mercado Central puedes encontrar una gran variedad de productos, desde frutas y verduras de la huerta valenciana hasta carnes, pescados, mariscos, salazones, encurtidos, especias y hierbas aromáticas. También puedes encontrar productos más novedosos propios de la cocina de vanguardia.","Y es que entre los más de 300 puestos (conocidos como «paradas») se puede adquirir una extraordinaria variedad de productos, desde los más tradicionales hasta otros más novedosos propios de la cocina de vanguardia. Frutas y verduras, carnes, pescados, mariscos, salazones y encurtidos son solo un pequeño ejemplo. Destacan (como no podía ser de otro modo) las frutas y verduras de la huerta valenciana, con una diversidad realmente única.","Articulos del blog/10-cosas-que-no-sabes-del-mercado-central.txt"
"¿Puedo comprar online en el Mercado Central y recibir los productos en mi casa?","Sí, puedes realizar tu pedido por Internet y recibir género fresco en cualquier punto de España, e incluso de Europa.","Esta apuesta se ha mantenido con el paso de los años hasta el punto de que en la actualidad es posible realizar tu pedido por Internet y recibir género fresco en cualquier punto de España, e incluso de Europa.","Articulos del blog/10-cosas-que-no-sabes-del-mercado-central.txt"
"¿Hay restaurantes dentro del Mercado Central?","Sí, el mercado cuenta con varios establecimientos de restauración donde puedes degustar la gastronomía autóctona, como el Central Bar de Ricard Camarena.","El mercado cuenta con varios establecimientos de restauración donde degustar la gastronomía autóctona en forma de ricas creaciones culinarias que te ofrecen todo un viaje de lo más sensorial. 
El Central Bar, capitaneado por el chef valenciano Ricard Camarena, es quizás el más popular.","Articulos del blog/10-cosas-que-no-sabes-del-mercado-central.txt"
"¿Qué puedo hacer si quiero probar la comida del mercado pero no quiero cocinar?","Puedes comprar tus ingredientes favoritos en las paradas del mercado y llevarlos a uno de los restaurantes cercanos que participan en la iniciativa. Por un módico precio, te los cocinarán (bebidas aparte).","Pues es tan sencillo como eso: acércate a comprar tus ingredientes favoritos en las paradas, llévalos a uno de los restaurantes que participan y por un módico precio te los cocinan (bebidas aparte).","Articulos del blog/10-cosas-que-no-sabes-del-mercado-central.txt"
"¿Qué días y horas está abierto el Mercado Central?","El Mercado Central está abierto de lunes a sábado hasta el mediodía. No abre por las tardes.","Debes saber que puedes disfrutar de este monumento gastronómico de lunes a sábado hasta el mediodía. Sí, aquí viene la última curiosidad: este mercado no abre por las tardes.","Articulos del blog/10-cosas-que-no-sabes-del-mercado-central.txt"
"¿Cómo puedo llegar al Mercado Central?","El Mercado Central se encuentra en pleno centro de la ciudad y está muy bien comunicado por transporte público. Puedes llegar paseando, en autobús o en metro.","El mercado se encuentra en pleno centro de la ciudad, muy bien comunicado por transporte público. Podrás llegar paseando cómodamente o haciendo uso del autobús o del metro.","Articulos del blog/10-cosas-que-no-sabes-del-mercado-central.txt"
"¿Qué representa la cotorra que corona una de las cúpulas del Mercado Central?","Según la leyenda, la cotorra del Mercado Central, llamada la «Cotorra del Mercat», y el Pardal de San Joan, la veleta de la Iglesia de los Santos Juanes, comentaban los acontecimientos de la ciudad desde las alturas. La cotorra representa lo mundano.","Según la leyenda, la cotorra y su vecino Pardal de San Joan, la veleta de la Iglesia de los Santos Juanes, comentaban los acontecimientos de la ciudad desde las alturas.
Estos personajes han aparecido en infinidad de sainetes valencianos y otras obras populares reflejando una perfecta contraposición entre lo mundano (la cotorra) y lo divino (el pardal).","Articulos del blog/10-cosas-que-no-sabes-del-mercado-central.txt"
"¿Por qué el Mercado Central no abre por las tardes?","El Mercado Central no abre por las tardes porque los comerciantes comienzan su jornada de madrugada para aprovisionar sus paradas con género del día, desplazándose hasta las huertas o la lonja.","El motivo es que los comerciantes comienzan su jornada aún de madrugada para aprovisionar sus paradas con género del día, desplazándose hasta las propias huertas o la lonja para traer a las mesas valencianas los productos de la mejor calidad.","Articulos del blog/10-cosas-que-no-sabes-del-mercado-central.txt"
"¿Dónde se encuentra la Iglesia de San Nicolás de Bari y por qué es tan especial?","La Iglesia de San Nicolás de Bari se encuentra en la calle Caballeros, en pleno centro histórico de Valencia. Es conocida como la 'Capilla Sixtina' valenciana debido al esplendor de los frescos barrocos que cubren sus más de 2.000 metros cuadrados de bóvedas, nervios y columnas.","La Iglesia de San Nicolás de Bari es conocida tras su restauración en 2016 como la ‘Capilla Sixtina’ valenciana. Es una de las iglesias más antiguas de la ciudad, de estilo gótico, situada en la calle Caballeros, en pleno centro histórico. ¡No te vayas de València sin acercarte a disfrutar del esplendor de los frescos barrocos que cubren los más de 2.000 metros cuadrados de sus bóvedas, nervios y columnas!","Articulos del blog/10-joyas-escondidas-que-te-sorprenderan-en-valencia.txt"
"¿Qué representa la Estación del Norte de Valencia y qué la hace especial?","La Estación del Norte de Valencia es un espectacular edificio modernista que refleja múltiples detalles que representan la cultura valenciana. Destacan los mosaicos de su interior y su fachada, con motivos vegetales, naranjas y flores de azahar, inspirados en la agricultura valenciana.","La Estación del Norte de València refleja múltiples detalles que representan la cultura valenciana, destacada por los increíbles mosaicos de su interior y su fachada, con motivos vegetales, naranjas y flores de azahar, se inspira en la agricultura valenciana.","Articulos del blog/10-joyas-escondidas-que-te-sorprenderan-en-valencia.txt"
"¿Qué se puede encontrar dentro del Palacio del Marqués de dos Aguas?","El Palacio del Marqués de dos Aguas alberga el Museo Nacional de Cerámica-González Martí, con una colección que va desde el siglo XVIII hasta piezas de Picasso. También cuenta con una increíble sala de baile que remonta a los grandes palacios de la época victoriana.","Su fachada no deja indiferente a nadie, pero además, alberga en él el Museo Nacional de Cerámica-González Martí, con una colección que va desde el siglo XVIII hasta piezas de Picasso. Cuenta también con una increíble sala de baile que nos remonta a los grandes palacios de la época victoriana.","Articulos del blog/10-joyas-escondidas-que-te-sorprenderan-en-valencia.txt"
"¿Dónde están ubicados los Jardines de Monforte y qué los caracteriza?","Los Jardines de Monforte están situados cerca de los Jardines de Viveros. Son de estilo neoclásico y cuentan con abundantes estatuas, estanques, surtidores, calles y pabellones de reposo que consiguen efectos paisajísticos muy sugerentes y atractivos.","Un lugar muy especial con un toque romántico, situado cerca de los Jardines de Viveros. ¡Perfecto para desconectar dentro de la ciudad! Los Jardines de Monforte, de estilo neoclásico, cuentan con abundantes estatuas, estanques, surtidores, calles y pabellones de reposo que consiguen efectos paisajísticos muy sugerentes y atractivos.","Articulos del blog/10-joyas-escondidas-que-te-sorprenderan-en-valencia.txt"
"¿Qué función cumple actualmente el Monasterio de San Miguel de los Reyes?","El Monasterio de San Miguel de los Reyes, que es uno de los mejores exponentes de la arquitectura valenciana del Renacimiento, actualmente es sede de la Biblioteca Valenciana.","Otra de las joyas que te sorprenderá en tu visita a València es el Monasterio de San Miguel de los Reyes, uno de los mejores exponentes de la arquitectura valenciana del Renacimiento, que actualmente es sede de la Biblioteca Valenciana.","Articulos del blog/10-joyas-escondidas-que-te-sorprenderan-en-valencia.txt"
"¿Qué puedo encontrar en el Museo de Soldaditos de Plomo L'Iber?","El Museo de Soldaditos de Plomo L'Iber cuenta con una exposición de más de 95.000 piezas y se encuentra en un antiguo palacio de estilo gótico en la calle Caballeros. Es el mayor museo de miniaturas históricas del mundo.","El Museo de Soldaditos de Plomo L’Iber, se encuentra en pleno centro histórico y cuenta con una exposición de más de 95.000 piezas. Además, se encuentra ubicado en un antiguo palacio de estilo gótico que está ubicado en la calle Caballeros.","Articulos del blog/10-joyas-escondidas-que-te-sorprenderan-en-valencia.txt"
"¿Qué son los Tinglados del Puerto?","Los Tinglados del Puerto son tres edificaciones industriales de estilo modernista que muestran relieves alusivos al comercio y la navegación, con preciosos mosaicos que representan la cultura valenciana.","Estos últimos son tres edificaciones industriales de estilo modernista que muestran relieves alusivos al comercio y la navegación, con preciosos mosaicos que representan la cultura valenciana.","Articulos del blog/10-joyas-escondidas-que-te-sorprenderan-en-valencia.txt"
"¿Qué tipo de arquitectura representa El Patriarca y qué alberga en su interior?","El Patriarca es uno de los mejores ejemplos de la arquitectura renacentista. Actualmente alberga el Museo del Colegio, con obras de pinturas de Caravaggio, El Greco, Van Der Weyden, Benlliure, Ribalta o Pinazo, entre otros.","Declarado Monumento Nacional y Bien de Interés Cultural, ¡es uno de los mejores ejemplos de la arquitectura renacentista! Actualmente alberga el Museo del Colegio, con obras de pinturas de Caravaggio, El Greco, Van Der Weyden, Benlliure, Ribalta o Pinazo, entre otros.","Articulos del blog/10-joyas-escondidas-que-te-sorprenderan-en-valencia.txt"
"¿Qué representa el Parque Gulliver y dónde se encuentra?","El Parque Gulliver, situado en los Jardines del Turia, es una escultura monumental de 70 metros con toboganes que representa el momento en el que el gigante Gulliver llega al país de Lilliput y es atacado por los liliputienses.","El Parque Gulliver, situado en los Jardines del Turia, es uno de los lugares favoritos tanto de los niños valencianos como de los pequeños turistas. Se trata de una escultura monumental de 70 metros con increíbles toboganes, que representa el momento en el que el gigante Gulliver, el personaje creado por Jonathan Swift, llega al país de Lilliput y es atacado por los liliputienses.","Articulos del blog/10-joyas-escondidas-que-te-sorprenderan-en-valencia.txt"
"¿Qué tipo de restos puedo encontrar en el Museo de l'Almoina?","En el Museo de l'Almoina se pueden contemplar restos de más de 2.000 años, que muestran la evolución urbana de Valencia desde su fundación por los romanos hasta la actualidad, pasando por los visigodos y los árabes.","Es un espacio en el que puede contemplarse y entenderse la evolución urbana de València desde su fundación, desde el punto a partir del cual los romanos trazaron la futura ciudad, la Valentia Imperial, hasta nuestros días, pasando por los visigodos y los árabes.","Articulos del blog/10-joyas-escondidas-que-te-sorprenderan-en-valencia.txt"
"¿Qué deporte acuático es ideal para días sin olas y ejercita el equilibrio?","El paddle surf es ideal para días sin olas y ejercita el equilibrio, la fuerza y la coordinación.","El paddle surf llegó para quedarse. Desde que en 2008 comenzara a practicarse en España, se ha convertido en una de las actividades acuáticas más solicitadas en las costas. Y es que lo tiene todo: es perfecto para días sin olas, y muy completo como deporte, pues se ejercita el equilibrio, la fuerza, la coordinación y no hay impacto.","Articulos del blog/10-planes-en-el-mar-que-no-puedes-perderte-en-valencia.txt"
"¿Dónde puedo tomar un bautismo de paddle surf en Valencia?","Puedes tomar un bautismo de paddle surf con Ocean Republik en las aguas de la playa de la Malvarrosa o en La Marina de València, los sábados y domingos, a las 10:00 o las 12:00 h. La actividad dura una hora y media y está indicada para mayores de 8 años.","Pruébalo con el bautismo que ofrece Ocean Republik en las aguas de la playa de la Malvarrosa o en La Marina de València, sábados y domingos, a las 10:00 o las 12:00 h. La actividad dura una hora y media y está indicada para mayores de 8 años.","Articulos del blog/10-planes-en-el-mar-que-no-puedes-perderte-en-valencia.txt"
"¿Qué días se ofrecen clases de windsurf en la Marina de València?","Las clases de windsurf se ofrecen los sábados y domingos a las 12:00 h y a las 15:00 h en la Marina de València.","Las clases de windsurf pueden realizarse los sábados y domingos a las 12:00 h y a las 15:00 h. en la Marina de València, aunque si te interesa otro horario, consúltanos aquí.","Articulos del blog/10-planes-en-el-mar-que-no-puedes-perderte-en-valencia.txt"
"¿Qué edad mínima se necesita para conducir una moto de agua?","La edad mínima para conducir una moto de agua es de 16 años.","Y cualquier día es bueno para probarlo, pues la actividad está disponible todos los días de la semana, de 9:00 h a 20:00 h y a partir de los 16 años.","Articulos del blog/10-planes-en-el-mar-que-no-puedes-perderte-en-valencia.txt"
"¿Qué puedo hacer para disfrutar de una puesta de sol romántica en el mar?","Puedes reservar una puesta de sol en catamarán, que incluye una travesía de hora y media acompañada de una copa de Agua de València, el cóctel local. Este plan empieza a las 20:00 h.","Si buscas un plan original, romántico y tranquilo, reserva una puesta de sol en catamarán. Disfrutaréis de una travesía de hora y media acompañada de una copa de la conocida Agua de València, el cóctel local por excelencia, hecho de zumo de naranja, cava y otros licores. Este planazo empieza a las 20:00 h.","Articulos del blog/10-planes-en-el-mar-que-no-puedes-perderte-en-valencia.txt"
"¿Qué opciones tengo para comer en alta mar?","Puedes disfrutar de una comida en alta mar los viernes y domingos con Mundo Marino, en una travesía de tres horas que zarpa a las 13:00 h desde la Marina de València, o con Boramar, casi todos los días a las 14:00 h en una travesía de dos horas.","Todos los viernes y domingos, a las 13:00 h., el catamarán de Mundo Marino zarpa desde la Marina de València para perderse en el Mediterráneo. ¿El plan? Pasar tres horas en el mar con comida incluida. [...] Tienes otro plan muy parecido, pero en dos horas, con la embarcación de Boramar, con salida casi todos los días a las 14:00 h.","Articulos del blog/10-planes-en-el-mar-que-no-puedes-perderte-en-valencia.txt"
"¿Dónde sale la excursión con baño y cuándo?","La excursión con baño sale desde los pies del edificio Veles e Vents en La Marina, excepto los martes. Hay dos salidas: a las 13:00 y a las 16:30, menos los sábados que solo se ofrece por la mañana.","Elige la excursión con baño que, excepto los martes, sale desde los pies del edificio Veles e Vents en La Marina. De nuevo a bordo de un catamarán, esta vez durante hora y media y con dos salidas: a las 13:00 y a las 16:30 (menos los sábados, que únicamente se ofrece por la mañana).","Articulos del blog/10-planes-en-el-mar-que-no-puedes-perderte-en-valencia.txt"
"¿El Real Club Náutico de Valencia ofrece clases de windsurf para principiantes?","Sí, el Real Club Náutico de València (RCNV) ofrece clases de iniciación de windsurf en jornadas de 6 o 12 horas y repartidas en sesiones de tres horas. No hace falta tener conocimientos previos y está pensado para todas las edades.","El Real Club Náutico de València (RCNV) ofrece clases de iniciación o perfeccionamiento de vela o windsurf en jornadas de 6 o 12 horas y repartidas en sesiones de tres horas. No te cortes, no hace falta tener conocimientos previos y está pensado para todas las edades.","Articulos del blog/10-planes-en-el-mar-que-no-puedes-perderte-en-valencia.txt"
"¿Qué tipo de embarcaciones puedo alquilar para ir por libre en la costa de Valencia?","Puedes alquilar desde yates de hasta 16 metros hasta lanchas o neumáticas que no necesitan titulación.","Ahora puedes tener un yate de hasta 16 metros a tu disposición. ¿Prefieres que te lleven? Alquílalo con patrón. ¿Quieres ir por libre? Tienes embarcaciones que no necesitan ni titulación, como las lanchas o las neumáticas.","Articulos del blog/10-planes-en-el-mar-que-no-puedes-perderte-en-valencia.txt"
"¿Qué actividades acuáticas divertidas puedo hacer con amigos o familia en Valencia?","Puedes probar el banana boat, donde te arrastran en un barco alargado amarillo, o el fly board, donde vuelas sobre el mar hasta 12 metros.","-Banana boat. Pues eso. Un barco alargado amarillo plátano en el que te subes y eres arrastrado por una lancha motora. ¡A ver cuánto aguantáis sin caer al mar! Es una experiencia de 20 minutos ¡llenos de risas! -Fly board. Este para más atrevidos y para mayores de 18. Es prácticamente calzarse una tabla y volar sobre el mar hasta 12 metros. ¡Para probarlo al menos una vez!","Articulos del blog/10-planes-en-el-mar-que-no-puedes-perderte-en-valencia.txt"
"¿Dónde puedo disfrutar de la gastronomía con vistas al mar en Valencia?","Puedes disfrutar de la oferta gastronómica en la Marina de València, donde hay restaurantes con vistas al mar y terrazas animadas con música y copas.","No te olvides de vivir cualquiera de estas experiencias náuticas saboreando la oferta gastronómica de la ciudad en un enclave de excepción: la Marina de València. Disfruta por el día del ambiente agradable y relajado con increíbles vistas al mar de todos los restaurantes, además a un paso de la playa. Pero no te pierdas el bullicio que llega con el atardecer, cuando las terrazas se animan con música y copas para poner el broche de oro a tu día en València.","Articulos del blog/10-planes-en-el-mar-que-no-puedes-perderte-en-valencia.txt"
"¿Puedo obtener algún descuento en las actividades mencionadas?","Sí, puedes aprovechar el descuento del 10% con la València Tourist Card en las actividades del 1 al 5.","PD: Aprovecha el descuento del 10% con la València Tourist Card en las actividades del 1 al 5 ","Articulos del blog/10-planes-en-el-mar-que-no-puedes-perderte-en-valencia.txt"
"¿Qué tipo de actividades se pueden disfrutar en Valencia durante el puente de noviembre?","Durante el puente de noviembre en Valencia, puedes disfrutar de paseos por la playa, tapear en terrazas, degustar arroz, explorar el casco histórico, disfrutar de la agenda cultural y artística, realizar excursiones en catamarán, visitar la Ciudad de las Artes y las Ciencias, pasear en barca por la Albufera, asistir al musical Flashdance, visitar el València Boat Show, la exposición Van Gogh Alive, hacer excursiones en motos de agua, pasear en bici por los Jardines del Turia, visitar Bioparc València, y practicar paddle surf, windsurf y kitesurf.","El tiempo en noviembre todavía invita a pasear por la playa, sentarse en una terraza a tapear o degustar un buen arroz y callejear por uno de los cascos históricos más interesantes de Europa. Pero, además en València el otoño está cargado de las mejores propuestas culturales y artísticas. [...] Y si estás indeciso, no lo dudes, València es la mejor opción para desconectar de la rutina en el puente de noviembre, ¡mira!","Articulos del blog/10-planes-para-aprovechar-al-maximo-el-puente-de-noviembre-en-valencia.txt"
"¿Qué es la Ciudad de las Artes y las Ciencias?","La Ciudad de las Artes y las Ciencias es un complejo vanguardista donde se puede pasear por los Jardines del Turia, visitar el Oceanogràfic, ver una película en el Hemisfèric, descubrir los secretos de la ciencia en el Museo Príncipe Felipe, y disfrutar de la arquitectura y la música en el Palau de Les Arts.","En el puente o en cualquier época del año, es una visita imprescindible. Pasear por los Jardines del Turia entre sus espectaculares edificios, entrar al Oceanogràfic a descubrir los hábitats marinos, ver una película en el Hemisfèric, descubrir los secretos de la ciencia en el Museo Príncipe Felipe o disfrutar de la arquitectura y la música en el Palau de Les Arts, son algunas de las cosas que podrás hacer en este complejo vanguardista.","Articulos del blog/10-planes-para-aprovechar-al-maximo-el-puente-de-noviembre-en-valencia.txt"
"¿Qué se puede hacer en la Albufera de Valencia?","En la Albufera de Valencia, se puede dar un paseo en 'albuferenc', la embarcación tradicional, y degustar una paella valenciana en el lugar donde se originó.","Para conocer a fondo el Parque Natural de la Albufera, no hay nada mejor que un paseo por el lago en ‘albuferenc’, la embarcación tradicional de la zona, y degustar una paella valenciana aquí donde se originó.","Articulos del blog/10-planes-para-aprovechar-al-maximo-el-puente-de-noviembre-en-valencia.txt"
"¿Qué musical se puede ver en el Teatro Olympia durante el puente de noviembre?","Durante el puente de noviembre, se puede ver el musical Flashdance en el Teatro Olympia, que narra la historia de Álex y sus esfuerzos por convertirse en bailarina profesional.","Tanto si no puedes evitar emocionarte con esa corografía final de la película con la mítica canción What a feeling, como si ni siquiera la has visto, este musical es un planazo para alguna noche del puente. Narra los esfuerzos de Álex por convertirse en bailarina profesional al ritmo de los ochenta. Una producción que recrea la historia de superación de la película Flashdance en el Teatro Olympia.","Articulos del blog/10-planes-para-aprovechar-al-maximo-el-puente-de-noviembre-en-valencia.txt"
"¿Qué es el València Boat Show?","El València Boat Show es una feria náutica que coincide con el puente de noviembre en la Marina de València, donde se pueden probar embarcaciones, practicar deportes náuticos y disfrutar de talleres familiares y actuaciones musicales.","Si eres aficionado a la náutica estás de suerte, porque este año la feria València Boat Show coincide de pleno con el puente. Acércate a la Marina de València, que está de aniversario, y podrás probar embarcaciones, practicar deportes náuticos y disfrutar de talleres familiares y actuaciones musicales.","Articulos del blog/10-planes-para-aprovechar-al-maximo-el-puente-de-noviembre-en-valencia.txt"
"¿Qué es Van Gogh Alive?","Van Gogh Alive es una exposición multimedia que combina movimiento, luz y música con las obras de Vicent Van Gogh. Se encuentra en el Ateneo Mercantil de València.","El éxito de asistencia ha llevado a prorrogar esta exposición multimedia que ya es la más visitada del mundo. Podrás visitarla estos días en el Ateneo Mercantil de València. Van Gogh Alive es una experiencia pionera que, con las obras de Vicent Van Gogh, combina movimiento, luz y música.","Articulos del blog/10-planes-para-aprovechar-al-maximo-el-puente-de-noviembre-en-valencia.txt"
"¿Dónde puedo ver animales africanos en Valencia?","Puedes ver animales africanos en Bioparc València, un parque que recrea hábitats africanos donde conviven leopardos, lémures, hienas, leones, jirafas, gorilas, rinocerontes, hipopótamos, entre otros.","Tu escapada a València te permitirá incluso adentrarte en la sabana africana gracias a Bioparc València. Un parque en el que leopardos, lémures, hienas, leones, jirafas, gorilas, rinocerontes, hipopótamos, puercoespines, avestruces, elefantes, nutrias… conviven con en hábitats magníficamente recreados.","Articulos del blog/10-planes-para-aprovechar-al-maximo-el-puente-de-noviembre-en-valencia.txt"
"¿Dónde puedo hacer deportes acuáticos como paddle surf en Valencia?","En Valencia, puedes disfrutar de paddle surf, windsurf y kitesurf con clases y alquiler de material gracias a Ocean Republik.","Aprovecha para una última inmersión en el mar, que luego el invierno es largo… En València, gracias a Ocean Republik, puedes disfrutar de estas actividades con clases y alquiler de material.","Articulos del blog/10-planes-para-aprovechar-al-maximo-el-puente-de-noviembre-en-valencia.txt"
"¿Qué puedo hacer en los Jardines del Turia?","En los Jardines del Turia puedes pasear en bicicleta, ya sea por tu cuenta alquilando las bicis o contratando un bike tour.","Puedes alquilar las bicis y hacerlo por tu cuenta o contratar bike tour. Es una de las actividades más recomendadas en València, ¡no te lo pierdas!","Articulos del blog/10-planes-para-aprovechar-al-maximo-el-puente-de-noviembre-en-valencia.txt"
"¿Por qué Valencia fue designada Capital Mundial del Diseño?","Valencia fue designada Capital Mundial del Diseño 2022, lo que motivó la creación de una lista de 22 recomendaciones de souvenirs de diseño para llevarse un pedazo de talento valenciano.","Y para quienes deseen volver a casa llevando consigo un pedazo de talento valenciano en formato de bolsillo (o casi), aquí va una lista surtida con 22 recomendaciones, con motivo de la designación de València como Capital Mundial del Diseño 2022.","Articulos del blog/22-souvenirs-diseno-valencia.txt"
"¿Dónde puedo comprar el juego de mesa 'El Joc de València'?","Puedes comprar 'El Joc de València' en Atypical (Caballeros, 10) y en su tienda online www.atypicalvalencia.com.","Las láminas y el juego están disponibles en Atypical (Caballeros, 10) y en www.atypicalvalencia.com.","Articulos del blog/22-souvenirs-diseno-valencia.txt"
"¿Dónde puedo encontrar bolsos y bolsas ilustrados con motivos valencianos?","Puedes encontrar bolsos y bolsas ilustrados con motivos valencianos en La Postalera (Corretgeria, 4) y en su tienda online www.lapostalera.es.","Disponible en La Postalera (Corretgeria, 4) y en www.lapostalera.es.","Articulos del blog/22-souvenirs-diseno-valencia.txt"
"¿Qué tipo de casco de bicicleta de diseño puedo encontrar en Valencia?","Puedes encontrar Closca Helmet, del estudio CuldeSac, reconocido con premios internacionales como el Red Dot Design. Está disponible en Do You Bike (Mar, 14).","Uno de los estándares del diseño valenciano es Closca Helmet, del estudio CuldeSac, reconocido por premios internacionales como el Red Dot Design. Disponible en Do You Bike (Mar, 14).","Articulos del blog/22-souvenirs-diseno-valencia.txt"
"¿Dónde puedo comprar el botijo 'La Siesta'?","Puedes comprar el botijo 'La Siesta' de Diabla en la tienda Vicente Navarro (Cirilo Amorós, 83 – 85).","Disponible en la tienda Vicente Navarro (Cirilo Amorós, 83 – 85).","Articulos del blog/22-souvenirs-diseno-valencia.txt"
"¿Dónde puedo comprar el Jarrón Mano de Eugenia Boscà?","Puedes comprar el Jarrón Mano de Eugenia Boscà en La Postalera (Corretgeria, 4) o en su tienda online.","A la venta en La Postalera (Corretgeria, 4) o en su tienda online.","Articulos del blog/22-souvenirs-diseno-valencia.txt"
"¿Dónde puedo comprar la lámpara Swirl de Lzf?","Puedes comprar la lámpara Swirl de Lzf en Goodlight (Sorní, 26. Primero).","A la venta en Goodlight (Sorní, 26. Primero).","Articulos del blog/22-souvenirs-diseno-valencia.txt"
"¿Dónde puedo comprar la bombonera de Arturo Mora?","Puedes comprar la bombonera de Arturo Mora en el Centro de Artesanía de la Comunitat Valenciana (Hospital, 7).","Disponible en el Centro de Artesanía de la Comunitat Valenciana (Hospital, 7).","Articulos del blog/22-souvenirs-diseno-valencia.txt"
"¿Dónde puedo comprar pañuelos de seda de Ensedarte?","Puedes comprar pañuelos de seda de Ensedarte en su tienda-atelier (Estameñeria Vieja, 6), el Centro de Artesanía de la Comunitat Valenciana (Hospital, 7) y en www.ensedarte.com.","Disponible en su tienda-atelier (Estameñeria Vieja, 6), el Centro de Artesanía de la Comunitat Valenciana (Hospital, 7) y en www.ensedarte.com.","Articulos del blog/22-souvenirs-diseno-valencia.txt"
"¿Dónde puedo comprar abanicos de Vibenca?","Puedes comprar abanicos de Vibenca en su tienda en Plaza Lope de Vega, 5.","Disponible en su tienda en Plaza Lope de Vega, 5.","Articulos del blog/22-souvenirs-diseno-valencia.txt"
"¿Dónde puedo comprar las láminas de Manitas de plata?","Puedes comprar las láminas de Manitas de plata en su taller (Joan Aguilar, 2) y en la tienda Bugalú (Llotja, 6).","Disponible en su taller (Joan Aguilar, 2) y en la tienda Bugalú (Llotja, 6)","Articulos del blog/22-souvenirs-diseno-valencia.txt"
"¿Dónde puedo comprar el vino Maduresa?","Puedes comprar el vino Maduresa en Original CV (Plaza del Mercado, 35).","Disponible en Original CV (Plaza del Mercado, 35).","Articulos del blog/22-souvenirs-diseno-valencia.txt"
"¿Dónde puedo comprar los packs de chocolate de Utopic?","Puedes comprar los packs de chocolate de Utopic en su tienda (Matías Perelló, 14) y en utopick.es.","Disponible en su tienda (Matías Perelló, 14) y en utopick.es.","Articulos del blog/22-souvenirs-diseno-valencia.txt"
"¿Dónde puedo comprar el arroz de Sivaris?","Puedes comprar el arroz de la marca Sivaris en los puestos Setas y Verduras Leiva y Frutas y Verduras Bonafont en el Mercat Central (Plaza Ciudad de Brujas).","Disponible en los puestos Setas y Verduras Leiva y Frutas y Verduras Bonafont en el Mercat Central (Plaza Ciudad de Brujas).","Articulos del blog/22-souvenirs-diseno-valencia.txt"
"¿Dónde se encuentra el Santo Grial?","Según el mito, el auténtico Santo Grial se encuentra en la Catedral de València. Llegó a la ciudad en 1432 por orden de Alfonso V el Magnánimo.","¿Sabías que el auténtico Santo Grial está en la Catedral de València? Su paradero es uno de los misterios más grandes que ha dado la historia del cristianismo.  Se asegura que San Pedro trasladó esta reliquia a la ciudad de Roma, pasó más tarde a ser custodiado por el Reino de Aragón y finalmente llegó a València en 1432, por orden de Alfonso V el Magnánimo, donde a día de hoy sigue custodiado en la Catedral de València.","Articulos del blog/5-mitos-leyendas-urbanas-sobre-valencia.txt"
"¿Qué criatura habitaba en el antiguo cauce del río Turia según una leyenda?","Según la leyenda, un caimán habitó en el antiguo cauce del río Turia, asustando a la gente. Actualmente, la Iglesia del Patriarca mantiene un caimán disecado como parte de su ornamentación.","Según cuenta la leyenda, un caimán habitó en el antiguo cauce del río Turia, asustando a todo aquel que se acercaba a la orilla y convirtiéndose en un feroz dragón. Blasco Ibáñez plasmó este mito en un cuento llamado “El Dragón y el Patriarca” y, a día de hoy, la Iglesia del Patriarca mantiene al caimán disecado como parte de su ornamentación.","Articulos del blog/5-mitos-leyendas-urbanas-sobre-valencia.txt"
"¿Qué tradición popular existe en Valencia para las mujeres embarazadas?","En Valencia existe la tradición popular de que las mujeres embarazadas den 9 vueltas dentro de la Catedral de València, una por cada mes de gestación, para garantizar un buen parto con la ayuda de la Virgen del Buen Parto.","En València tenemos una tradición popular que garantiza el buen parto de las embarazadas con la Virgen del Buen Parto. Se trata dar 9 vueltas, una por cada mes de gestación, en el interior de la Catedral de València. Las madres más devotas siguen realizando este ritual, pidiendo a la Virgen tener un parto sin complicaciones.","Articulos del blog/5-mitos-leyendas-urbanas-sobre-valencia.txt"
"¿Por qué el murciélago es un símbolo importante en Valencia?","Según la leyenda, un murciélago alertó a Jaume I de un ataque sorpresa durante la conquista de la ciudad, permitiéndole defenderse y ganar. En honor a este gesto, Jaume I colocó el 'Rat Penat' (murciélago) en el escudo de la ciudad.","Según cuenta la leyenda, cuando Jaume I buscaba conquistar la ciudad de València, un murciélago entró en sus aposentos en plena noche, golpeándose con sus armaduras y demás objetos personales. Esto hizo que se despertara, avisándole de un ataque sorpresa que estaban a punto de recibir. Así, pudieron prevenir el ataque y resultar vencedores. Jaume I quiso honrar este gesto colocando al ‘Rat Penat’ en el escudo de la ciudad de València.","Articulos del blog/5-mitos-leyendas-urbanas-sobre-valencia.txt"
"¿Qué se dice que hay dentro del caballo de la escultura del Parterre de Jaume I?","La leyenda cuenta que dentro del caballo de Jaume I, una escultura de 11 toneladas y media, podría haber un tesoro: la gorra de su dueño, un transportista, con todos sus ahorros dentro.","La leyenda cuenta que la figura de 11 toneladas y media, contiene un tesoro dentro. Y es que, el dueño del caballo, un transportista de Marxalenes llamado Rafael Martí, cuando fundieron el bronce sobre la obra, lanzó su inseparable gorra al metal líquido para que ésta fuera tan eterna como la figura del caballo. Lo que se dice, es que dentro de esa gorra estaban todos los ahorros de su vida. Por lo que, dentro del caballo de Jaume I podría haber un auténtico tesoro: el legado de un humilde hombre orgulloso de lo que fue.","Articulos del blog/5-mitos-leyendas-urbanas-sobre-valencia.txt"
"¿Dónde puedo encontrar información sobre la Ruta del Grial y arte religioso?","Puedes reservar una plaza en la visita guiada Ruta del Grial y arte religioso. Sale todos los viernes, a las 10:00 h. desde la oficina de turismo de la calle de la Paz.","Ve y compruébalo con tus propios ojos. Y si quieres conocer más sobre esta reliquia y el patrimonio artístico de otros iglesias, reserva tu plaza en la visita guiada Ruta del Grial y arte religioso. Sale todos los viernes, a las 10:00 h. desde la oficina de turismo de la calle de la Paz.","Articulos del blog/5-mitos-leyendas-urbanas-sobre-valencia.txt"
"¿Qué puedo encontrar ahora en los Jardines del Turia?","Ahora puedes pasear tranquilamente por los Jardines del Turia. Encontrarás personas haciendo ejercicio, paseando y disfrutando de este parque natural urbano.","¡Pero tranquil@! Ahora puedes pasear tranquilamente por los Jardines del Turia sin cocodrilos a la vista, solo encontrarás personas haciendo ejercicio, paseando y disfrutando de este maravilloso parque natural urbano.","Articulos del blog/5-mitos-leyendas-urbanas-sobre-valencia.txt"
"¿Qué planes puedo hacer en Valencia durante el Puente de Noviembre o Diciembre?","Hay siete planes que pueden encajarte: visitar los sitios de moda como La Fábrica de Hielo o La Más Bonita, recorrer el centro histórico y la Ciudad de las Artes y las Ciencias, explorar el arte en Bombas Gens, el IVAM o el Museo de Bellas Artes, desconectar en el Parque Natural de la Albufera o Bioparc, comprar regalos 'Made in VLC', pasear en bici por los Jardines del Turia, y disfrutar de la noche valenciana.","Si estás buscando qué hacer en València durante el Puente de Noviembre (Todos Los Santos) o el Puente de Diciembre, perfecto, porque hemos seleccionado siete planes que seguro te encajan.","Articulos del blog/7-planes-puente-noviembre-diciembre-en-valencia.txt"
"¿Qué lugares de moda puedo visitar en Valencia?","En el Cabanyal y la zona de la Patacona, puedes visitar La Fábrica de Hielo (José Ballester Gozalvo, 37), Mercabanyal (Eugenia Viñes, 225), La Batisfera (Calle de la Reina, 167) o La Más Bonita (Paseo Marítimo de la Patacona, 11).","En el Cabanyal y la zona de la Patacona, también te esperan algunos de los locales más animados del momento: La Fábrica de Hielo (José Ballester Gozalvo, 37), Mercabanyal (Eugenia Viñes, 225), La Batisfera (Calle de la Reina, 167) o La Más Bonita (Paseo Marítimo de la Patacona, 11) son algunos de ellos.","Articulos del blog/7-planes-puente-noviembre-diciembre-en-valencia.txt"
"¿Cuáles son los lugares imprescindibles para visitar en el centro histórico de Valencia?","En el centro histórico no te puedes perder el Mercado Central, la Lonja (Patrimonio de la UNESCO) y la Catedral, con la capilla que custodia el Santo Grial.","¿Primera vez en València? No te dejes el centro histórico y sus imprescindibles: el Mercado Central, la Lonja (Patrimonio de la UNESCO) y la Catedral, con la capilla que custodia el Santo Grial.","Articulos del blog/7-planes-puente-noviembre-diciembre-en-valencia.txt"
"¿Qué puedo hacer en la Ciudad de las Artes y las Ciencias?","En la Ciudad de las Artes y las Ciencias puedes admirar la arquitectura de Calatrava, disfrutar de las exposiciones del Museu de les Ciències, ver una película en 3D en el Hemisfèric y visitar el Oceanogràfic, el mayor acuario de Europa.","Habrás oído hablar de ella: la Ciutat de les Arts i les Ciéncies es otro básico que no puedes dejar de visitar. Admira la impresionante arquitectura de Calatrava, disfruta de las exposiciones del Museu de les Ciències, disfruta de una película en 3D en el Hemisfèric y alucina en el Oceanogràfic, el mayor acuario de Europa.","Articulos del blog/7-planes-puente-noviembre-diciembre-en-valencia.txt"
"¿Dónde puedo ver obras de arte en Valencia?","Puedes visitar Bombas Gens, el IVAM, el Museo de Bellas Artes y la Fundación Bancaja. En Bombas Gens verás fotografía y lenguajes abstractos. En el IVAM, obras de Josep Renau. En el Museo de Bellas Artes, obras de Sorolla, Goya, Velázquez, Ribera o Murillo. En la Fundación Bancaja, dibujos de Sorolla y obras de Eduardo Chillida y Jorge Oteiza.","Desde que abrió en 2017, Bombas Gens se ha convertido en un espacio de arte imprescindible. [...] Siguiendo con el arte contemporáneo, no puedes perderte el IVAM. [...] Si te va más lo clásico, lo tuyo es el Museo de Bellas Artes [...] Además, en Fundación Bancaja podrás ver un centenar de dibujos de Sorolla o la muestra inédita que presenta por primera vez la obra conjunta de Eduardo Chillida y Jorge Oteiza.","Articulos del blog/7-planes-puente-noviembre-diciembre-en-valencia.txt"
"¿Dónde puedo ir para estar en contacto con la naturaleza cerca de Valencia?","Puedes visitar el Parque Natural de la Albufera, donde puedes dar un paseo en barca, avistar aves y comer paella valenciana. También puedes ir a Bioparc València, donde verás una recreación de la sabana africana con gorilas, lemures, elefantes, jirafas y suricatas.","Si lo que buscas es desconectar, escápate al Parque Natural de la Albufera. Un auténtico paraíso ecológico a tan sólo 10 kilómetros de la ciudad. Podrás dar un paseo en una de las típicas barcas de pescadores, avistar aves y degustar la paella valenciana en su lugar de origen. Otra opción para olvidarte del asfalto es sumergirte en la sabana africana en Bioparc València.","Articulos del blog/7-planes-puente-noviembre-diciembre-en-valencia.txt"
"¿Dónde puedo comprar regalos típicos de Valencia?","Puedes comprar abanicos artesanos de Abanicos Vibenca, souvenirs de diseño, turrones en Galiana o chocolate en Trufas Martínez.","Aprovecha esta escapada para adelantar la compra de regalos 'made in VLC', un abanico artesano de Abanicos Vibenca, souvenirs de diseño la mar de originales, los turrones más sabrosos en Galiana o chocolate en Trufas Martínez...","Articulos del blog/7-planes-puente-noviembre-diciembre-en-valencia.txt"
"¿Dónde puedo tomar algo en un ambiente navideño?","Puedes visitar el Mercado de Colón, con cafeterías, restaurantes y horchaterías decoradas con motivos navideños.","Para hacer un alto en el camino, pásate por el Mercado de Colón, con cafeterías, restaurantes y horchaterías engalanadas de la más elegante decoración navideña.","Articulos del blog/7-planes-puente-noviembre-diciembre-en-valencia.txt"
"¿Qué es el Agua de Valencia y dónde puedo probarla?","El Agua de Valencia es un cóctel inventado en el Café Madrid (Abadía de San Martín, 10).","Empieza por visitar Café Madrid (Abadía de San Martín, 10). Es un local de referencia porque allí se inventó la popular Agua de València. ¡No salgas de allí sin probarla!","Articulos del blog/7-planes-puente-noviembre-diciembre-en-valencia.txt"
"¿Dónde puedo salir de fiesta en Valencia?","Puedes visitar Palau Alameda, el Barrio del Carmen, Ruzafa, Akuarela en la playa o Mya en la Ciutat de les Arts i les Ciències.","Palau Alameda (Arquitecto Mora, 2) es otra opción, porque puedes empezar cenando en su restaurante Àtic, tomarte una copa con vistas panorámicas al Jardín del Turia desde su terraza y acabar bailando en la discoteca Azza [...] Después déjate caer por el veterano Barrio del Carmen o por el moderno Ruzafa. [...] Para pegarte unos bailes, Akuarela, en la playa o Mya, en la Ciutat de les Arts i les Ciències, ofrecen distintos ambientes musicales, zonas VIP y aparcamiento.","Articulos del blog/7-planes-puente-noviembre-diciembre-en-valencia.txt"
"¿Por qué Ruzafa es un barrio popular en Valencia?","Ruzafa es popular porque ofrece una combinación atractiva de galerías de arte, cafés-librería, restaurantes y tiendas curiosas. Además, tiene un ambiente animado gracias a sus terrazas y la integración de la vida de barrio tradicional con la llegada de intelectuales y artistas.","Está de moda y no parece algo efímero. Ruzafa ha entrado en escena para quedarse. Galerías de arte, cafés-librería, restaurantes… las tiendas más curiosas las puedes encontrar en esta zona, con terrazas llenas de ambiente y todo el encanto que le confiere tener su propio mercado y haber sabido engranar a la perfección la tradicional vida de barrio con la llegada de intelectuales y artistas.","Articulos del blog/acercate-a-ruzafa-seguro-te-atrapa.txt"
"¿Dónde se encuentra Ruzafa en relación con el centro de Valencia?","Ruzafa se encuentra en el distrito del Eixample, a sólo un paso del centro de la ciudad.","En el distrito del Eixample, a sólo un paso del centro de la ciudad, emerge cada vez con más fuerza el barrio de Ruzafa, alternativa al Barrio del Carmen, lugar por antonomasia para callejear y disfrutar del ocio y la buena mesa.","Articulos del blog/acercate-a-ruzafa-seguro-te-atrapa.txt"
"¿Qué tipo de actividades puedo realizar en Ruzafa?","En Ruzafa puedes tapear, ir de compras en tiendas diferentes y alternativas, visitar galerías de arte, disfrutar de espacios creativos y cafés-librería, y degustar la gastronomía local e internacional.","Si estás en Valencia, acércate a tapear a Ruzafa o a hacer una ruta de shopping diferente y alternativa, ¡merece la pena! ... En los últimos años los bares y restaurantes se han multiplicado en Ruzafa, junto a interesantes galerías de arte, espacios creativos y cafés-librería, para degustar la gastronomía de la ciudad y la de otros lugares del mundo, y acercarte a las nuevas tendencias artísticas en estos pequeños espacios.","Articulos del blog/acercate-a-ruzafa-seguro-te-atrapa.txt"
"¿Qué es el Mercado de Ruzafa?","El Mercado de Ruzafa es un mercado con más de 600 puestos de venta, conocido por su fachada pintada en colores vivos. Es un punto importante en el barrio y le da aún más vida.","El barrio tiene además un valor añadido, el Mercado de Ruzafa, más de 600 puestos de venta, con una fachada pintada en vivos colores que da aún más vida a este bullicioso barrio;","Articulos del blog/acercate-a-ruzafa-seguro-te-atrapa.txt"
"¿Qué tipo de eventos culturales se celebran en Ruzafa?","Ruzafa tiene una activa agenda cultural y social que incluye eventos organizados por asociaciones culturales o vecinales, como Ruzafa Fashion Week, Russafa Escénica, Russafart, Ruzafa Gatsro Weekend o Ruzafa loves Kids.","y una muy activa agenda cultural y social en la que se suceden eventos organizados por asociaciones culturales o vecinales, como Ruzafa Fashion Week, Russafa Escénica, Russafart, Ruzafa Gatsro Weekend o Ruzafa loves Kids.","Articulos del blog/acercate-a-ruzafa-seguro-te-atrapa.txt"
"¿Qué se puede comer en Ruzafa?","En Ruzafa se puede degustar la gastronomía de la ciudad y la de otros lugares del mundo, gracias a la gran cantidad de bares y restaurantes que han surgido en los últimos años.","En los últimos años los bares y restaurantes se han multiplicado en Ruzafa, junto a interesantes galerías de arte, espacios creativos y cafés-librería, para degustar la gastronomía de la ciudad y la de otros lugares del mundo, y acercarte a las nuevas tendencias artísticas en estos pequeños espacios.","Articulos del blog/acercate-a-ruzafa-seguro-te-atrapa.txt"
"¿Qué tipo de ambiente puedo esperar encontrar en Ruzafa?","Ruzafa ofrece un ambiente que combina la vida de barrio tradicional con la llegada de intelectuales y artistas, creando un crisol de culturas.","Si estás en Valencia no dejes de visitar este curioso barrio, crisol de culturas y nueva zona de referencia en lo que a ocio y gastronomía se refiere.","Articulos del blog/acercate-a-ruzafa-seguro-te-atrapa.txt"
"¿Qué tipo de experiencias puedo encontrar en el Barrio del Carmen?","En el Barrio del Carmen puedes sumergirte en la cultura árabe, cristiana y de la Edad Media. La historia se mezcla con el presente dinámico, ofreciendo espacios de vanguardia, autenticidad y buen ambiente. Encontrarás plazas y terrazas soleadas, museos, monumentos, tiendas artesanales y de diseño, mercados auténticos, restaurantes y bares.","Cuando visitas el Barrio del Carmen te sumerges en un viaje a la cultura árabe, cristiana y de la Edad Media. Allí, la historia se mezcla con el presente más dinámico, con espacios que rebosan vanguardia, autenticidad y buen ambiente. Plazas y terrazas soleadas, museos, monumentos, tiendas artesanales y de diseño, mercados auténticos, restaurantes y bares diversos para disfrutar de la gastronomía valenciana.","Articulos del blog/barrio-del-carmen-exprime-al-maximo-un-dia-en-el-corazon-de-la-ciudad.txt"
"¿Dónde puedo desayunar en el Barrio del Carmen?","Puedes desayunar en Central Bar by Ricard Camarena, ubicado dentro del Mercado Central. Ofrecen bocadillos, tapas y postres a base de productos frescos.","Aprovecha para desayunar o almorzar (el mercado abre de 7:30 a 15:00 horas) en Central Bar by Ricard Camarena. En él, el cocinero valenciano galardonado con dos estrellas Michelin y una estrella verde practica su filosofía de gastronomía basada en el concepto Kilómetro 0, con una sabrosa carta de bocadillos, tapas y postres a base de productos frescos, muchos de ellos adquiridos a diario en el propio mercado.","Articulos del blog/barrio-del-carmen-exprime-al-maximo-un-dia-en-el-corazon-de-la-ciudad.txt"
"¿Qué museos puedo visitar en el Barrio del Carmen?","En el Barrio del Carmen puedes visitar el Centre del Carme Cultura Contemporánea (CCCC) y el Instituto Valenciano de Arte Moderno (IVAM). También puedes visitar el Museo de la Seda.","El Centre del Carme Cultura Contemporánea, en el antiguo Monasterio de Nuestra Señora del Carmen, fue también sede de la Escuela de Bellas Artes y Oficios. Otro imprescindible en el recorrido es el Instituto Valenciano de Arte Moderno- IVAM, un referente en vanguardias históricas del siglo XX. Si te interesa la historia y la artesanía no te pierdas el Museo de la Seda.","Articulos del blog/barrio-del-carmen-exprime-al-maximo-un-dia-en-el-corazon-de-la-ciudad.txt"
"¿Dónde puedo ver arte urbano en el Barrio del Carmen?","Puedes descubrir murales y grafitis siguiendo la ruta de arte urbano o street art. La Calle de los Colores destaca con fotos de Alfonso Calza convertidas en murales por artistas como Luis Lonjedo.","Se trata de descubrir los mejores murales y grafitis del Barrio del Carmen con la ruta de arte urbano o street art, que se ha convertido en una de las zonas con más proliferación de fachadas y muros convertidos en lienzos, con obras de Escif, Julieta, David de Limón, Deih, La Nena Wapa Wapa o Barbi. Destaca la Calle de los Colores, con fotos de Alfonso Calza convertidas en murales por artistas como Luis Lonjedo.","Articulos del blog/barrio-del-carmen-exprime-al-maximo-un-dia-en-el-corazon-de-la-ciudad.txt"
"¿Dónde puedo tomar una horchata en el Barrio del Carmen?","Puedes tomar horchata en El Collado, la horchatería más antigua de València, ubicada en la calle de Ercilla, 13. Otra opción es la horchatería Subies, en la plaza de San Lorenzo.","En el Barrio del Carmen te recomendamos El Collado, considerada la horchatería más antigua de València. Puedes encontrarla en la calle de Ercilla, 13, a un paso del Mercado Central. Otra opción, también excelente, es la horchatería Subies, ubicada en la plaza de San Lorenzo.","Articulos del blog/barrio-del-carmen-exprime-al-maximo-un-dia-en-el-corazon-de-la-ciudad.txt"
"¿Dónde puedo comprar artesanía local en el Barrio del Carmen?","Puedes comprar abanicos artesanales en Abanicos Vibenca (plaza Lope de Vega, 5) y objetos de diseño en Simple (calle del Palau, 5). También puedes encontrar productos inspirados en el patrimonio valenciano en Atypical Valencia (calle Caballeros) y objetos originales en La Postalera (calle de la Corretgería, 4, y calle de Les Danses, 3).","En Abanicos Vibenca podrás conseguir abanicos artesanales pintados a mano, auténticas obras de arte. Otra opción para encontrar originalidad es Simple, en la calle del Palau, 5, donde, además de piezas de diseño, venden objetos inspiradores, sencillos e intemporales, todos realizados en España. Aceptemos esto: en nuestros viajes queremos comprar souvenirs, pero no siempre encontramos algo sorprendente. La solución la tienes la calle Caballeros, en Atypical Valencia, una tienda que se especializa en productos inspirados en el patrimonio valenciano. También disfrutarás si te acercas a La Postalera. Encontrarás objetos con encanto para recordar tu experiencia en València. La Postalera es ideal para comprar todo tipo de regalos y recuerdos originales, creados por artistas valencianos y españoles.","Articulos del blog/barrio-del-carmen-exprime-al-maximo-un-dia-en-el-corazon-de-la-ciudad.txt"
"¿Qué puedo hacer para disfrutar de la tarde en el Barrio del Carmen?","Puedes tomar algo al aire libre en el Mercado de Tapinería o en las plazas concurridas del barrio como Negrito, Santa Catalina, Carmen, el Tossal, Doctor Collado, Mossén Sorell, etc. También puedes probar el Agua de València en el Café de las Horas (Conde de Almodóvar, 1).","Cuando caiga la tarde nada mejor que picar algo al aire libre. El Mercado de Tapinería tiene muy buen ambiente. Otras opciones son los establecimientos de las concurridas plazas del barrio: Negrito, Santa Catalina, Carmen, el Tossal, Doctor Collado, Mossén Sorell, etc. Escoge el que más te atraiga y disfruta de la última experiencia del día. Ah, no olvides probar el cóctel más representativo de la ciudad: el Agua de València en el Café de las Horas (Conde de Almodóvar, 1).","Articulos del blog/barrio-del-carmen-exprime-al-maximo-un-dia-en-el-corazon-de-la-ciudad.txt"
"¿Dónde puedo comer paella en el Barrio del Carmen?","Puedes probar la paella en el restaurante Yuso, donde también ofrecen arroz meloso de bogavante, fideuá y clóchinas.","Si te apetece probar los sabores más valencianos, prueba a comer en Yuso. Su especialidad es la paella, el arroz meloso de bogavante, la fideuá y las clóchinas.","Articulos del blog/barrio-del-carmen-exprime-al-maximo-un-dia-en-el-corazon-de-la-ciudad.txt"
"¿Dónde puedo encontrar libros antiguos en el Barrio del Carmen?","Puedes visitar la Librería Anticuaria Rafael Solaz, ubicada en la calle Sant Ferrán, 7, cerca del Mercado Central.","Si eres un enamorado de los libros, no puedes perderte la Librería Anticuaria Rafael Solaz. Ubicada en la calle Sant Ferrán, 7 (a un paso del Mercado Central), te atrapará con su magia. No te imaginas cuántos libros curiosos y únicos puedes encontrar allí.","Articulos del blog/barrio-del-carmen-exprime-al-maximo-un-dia-en-el-corazon-de-la-ciudad.txt"
"¿Qué tipo de música popularizó Conchita Piquer?","Conchita Piquer popularizó la copla a comienzos del siglo XX.","Doña Concha Piquer, a comienzos del siglo XX, llevó la copla a conquistar el mundo.","Articulos del blog/calles-valencia-musicos.txt"
"¿Dónde se dio a conocer Conchita Piquer cuando era niña?","Conchita Piquer se dio a conocer en el Teatro Sogueros de Valencia a los 11 años.","A los 11 añitos esta voz portentosa ya se dio a conocer en el Teatro Sogueros de València.","Articulos del blog/calles-valencia-musicos.txt"
"¿Qué himno compuso el Maestro José Serrano?","El Maestro José Serrano compuso el himno de la Exposición Regional Valenciana de 1909, que más tarde fue adoptado como el himno de la Comunitat Valenciana.","A este compositor de más de cincuenta zarzuelas se le recuerda, fundamentalmente, por sus creaciones más populares. Es autor del himno de la Exposición Regional Valenciana de 1909, adoptado oficialmente más tarde como el de la Comunitat Valenciana.","Articulos del blog/calles-valencia-musicos.txt"
"¿Qué pasodoble famoso compuso el Maestro José Serrano?","El Maestro José Serrano compuso el pasodoble ""El fallero"", un clásico de las fiestas en honor a San José.","A él también se debe el archifamoso pasodoble “El fallero”, todo un clásico de los pasacalles y actos oficiales durante las fiestas en honor a San José.","Articulos del blog/calles-valencia-musicos.txt"
"¿Qué melodía de Francesc Tàrrega inspiró un famoso politono?","La melodía que inspiró el politono más famoso de Nokia fue la de su Gran Vals.","Aunque seguramente jamás imaginó que la melodía que le haría eterno es la que inspiró el politono más famoso de cuantos hayan sonado alguna vez: el clásico de Nokia. ¿Quién puede predecir aquello por lo que se le recordará? Trece notas de su Gran Vals alcanzaron, gracias a un móvil, la eternidad.","Articulos del blog/calles-valencia-musicos.txt"
"¿Qué festival internacional se celebra en Valencia en honor a los hermanos Iturbi?","En Valencia se celebra el Festival Internacional de Piano València Iturbi, donde se dan cita músicos de referencia del panorama nacional e internacional.","Desde 2021, diferentes espacios de la ciudad acogen el Festival Internacional de Piano València Iturbi, donde se dan cita músicos de referencia del panorama nacional e internacional.","Articulos del blog/calles-valencia-musicos.txt"
"¿Qué sala del Palau de la Música lleva el nombre de José Iturbi?","La sala principal del Palau de la Música lleva el nombre de José Iturbi.","La sala principal del Palau de la Música lleva el nombre de José.","Articulos del blog/calles-valencia-musicos.txt"
"¿Cuál es la obra más famosa de Joaquín Rodrigo?","La obra más famosa de Joaquín Rodrigo es el Concierto de Aranjuez, para guitarra y orquesta.","Este afamado creador, nacido en la vecina localidad de Sagunto, alcanzó el olimpo de la música gracias a una magnífica composición para guitarra y orquesta, el celebérrimo Concierto de Aranjuez.","Articulos del blog/calles-valencia-musicos.txt"
"¿Qué canciones famosas interpretó Nino Bravo?","Nino Bravo es recordado por canciones como “América, América”, “Noelia” o “Libre”.","Poseedor de unas cualidades vocales excepcionales, este valenciano es recordado por canciones tan inolvidables como “América, América”, “Noelia” o “Libre”, que se convirtió en un himno.","Articulos del blog/calles-valencia-musicos.txt"
"¿Dónde puedo escuchar música de los artistas valencianos mencionados en el artículo?","Puedes escuchar la playlist #MúsicosConMuchaCalle, con sonido valenciano.","¿Te gustaría disfrutar con una muestra del arte de todos los músicos a los que València recuerda? No te prives del placer y escucha la playlist #MúsicosConMuchaCalle, con sonido valenciano.","Articulos del blog/calles-valencia-musicos.txt"
"¿Qué universidad musical famosa tiene una escuela en Valencia?","Valencia acoge una escuela de Berklee College of Music, la universidad musical privada más grande del mundo, la única fuera de los Estados Unidos.","¿Cómo, de no ser así, habría llegado la ciudad a acoger la única escuela fuera de los Estados Unidos de Berklee College of Music, la universidad musical privada más grande del mundo?","Articulos del blog/calles-valencia-musicos.txt"
"¿Cuándo se celebra el Día del Enoturismo?","El Día del Enoturismo se celebra cada año el segundo domingo de noviembre.","Cada año, el segundo domingo de noviembre es la gran fiesta para los amantes del vino y los viajes. Se celebra el Día del Enoturismo y es la excusa perfecta para alegrar el paladar y sentir los placeres del vino.","Articulos del blog/catas-y-rutas-de-vino-para-celebrar-el-dia-del-enoturismo-en-valencia.txt"
"¿Qué es Utiel-Requena?","Utiel-Requena es el nombre de la denominación de origen (D.O.) situada en el interior de la provincia de València, un territorio donde se produce vino.","Utiel-Requena es el nombre de la denominación de origen (D.O.) situada en el interior de la provincia de València. ¡Un territorio donde se respira vino!","Articulos del blog/catas-y-rutas-de-vino-para-celebrar-el-dia-del-enoturismo-en-valencia.txt"
"¿Qué municipios conforman la comarca de Utiel-Requena?","La comarca de Utiel-Requena está formada por nueve municipios: Caudete de las Fuentes, Fuenterrobles, Requena, Sinarcas, Camporrobles, Siete Aguas, Villargordo del Cabriel, Utiel y Venta del Moro.","El nombre de la D.O. alude a las dos poblaciones más grandes, pero en realidad la comarca está formada por nueve municipios: Caudete de las Fuentes, Fuenterrobles, Requena, Sinarcas, Camporrobles, Siete Aguas, Villargordo del Cabriel, Utiel y Venta del Moro.","Articulos del blog/catas-y-rutas-de-vino-para-celebrar-el-dia-del-enoturismo-en-valencia.txt"
"¿Cuánto tiempo se lleva elaborando vino en Utiel-Requena?","En Utiel-Requena se elabora vino desde hace al menos 2500 años.","Un poco de historia que te va a encantar: en Utiel-Requena se elabora vino desde hace al menos ¡2500 años! Sí, 2500 años. Hallazgos arqueológicos, como pepitas de uva, vajillas y estructuras de piedra para elaborar vino han sido descubiertas en esta comarca.","Articulos del blog/catas-y-rutas-de-vino-para-celebrar-el-dia-del-enoturismo-en-valencia.txt"
"¿Cuál es la variedad de uva más común en Utiel-Requena?","La Bobal es la variedad de uva que más se encuentra en la D.O. Utiel-Requena.","La Bobal es la variedad de uva que más encuentras en la D.O. Utiel-Requena y… ¡en ningún otro lugar del mundo! Así como lo estás leyendo, ni más ni menos.","Articulos del blog/catas-y-rutas-de-vino-para-celebrar-el-dia-del-enoturismo-en-valencia.txt"
"¿Qué incluye el tour de vino y bodegas de Utiel-Requena que sale desde Valencia?","El tour incluye la ida y vuelta en bus, una visita guiada y cata en una bodega histórica, una degustación de embutidos de la zona, una comida en un restaurante típico de la comarca, guía acompañante para toda la jornada y el seguro de viaje.","Esta ruta, que sale todos los sábados desde València, incluye una excursión de día completo a dos bodegas de la zona Utiel-Requena, ubicadas a poco más de una hora de la ciudad. El tour comprende la ida y vuelta en bus, una visita guiada y cata en una bodega histórica, una degustación de embutidos de la zona, una comida en un restaurante típico de la comarca, guía acompañante para toda la jornada y el seguro de viaje.","Articulos del blog/catas-y-rutas-de-vino-para-celebrar-el-dia-del-enoturismo-en-valencia.txt"
"¿Qué descuento se aplica al tour de vino y bodegas si tienes la València Tourist Card?","Si tienes la València Tourist Card, obtienes un 15% de descuento en el tour de vino y bodegas de Utiel-Requena.","Recuerda que si tienes la València Tourist Card obtienes un 15% de descuento en este tour.","Articulos del blog/catas-y-rutas-de-vino-para-celebrar-el-dia-del-enoturismo-en-valencia.txt"
"¿Qué beneficio para la salud se asocia con la uva Bobal de Utiel-Requena?","La Bobal de Utiel-Requena es una de las variedades de uva con mayor contenido en resveratrol, un nutriente cardiosaludable y anticancerígeno.","¡Y un dato final! Los análisis científicos demuestran que la Bobal de Utiel-Requena es una de las variedades de uva con mayor contenido en resveratrol. Un nutriente cardiosaludable y anticancerígeno, que encontrarás más presente en los vinos hechos con la Bobal.","Articulos del blog/catas-y-rutas-de-vino-para-celebrar-el-dia-del-enoturismo-en-valencia.txt"
"¿Qué parque natural se encuentra cerca de las bodegas de Utiel-Requena?","Cerca de las bodegas de Utiel-Requena se encuentra el Parque Natural de Las Hoces del Cabriel.","Cerca de las bodegas de Utiel-Requena se encuentra el Parque Natural de Las Hoces del Cabriel, que es hermoso y ofrece muchas aventuras, como el plan de trekking con visita a bodegas y comida.","Articulos del blog/catas-y-rutas-de-vino-para-celebrar-el-dia-del-enoturismo-en-valencia.txt"
"¿Qué opciones ofrece la ruta Utiel-Requena con visita cultural?","La ruta Utiel-Requena con visita cultural incluye, además de ir a una bodega, otra visita con dos opciones: las Cuevas de la Villa de Requena o el Museo del Vino de la Redonda (Utiel).","La ruta Utiel-Requena con visita cultural incluye, además de ir a una bodega, otra visita con dos opciones: las Cuevas de la Villa de Requena o el Museo del Vino de la Redonda (Utiel).","Articulos del blog/catas-y-rutas-de-vino-para-celebrar-el-dia-del-enoturismo-en-valencia.txt"
"¿Qué se puede encontrar en el Museo del Vino de la Redonda?","En el Museo del Vino de la Redonda se pueden encontrar utensilios de laboreo propios de las bodegas y observar con detalle cómo es la producción del vino, desde el trabajo de la tierra y el cultivo de vides, hasta la elaboración, crianza y embotellamiento.","Por otro lado, en el Museo del Vino de la Redonda vas a encontrar utensilios de laboreo propios de las bodegas. Además, podrás observar con detalle cómo es la producción del vino, desde el trabajo de la tierra y el cultivo de vides, hasta la elaboración, crianza y embotellamiento.","Articulos del blog/catas-y-rutas-de-vino-para-celebrar-el-dia-del-enoturismo-en-valencia.txt"
"¿Qué incluye la ruta Utiel-Requena con visita cultural?","Esta ruta también incluye el traslado privado desde València, guía y comida con vino.","Reserva ya tu ruta Utiel-Requena con visita cultural para el Día del Enoturismo. Esta ruta también incluye el traslado privado desde València, guía y comida con vino.","Articulos del blog/catas-y-rutas-de-vino-para-celebrar-el-dia-del-enoturismo-en-valencia.txt"
"¿Qué ofrece la ruta de vinos valencianos y tapas en la ciudad de Valencia?","La ruta de vinos valencianos y tapas en Valencia incluye la compañía de un sumiller que te guía en dos catas de vinos de València. En ambas también te sirven tapas.","Este plan incluye la compañía de un sumiller que te guía en dos catas de vinos de València. En ambas también te sirven tapas, para que estimules tus sentidos y apetitos más sibaritas.","Articulos del blog/catas-y-rutas-de-vino-para-celebrar-el-dia-del-enoturismo-en-valencia.txt"
"¿Cuánto dura el tour de vinos valencianos y tapas en la ciudad de Valencia?","Este tour tiene una duración de 2 horas 30 minutos.","Este tour tiene una duración de 2 horas 30 minutos. Tiempo suficiente para celebrar la vida como los dioses del Olimpo, ¡con buen vino!","Articulos del blog/catas-y-rutas-de-vino-para-celebrar-el-dia-del-enoturismo-en-valencia.txt"
"¿Dónde puedo encontrar el Museo Nacional de Cerámica en Valencia?","El Museo Nacional de Cerámica y Artes Suntuarias González Martí se encuentra en València, en concreto, en el Palacio del Marqués de Dos Aguas, joya del barroco valenciano (calle Poeta Querol, 2).","De hecho, el Museo Nacional de Cerámica y Artes Suntuarias González Martí se encuentra en València, en concreto, en el Palacio del Marqués de Dos Aguas, joya del barroco valenciano (calle Poeta Querol, 2).","Articulos del blog/ceramica-valenciana-de-los-iberos-hasta-nuestros-dias.txt"
"¿Qué tipo de piezas puedo encontrar en la colección permanente del Museo Nacional de Cerámica?","La colección permanente del museo cuenta con piezas procedentes de localidades como Paterna y Manises e incluye también cerámica oriental y un lote de piezas donadas por Pablo Picasso.","La cerámica es la protagonista de la planta superior del museo, cuya colección permanente cuenta con piezas procedentes de localidades como Paterna y Manises e incluye también cerámica oriental y un lote de piezas donadas por Pablo Picasso.","Articulos del blog/ceramica-valenciana-de-los-iberos-hasta-nuestros-dias.txt"
"¿Qué puedo aprender sobre la cerámica medieval en el Centro Arqueológico de La Almoina?","El Centro Arqueológico de La Almoina permite conocer formas cerámicas ancestrales y también uno de sus clásicos medievales, conocido como ‘verde’ de Paterna y originario del siglo XIII.","Si este museo repasa la evolución de la cerámica a lo largo de los siglos, el Centro Arqueológico de La Almoina, permite conocer formas cerámicas ancestrales y también uno de sus clásicos medievales, conocido como ‘verde’ de Paterna y originario del siglo XIII.","Articulos del blog/ceramica-valenciana-de-los-iberos-hasta-nuestros-dias.txt"
"¿Cómo se llama la técnica cerámica del siglo XVI que utiliza una capa de cal y decoración en tonos oscuros?","La técnica del siglo XVI se llama socarrat, y consiste en una pieza de barro cocido a la que se aplica una capa de cal y, posteriormente, decoración en tonos oscuros, habitualmente negro y rojo.","Esta técnica del siglo XVI – una pieza de barro cocido a la que se aplica una capa de cal y, posteriormente, decoración en tonos oscuros, habitualmente negro y rojo – pervive también en el barrio de Patraix, en el taller de José Luis Camarena de Artesanía Socarrat (Calle Pío XI, 36 bajo).","Articulos del blog/ceramica-valenciana-de-los-iberos-hasta-nuestros-dias.txt"
"¿Dónde puedo encontrar talleres de artesanía tradicional en Valencia?","Puedes encontrar talleres de artesanía tradicional en los hornos manuales que funcionan desde hace generaciones y en los comercios de Ciutat Vella. Un paseo por el barrio del Carme te permitirá encontrar pequeños tesoros cerámicos.","La cerámica valenciana tradicional pervive en los hornos manuales que funcionan desde hace generaciones y llega hasta nuestros días gracias a los de comercios de Ciutat Vella. Un paseo por el entramado de calles del barrio del Carme permite encontrar pequeños tesoros cerámicos.","Articulos del blog/ceramica-valenciana-de-los-iberos-hasta-nuestros-dias.txt"
"¿Qué tipo de cerámica puedo encontrar en tiendas como Chez Ramón y la Casa de los Botijos?","En tiendas como Colla Monlleó, Chez Ramón y la Casa de los Botijos puedes encontrar creaciones de maestros ceramistas de toda el área metropolitana, recreando estilos tradicionales diversos, desde motivos religiosos medievales hasta la cerámica colorida y ornamental de los siglos XVII y XIX.","Desde el siglo XIX, establecimientos como Colla Monlleó, Chez Ramón y la Casa de los Botijos llevan hasta Valencia las creaciones de maestros ceramistas de toda el área metropolitana. Arturo Mora, Vicent Monlló y Rafael Mora son algunos de los nombres propios que firman sus colecciones, que recrean estilos tradicionales diversos: de los motivos religiosos medievales, al azul del gótico (siglo XVI), a los reflejos metálicos (siglo XV) y la cerámica colorida y ornamental de los siglos XVII y XIX, sin olvidar propuestas actuales más modernos.","Articulos del blog/ceramica-valenciana-de-los-iberos-hasta-nuestros-dias.txt"
"¿Qué es un 'alfabeguer'?","Un 'alfabeguer' es una pieza icónica de la historia valenciana que servía para acoger la planta de la albahaca durante el verano para aromatizar y espantar a los mosquitos, y que gracias a su tapa superior, conservaba su valor decorativo durante los meses de invierno.","Una de ellas son los ‘alfabeguers’, que servían para acoger la planta de la albahaca durante el verano – para aromatizar y espantar a los mosquitos - y que, gracias a su tapa superior, conservaba su valor decorativo durante los meses de invierno.","Articulos del blog/ceramica-valenciana-de-los-iberos-hasta-nuestros-dias.txt"
"¿Qué es una 'mancerina'?","Una 'mancerina' es una fuente con un pocillo central, ideada para contener la jícara y poder disfrutar del chocolate caliente, de pie, sin peligro de que se vuelque. Es una pieza propia del medievo que pervive gracias a los maestros artesanos.","Otra pieza propia del medievo que pervive gracia a los maestros artesanos es la ‘mancerina’, una fuente con un pocillo central, ideada para contener la jícara y poder disfrutar del chocolate caliente, de pie, sin peligro de que se vuelque.","Articulos del blog/ceramica-valenciana-de-los-iberos-hasta-nuestros-dias.txt"
"¿Dónde puedo encontrar el Centro de Artesanía de la Comunitat Valenciana?","El Centro de Artesanía de la Comunitat Valenciana se encuentra en la calle del Hospital, 7.","El Centro de Artesanía de la Comunitat Valenciana (calle del Hospital, 7) ofrece la oportunidad de conocer los trabajos de talleres artesanos tradicionales como Sucesores de José Gimeno y Arturo Mora y de especialistas en unas de las técnicas cerámicas más antiguas, el socarrat, como Enrique San Antonio.","Articulos del blog/ceramica-valenciana-de-los-iberos-hasta-nuestros-dias.txt"
"¿En qué consiste el Mercat de l'Escuraeta y cuándo se celebra?","El Mercat de l’Escuraeta es un mercadillo ambulante dedicado a la cerámica doméstica que se celebra tradicionalmente en mayo, coincidiendo con la festividad de la Virgen de los Desamparados, patrona de la ciudad.","En la ciudad, además, existe una cita imprescindible para la artesanía, cuyos orígenes se remontan a los tiempos de Jaume I: el Mercat de l’Escuraeta, que se celebra tradicionalmente en mayo, coincidiendo con la festividad de la Virgen de los Desamparados, patrona de la ciudad, que se conmemora el segundo domingo del mes. Este mercadillo ambulante dedicado a la cerámica doméstica se instala en la Plaza de la Reina, a los pies de la Puerta de los Hierros de estilo barroco de la Catedral de València hasta la celebración del Corpus Christi.","Articulos del blog/ceramica-valenciana-de-los-iberos-hasta-nuestros-dias.txt"
"¿Dónde puedo encontrar piezas cerámicas contemporáneas en Valencia?","Puedes encontrar piezas cerámicas contemporáneas en establecimientos comerciales como La Postalera, donde conviven las piezas de Flora Veiga y los diseños geométricos de tonos pastel de Temple Ceramic, entre otros.","La Postalera (Calle de la Corretgeria, 4) es uno de los establecimientos comerciales de València en el que diseño contemporáneo y cerámica viajan de la mano. En sus estanterías conviven las originales piezas de Flora Veiga y los diseños geométricos de tonos pastel de Temple Ceramic, entre muchos otros.","Articulos del blog/ceramica-valenciana-de-los-iberos-hasta-nuestros-dias.txt"
"¿Qué iniciativa busca promover el valor de la cerámica valenciana?","La iniciativa ADN Cerámico, al amparo de València Capital Mundial del Diseño 2022, busca poner en valor y promover el valor intangible que aporta a la cerámica valenciana esa conexión entre artesanía, modernidad y diseño.","Para poner en valor y promover el valor intangible que aporta a la cerámica valenciana esa conexión entre artesanía, modernidad y diseño, ha surgido una iniciativa nueva, ADN Cerámico, al amparo de València Capital Mundial del Diseño 2022. Un proyecto en el que trece expertos, dirigidos por Jaume Coll, director del Museo Nacional de Cerámica González Martí, definen un mapa de artesanos valencianos.","Articulos del blog/ceramica-valenciana-de-los-iberos-hasta-nuestros-dias.txt"
"¿Dónde puedo encontrar la Cueva del Turche?","La Cueva del Turche se encuentra en Buñol, València, y está a 30 minutos de la ciudad de València.","La Cueva del Turche y las pozas del Río Buñol (Buñol, València)
A 30 minutos de la ciudad de València

En la Cueva del Turche y sus pozas te plantas en media hora de coche desde la capital.","Articulos del blog/chapuzones-unicos-valencia.txt"
"¿Cuánto cuesta aparcar en la Cueva del Turche?","Hay un parking privado en la Cueva del Turche que cuesta 5€ todo el día. Está prohibido aparcar fuera de este espacio porque es una carretera comarcal.","Hay un parking privado por 5€ todo el día pero ojo, que fuera de ese espacio está prohibido dejar el coche porque es una carretera comarcal.","Articulos del blog/chapuzones-unicos-valencia.txt"
"¿Cuánto cuesta la entrada al Gorgo de la Escalera y a la albufera de Anna?","Para entrar y bañarte en el Gorgo de la Escalera tienes que pagar 2€. Si quieres visitar también la albufera, la entrada conjunta cuesta 3€.","Para entrar y bañarte tienes que pagar 2€ y si vas a ir también a la albufera, la entrada es conjunta y se pagan 3€.","Articulos del blog/chapuzones-unicos-valencia.txt"
"¿A qué distancia se encuentra el Salto de la Novia de Valencia y cuánto cuesta la entrada?","El Salto de la Novia se encuentra en Navajas, Castellón, a unos 45 minutos de la ciudad de València. La entrada tiene una tarifa única de 2€ para los mayores de 10 años; los menores de 10 entran gratis.","Cambiamos de provincia y nos desplazamos 60 kilómetros al norte de València hasta el Salto de la Novia, en la localidad de Navajas.
Para entrar hay una tarifa única de 2€ para los mayores de 10 años; los menores de 10 entran gratis.","Articulos del blog/chapuzones-unicos-valencia.txt"
"¿Qué servicios ofrece el río Sellent en Bolbaite y cuánto cuesta?","El río Sellent en Bolbaite ofrece un área de picnic y una zona de baño en un lago. El uso de los aseos, duchas, zona de merenderos y limpieza del paraje cuesta 3€ los fines de semana y festivos, y 2€ de lunes a viernes.","La tasa por el uso de los aseos, duchas, zona de merenderos y limpieza del paraje es de 3€ los fines de semana y festivos y de 2€ de lunes a viernes.","Articulos del blog/chapuzones-unicos-valencia.txt"
"¿Qué características especiales tiene el agua de la Fuente de los Baños en Montanejos?","El agua de la Fuente de los Baños en Montanejos es termal, con una temperatura constante de 25° durante todo el año, lo que le confiere efectos hipo termales. Además, tiene propiedades hidro geoquímicas y biológicas beneficiosas para la salud.","Es La Fuente de los Baños, donde nace el agua termal de Montanejos, Villa Termal.
Aquí encuentras un conjunto de piscinas naturales rodeadas de frondosa vegetación y que están a una temperatura constante de 25° durante todo el año. Esta maravillosa temperatura hace que tenga efectos hipo termales.
Pero las bondades de su agua no acaban aquí. También tiene propiedades hidro geoquímicas y biológicas beneficiosas para la salud, ¡casi nada!","Articulos del blog/chapuzones-unicos-valencia.txt"
"¿Cuánto cuesta la entrada a la Fuente de los Baños en Montanejos?","La entrada a la Fuente de los Baños en Montanejos cuesta 3€ si se compra online y 3,5€ si se compra en taquilla. Los menores de entre 4 y 10 años y los mayores de 65 años pagan 2€. Los residentes, familiares, propietarios de viviendas, alquilados y personas con diversidad funcional con un grado superior al 25% entran gratis.","Precio online, 3€
Precio en taquilla, 3,5€
Menores de entre 4 y 10 años y mayores de 65 años, 2€
Residentes, familiares, propietarios de viviendas, alquilados, y personas con diversidad funcional con un grado superior al 25%, gratis.","Articulos del blog/chapuzones-unicos-valencia.txt"
"¿Qué son los Charcos de Quesa y cuánto cuesta la entrada?","Los Charcos de Quesa son cuatro pozas de diferentes tamaños y profundidades en un paisaje montañoso. En temporada alta, se paga una Ecotasa de 1€ por persona (mayores de 10 años) y 2€ por vehículo; los menores de 10 años entran gratis.","Su nombre está en plural porque son cuatro pozas de diferentes tamaños y profundidades que están encajadas en un paisaje montañoso y te puedes bañar en todas ellas.
En temporada alta se paga una Ecotasa para el mantenimiento y limpieza de la zona: 1€ por persona (mayores de 10 años) y 2€ por vehículo; los menores de 10 años entran gratis.","Articulos del blog/chapuzones-unicos-valencia.txt"
"¿Cómo es la zona de baño en Los Chopos de Jalance?","La zona de baño en Los Chopos de Jalance es una piscina natural en un entorno repleto de chopos, sin ninguna intervención. Es una zona de río auténtica y silvestre.","Estamos ante la típica zona de río auténtica en la que no se ha hecho ninguna intervención. Es una gozada ese punto silvestre que te recuerda otra época.","Articulos del blog/chapuzones-unicos-valencia.txt"
"¿Cuánto cuesta la entrada a Les Fonts de l’Algar y dónde puedo aparcar?","En temporada alta (del 15 de junio al 15 de octubre), la entrada a Les Fonts de l’Algar cuesta 5€ por persona mayor de 10 años y 2€ para los niños de 4 a 10 años. Puedes aparcar gratis en las inmediaciones de la oficina de las fuentes o en aparcamientos de gestión privada en la misma zona.","El acceso es previa compra de entrada cuyo precio varía según la temporada.
En temporada alta (del 15 de junio al 15 de octubre) son 5€ por persona mayor de 10 años y 2€ para los niños de 4 a 10 años.
Puedes aparcar gratis en las inmediaciones de la oficina de las mismas fuentes.
También puedes contar con dejar el coche en otros aparcamientos de gestión privada que hay en la misma zona.","Articulos del blog/chapuzones-unicos-valencia.txt"
"¿Qué actividades se pueden realizar en Les Fonts de l'Algar?","En Les Fonts de l'Algar puedes tirarte desde lo alto de una cascada, remojarte en una de sus numerosas fuentes manantiales que brotan de la roca o nadar en uno de sus ""tolls"" (remansos de agua).","Tirarte desde lo alto de una cascada, remojarte en una de sus numerosas fuentes manantiales que brotan de la roca o nadar en uno de sus “tolls” (remansos de agua) son algunas de las actividades que puedes hacer en esta especie de parque temático del agua.","Articulos del blog/chapuzones-unicos-valencia.txt"
"¿Qué es la Ciudad de las Artes y las Ciencias?","La Ciudad de las Artes y las Ciencias es un complejo que alberga espectaculares edificios que encierran un universo por explorar. Permite descubrir las profundidades de los océanos, comprender la evolución de la vida, la ciencia y la tecnología.","Seguro que has visto muchas imágenes de la Ciudad de las Artes y las Ciencias, pero si aún no has paseado por este complejo te lo recomendamos, in situ sus dimensiones y formas no te dejarán indiferente. Además, sus espectaculares edificios encierran todo un universo que explorar. Descubrir las profundidades de los océanos o comprender la evolución de la vida, la ciencia y la tecnología son algunas de sus propuestas.","Articulos del blog/ciudad-de-las-artes-y-las-ciencias-universo-de-diversion.txt"
"¿Quiénes diseñaron la Ciudad de las Artes y las Ciencias?","La Ciudad de las Artes y las Ciencias fue diseñada por Santiago Calatrava y Félix Candela.","Diseñada por Santiago Calatrava y Félix Candela, la Ciudad de las Artes y las Ciencias está formada por el Palau de les Arts Reina Sofía, un coliseo que ofrece magníficos programas operísticos cada temporada; el Hemisfèric, o cine IMAX; el Museo de las Ciencias Príncipe Felipe, 26.000 metros cuadrados dedicados a la ciencia y la tecnología; el Oceanogràfic, un inmenso acuario con los ecosistemas de los principales mares y océanos del mundo; l’Umbracle, originalmirador ajardinado;y el Ágora, edificio multiusos en el que se celebran eventos programados.","Articulos del blog/ciudad-de-las-artes-y-las-ciencias-universo-de-diversion.txt"
"¿Qué edificios componen la Ciudad de las Artes y las Ciencias?","La Ciudad de las Artes y las Ciencias está formada por el Palau de les Arts Reina Sofía, el Hemisfèric, el Museo de las Ciencias Príncipe Felipe, el Oceanogràfic, l’Umbracle y el Ágora.","Diseñada por Santiago Calatrava y Félix Candela, la Ciudad de las Artes y las Ciencias está formada por el Palau de les Arts Reina Sofía, un coliseo que ofrece magníficos programas operísticos cada temporada; el Hemisfèric, o cine IMAX; el Museo de las Ciencias Príncipe Felipe, 26.000 metros cuadrados dedicados a la ciencia y la tecnología; el Oceanogràfic, un inmenso acuario con los ecosistemas de los principales mares y océanos del mundo; l’Umbracle, originalmirador ajardinado;y el Ágora, edificio multiusos en el que se celebran eventos programados.","Articulos del blog/ciudad-de-las-artes-y-las-ciencias-universo-de-diversion.txt"
"¿Dónde está ubicada la Ciudad de las Artes y las Ciencias?","La Ciudad de las Artes y las Ciencias está ubicada en los Jardines del Turia.","La Ciudad de las Artes está ubicada en los Jardines del Turia, lecho del río desviado y reconvertido en inmenso pulmón verde que atraviesa la ciudad.","Articulos del blog/ciudad-de-las-artes-y-las-ciencias-universo-de-diversion.txt"
"¿Qué son los Jardines del Turia?","Los Jardines del Turia son el lecho del río Turia, que fue desviado y reconvertido en un inmenso pulmón verde que atraviesa la ciudad. Son 8 kilómetros de antiguo cauce que constituyen otra visita muy recomendable.","La Ciudad de las Artes está ubicada en los Jardines del Turia, lecho del río desviado y reconvertido en inmenso pulmón verde que atraviesa la ciudad. Estos 8 kilómetros de antiguo cauce son otra visita muy recomendable.","Articulos del blog/ciudad-de-las-artes-y-las-ciencias-universo-de-diversion.txt"
"¿Qué actividades se pueden realizar en los estanques de la Ciudad de las Artes y las Ciencias?","Durante los meses de verano, se pueden surcar los estanques artificiales en pequeños kayaks o caminar sobre sus aguas gracias a divertidas bolas hinchables. También se pueden alquilar bicicletas o tándems en las proximidades.","Estas piscinas de escasa profundidad, durante los meses estivales, pueden surcarse a bordo de pequeños kayaks o caminar sobre sus aguas gracias a divertidas bolas hinchables. Los visitantes más activos pueden además alquilar bicicletas o tándems en las proximidades.","Articulos del blog/ciudad-de-las-artes-y-las-ciencias-universo-de-diversion.txt"
"¿Dónde puedo comprar las entradas para la Ciudad de las Artes y las Ciencias?","Puedes adquirir las entradas sin hacer cola en la tienda online.","Hay diversas tarifas y pases, consulta en nuestra tienda online para adquirir tus entradas sin hacer cola.","Articulos del blog/ciudad-de-las-artes-y-las-ciencias-universo-de-diversion.txt"
"¿Cuánto tiempo necesito para visitar el Oceanogràfic?","Si te decantas por el Oceanogràfic necesitarás aproximadamente tres horas para poder ver los diferentes túneles, zonas exteriores y el espectáculo de delfines.","Si te decantas por el Oceanogràfic necesitarás aproximadamente tres horas para poder ver los diferentes túneles, zonas exteriores y el espectáculo de delfines.","Articulos del blog/ciudad-de-las-artes-y-las-ciencias-universo-de-diversion.txt"
"¿Cuánto tiempo necesito para visitar el Museo Príncipe Felipe?","En el Museo Príncipe Felipe, depende del tiempo que quieras extenderte, pero reserva al menos dos horas para esta visita.","En el Museo Príncipe Felipe, depende del tiempo que quieras extenderte, pero reserva al menos dos horas para esta visita;","Articulos del blog/ciudad-de-las-artes-y-las-ciencias-universo-de-diversion.txt"
"¿Cuándo empieza la temporada de la clóchina en Valencia?","La temporada de la clóchina en Valencia empieza en mayo.","a partir de mayo lo hacemos aún más si cabe, porque se inaugura la temporada de la clóchina, clotxina en valenciano","Articulos del blog/clochina-valenciana.txt"
"¿Qué es la clóchina?","La clóchina es un producto similar al mejillón, pero con un sabor y jugosidad superiores.","Sí, con las cruces de mayo y las terrazas soleadas, empieza a servirse y venderse nuestra exquisita clóchina, un producto similar al mejillón pero que lo mejora en sabor y jugosidad.","Articulos del blog/clochina-valenciana.txt"
"¿Cuáles son los meses de la temporada de la clóchina?","La temporada de la clóchina abarca los meses sin 'r', es decir, de mayo a agosto.","Se dice que la temporada de clóchina es la de los meses sin “r” (mayo-agosto), ya que la recolección en las bateas de Valencia va desde la luna llena de abril hasta la menguante de agosto.","Articulos del blog/clochina-valenciana.txt"
"¿Cómo se prepara tradicionalmente la clóchina en Valencia?","La receta tradicional de la clóchina en Valencia es al vapor, cocinada en su propio jugo, aderezándola con limón y pimienta en grano. El ajo y aceite es opcional.","La receta tradicional en València es al vapor, se cocina en su propio jugo, aderezándola solo con un poco de limón y pimienta en grano. El ajo y aceite va por gustos.","Articulos del blog/clochina-valenciana.txt"
"¿Dónde puedo comprar clóchinas en Valencia?","Puedes encontrar clóchinas en mercados, pescaderías y en casi cualquier restaurante de la ciudad. En el barrio del Cabanyal, hay puestos que las venden al peso, como Clóchinas La Rocheta, Valereta y Las Arenas.","En estos meses la clóchina está disponible en mercados y pescaderías, y en casi cualquier restaurante de la ciudad. Además, en el barrio del Cabanyal hay puestos donde se venden saquitos de clóchina al peso, como Clóchinas La Rocheta (Pintor Ferrandis, 16), Valereta (Pintor Ferrandis, 13) y Las Arenas (Eugenia Viñes, 105).","Articulos del blog/clochina-valenciana.txt"
"¿Qué restaurantes me recomiendan para probar clóchinas al vapor?","Para probar clóchinas al vapor, se recomiendan Casa Montaña, La Pepica, Casa Carmela o Casa Navarro.","Casa Montaña, La Pepica, Casa Carmela o Casa Navarro son buenos lugares donde probarlas en su versión más clásica, al vapor.","Articulos del blog/clochina-valenciana.txt"
"¿Qué otros restaurantes sirven clóchinas en Valencia, además de los del Cabanyal?","Además de los restaurantes del Cabanyal, La Pilareta en el barrio del Carmen es un buen lugar para probar clóchinas. También, restaurantes como Habitual o Ma Khin Café en el Mercado de Colón las sirven con recetas más particulares.","Pero también fuera del Cabanyal encontrarás templos de este molusco. La Pilareta, en el barrio del Carmen, es el mejor ejemplo, con una larga barra en la que es el producto estrella. Y algunos restaurantes como Habitual o Ma Khin Café, en el Mercado de Colón, las sirven con recetas más particulares y exóticas.","Articulos del blog/clochina-valenciana.txt"
"¿Cuál es la mejor época para degustar las naranjas de Valencia?","La mejor época para degustar la Naranja València en plena temporada es el mes de diciembre, y desde ahí hasta los días antes de la llegada del verano, allá por junio.","Si nos centramos en lo gastronómico, te diremos que la mejor época para venir a degustar la deliciosa Naranja València (sí, lleva apellido) en plena temporada es el mes de diciembre. Y desde ahí hasta los días antes de la llegada del verano, allá por junio, es un no parar.","Articulos del blog/colores-ciudad-valencia.txt"
"¿Qué es el Agua de Valencia?","El Agua de Valencia es un cóctel refrescante hecho con naranjas de temporada, cava o champagne, ginebra y vodka.","Podemos decir sin miedo a equivocarnos que estamos ante una de las bebidas más refrescantes del país. Se trata de un cóctel que lleva naranjas de temporada, cava o champagne y una miqueta de ginebra y otra de vodka.","Articulos del blog/colores-ciudad-valencia.txt"
"¿Qué reconocimiento ha recibido Valencia en relación con la sostenibilidad?","La ONU ha declarado a Valencia como 'Ciudad Sostenible e Inteligente'. Es la primera localidad europea en conseguirlo y la tercera a nivel mundial en obtener la certificación ISO e ITU al respecto.","València es una ciudad sostenible. Y ojo, porque no lo decimos nosotros: la propia ONU lo ha declarado tal cual: «Ciudad Sostenible e Inteligente». Así, se ha convertido en la primera localidad europea en conseguirlo y es la tercera a nivel mundial en obtener la certificación ISO e ITU al respecto.","Articulos del blog/colores-ciudad-valencia.txt"
"¿Cuál es el parque urbano más grande de España y dónde se encuentra?","El parque urbano más grande de España es el Jardín del Turia, y se encuentra en Valencia.","Lo encuentras, salpicado de otros colores, en los numerosos parques de València. El mejor ejemplo es el parque urbano más grande de España que aquí se encuentra: el Jardín del Turia.","Articulos del blog/colores-ciudad-valencia.txt"
"¿Qué iglesias en Valencia destacan por sus cúpulas azules?","Destacan las cúpulas de la iglesia de las Escuelas de Pías, las del Museo de Bellas Artes, la de la iglesia de Santo Tomás y San Felipe Neri y, por supuesto, las cúpulas azules de la Catedral.","La más grande de todas ellas es la de la iglesia de las Escuelas de Pías, una joya del clasicismo europeo que es posible visitar. Otras que destacan son las del Museo de Bellas Artes (tanto en su interior como en el exterior), la de la iglesia de Santo Tomás y San Felipe Neri y, por supuesto, las cúpulas azules de la Catedral.","Articulos del blog/colores-ciudad-valencia.txt"
"¿Quién diseñó la Ciudad de las Artes y las Ciencias y en qué colores se inspiró?","Calatrava diseñó la Ciudad de las Artes y las Ciencias, inspirándose en los colores blanco y azul.","El blanco, junto con el azul, fueron los colores en los que Calatrava se inspiró para diseñar la Ciudad de las Artes y las Ciencias.","Articulos del blog/colores-ciudad-valencia.txt"
"¿Qué puedo comer en Valencia para una merienda tradicional?","Una merienda tradicional en Valencia consiste en horchata acompañada de fartons.","Y no podemos terminar con el blanco sin mencionar a otra de las bebidas más tradicionales: la horchata, que acompañada de unos fartons hacen una merienda de lo más rica. Che!","Articulos del blog/colores-ciudad-valencia.txt"
"¿Qué puente en Valencia es conocido por estar decorado con flores?","El Puente de las Flores, diseñado por Santiago Calatrava, es conocido por estar decorado con cientos de flores.","Aquí nos vamos a detener para mostrarte el Puente de las Flores, que también lleva la firma de Santiago Calatrava. Aunque se inauguró en 2002, esta pasarela es ya todo un emblema de la ciudad y lugar de obligado selfie gracias a los cientos de flores que lo decoran.","Articulos del blog/colores-ciudad-valencia.txt"
"¿En qué barrios de Valencia puedo encontrar arte callejero?","El arte callejero en Valencia está muy presente en el distrito de Ciutat Vella, los barrios de Russafa y el Cabanyal-Canyamelar.","En València el Street Art está muy presente, sobre todo en el distrito de Ciutat Vella, los barrios de Russafa y el Cabanyal-Canyamelar.","Articulos del blog/colores-ciudad-valencia.txt"
"¿Cuántos naranjos hay aproximadamente en Valencia?","Hay aproximadamente 15.000 naranjos en Valencia.","Miles de naranjos (15.000 concretamente) te van a acompañar en tus paseos dejando ese aroma tan característico y su buena sombra, indispensable para cuando el calor aprieta.","Articulos del blog/colores-ciudad-valencia.txt"
"¿Qué hace que Valencia sea una buena opción para estudiantes Erasmus?","Valencia es una buena opción para estudiantes Erasmus debido a su gran oferta en alojamientos asequibles, su amplia oferta formativa, su clima agradable y su estilo de vida disfrutable.","Estudiar en València es cómodo de verdad sea cual sea tu nacionalidad.
Por la gran oferta en alojamientos, porque es asequible, por su gran oferta formativa, su clima y su estilo de vida.","Articulos del blog/como-exprimir-la-experiencia-de-un-erasmus-en-valencia.txt"
"¿Cuáles son los horarios típicos de comida en Valencia?","En Valencia, se suele comer alrededor de las 2 p.m. (incluso a las 3 p.m. para algunos) y cenar entre las 9 p.m. y las 11 p.m. El desayuno suele ser entre las 7 y las 8 a.m.","Pues adopta las costumbres locales y sé un valenciano o valenciana más, empezando por los horarios: comemos a las 2 p.m. ―¡algunos incluso a las 3 p.m.! ― y cenamos entre las 9 p.m. y las 11 p.m.
Lo del desayuno, pues ya va según los horarios de cada persona, pero entre las 7 y las 8 a.m. es lo normal.","Articulos del blog/como-exprimir-la-experiencia-de-un-erasmus-en-valencia.txt"
"¿Qué es el 'esmorzaret' y por qué es importante en Valencia?","El 'esmorzaret' es un desayuno tardío que se toma entre las 10 y las 11 a.m. Es una costumbre muy valenciana que consiste en un bocadillo gourmet variado, acompañado de aceitunas, encurtidos y cacahuetes del collaret (con cáscara). Es una de las cosas que debes hacer durante tu Erasmus en Valencia.","Igual has oído hablar del esmorzaret, pero, por si todavía no sabes de qué se trata, debes saber que es una costumbre muy valenciana y que tienes que anotar en tus must de cosas que hacer en València durante tu Erasmus.
Es un desayuno tardío ―entre las 10 y las 11 a.m.― en el que se toma bocadillo gourmet de lo más variado, acompañado de aceitunas, encurtidos y cacahuetes del collaret, que son con cáscara.","Articulos del blog/como-exprimir-la-experiencia-de-un-erasmus-en-valencia.txt"
"¿Qué opciones de transporte público hay en Valencia?","En Valencia, puedes usar los autobuses de la EMT, el metro y el tranvía. También hay motos de alquiler y servicio público de alquiler de bicicletas (Valenbisi).","Puedes coger algunos de los autobuses de la EMT, que tiene líneas por toda la urbe. Son rojos y en las paradas podrás ver el tiempo estimado de llegada. También puedes consultarlo en su App. Descárgatela, que va genial.
También tenemos metro y tranvía: combinando ambos puedes llegar a todas partes y su horario es muy extenso, de 4 a.m. a 11:30 p.m., nada más y nada menos.
Si eres más de ir a tu rollo, hay un montón de motos de alquiler de empresas privadas por la ciudad que funcionan muy bien.
Y, por último, pero no por eso menos importante, puedes moverte en bicicleta.","Articulos del blog/como-exprimir-la-experiencia-de-un-erasmus-en-valencia.txt"
"¿Qué lugares de interés turístico se recomiendan visitar en Valencia?","Se recomiendan visitar la Catedral de Valencia (y subir al Miguelete), la Lonja de la Seda, el Mercado Central, las Torres de Serranos, el Centro Histórico, la Alameda, la Ciudad de las Artes y las Ciencias, el Oceanográfico, el Ensanche, Ruzafa, la Marina, las Playas, el Barrio del Cabañal, Bioparc y el Parque de Cabecera.","Empezando por el rico patrimonio de la ciudad como la Catedral de València, que guarda el Santo Grial y desde su torre ―El Miguelete― puedes divisar toda la ciudad, o La Lonja de la Seda, que es patrimonio de la Humanidad, el modernista Mercado Central, las Torres de Serranos y un largo etcétera de monumentos en València que han ido floreciendo a lo largo de  dos milenios de historia.
Todos los barrios tienen encantos dignos de visita. Ahí van las principales zonas de València, para que te puedas ir planificando:

El Centro Histórico: es el más antiguo y el que más cosas ha visto pasar a lo largo de la historia. Además de monumentos, tiene mil barecitos con encanto.
La Alameda, Ciudad de las Artes y las Ciencias y Oceanográfico: el barrio más vanguardista y con más jardines ilustres.
Ensanche y Ruzafa: las zonas con más sabor, perfectas para perderte en sus calles, sumergirte en la mejor gastronomía e ir de compras.
Marina, Playas y el Barrio del Cabañal: a orillas del mar, para ir a la playa, callejear o comer de lujo.
Bioparc y Parque de Cabecera: un mega parque donde pasar un día tranquilo con amigos y una vista a un pedacito de África.","Articulos del blog/como-exprimir-la-experiencia-de-un-erasmus-en-valencia.txt"
"¿Dónde puedo encontrar zonas verdes en Valencia?","Valencia tiene muchas zonas verdes, incluyendo el Jardín del Turia (un jardín de 9 kilómetros en el antiguo cauce del río), el Parque Central, el Parque de Cabecera, el Parque del Turia, los Jardines del Real y el Jardín de Monforte. También cerca está el Parque Natural de l’Albufera.","Que València es muy verde lo verás en cuanto llegues porque, para empezar, la ciudad está partida en dos de este a oeste por una gran área ajardinada: el lado izquierdo y el derecho del río Turia.
En su lugar hay un gigantesco jardín conocido como el Jardín del Turia, que es un auténtico oasis en medio de la urbe: son 9 kilómetros de espacio verde transitable, pensado para la gente y que ocupa el antiguo cauce del río.
Pero parques y jardines hay unos cuantos en València, unos más grandes como el Parque Central, el de Cabecera o el del Turia. Y otros más recoletos en los que perderse como los Jardines del Real o el Jardín de Monforte.
Y muy cerquita de la ciudad está la joya de la corona: el Parque Natural de l’Albufera","Articulos del blog/como-exprimir-la-experiencia-de-un-erasmus-en-valencia.txt"
"¿Qué debo hacer si quiero disfrutar de la vida nocturna en Valencia?","Para disfrutar de la vida nocturna en Valencia, puedes visitar el Barrio del Carmen y Ruzafa para tapeo y copas, o la Marina de València y la zona de la Ciudad de las Artes y las Ciencias para discotecas y clubs. Recuerda ser respetuoso con los vecinos.","Sobre todo, los fines de semana, las calles son un hervidero de gente disfrutando de la gastronomía, las terrazas, pubs y discotecas.
Los barrios más populares para tapeo y copas son el Barrio del Carmen y el de Ruzafa.
Y los favoritos para ir a discotecas y clubs, la Marina de València y la zona de la Ciudad de las Artes y las Ciencias.
Ya que estamos, por favor, contribuye a que València siga siendo la ciudad amable que es y pon todo tu esfuerzo en no molestar a los vecinos cuando salgas por la noche. Nada de beber, cantar o gritar en la calle… ya sabes.","Articulos del blog/como-exprimir-la-experiencia-de-un-erasmus-en-valencia.txt"
"¿Qué actividades me convertirán en un 'valenciano adoptivo'?","Algunas actividades que te harán sentir como un valenciano más son subir al Miguelete, ver el atardecer en l’Albufera, comer paella los domingos, aprender a cocinar una paella valenciana, ver una mascletà en Fallas, vivir una ofrenda y una cremà, ir de esmorzaret y vermut, tomar horchata y fartons, y conocer Mestalla y animar al Valencia C.F.","Subir al Miguelete.
Ver el atardecer en l’Albufera.
Comer paella los domingos.
Aprender a cocinar una paella valenciana clásica.
Ver una mascletà en Fallas al solecito de un día entre semana de marzo.
Vivir una ofrenda y una cremà en primera fila. Las Fallas no te las puedes perder.
Ir de esmorzaret el sábado y empalmar con el vermut ―es como llamamos al aperitivo―. Y del vermut, directos a la comida.
Tomar una horchata u orxata y fartons de los auténticos.
Conocer Mestalla y ver un partido del València C.F. No olvides animar al equipo local con un «Amunt València».","Articulos del blog/como-exprimir-la-experiencia-de-un-erasmus-en-valencia.txt"
"¿Cómo puedo estar al tanto de los eventos que ocurren en Valencia?","Para enterarte de los eventos en Valencia, puedes consultar la agenda de la ciudad. Si te interesa la gastronomía, puedes suscribirte al blog Delicious València.","Si quieres enterarte de lo que se cuece en València durante tu estancia, tienes la agenda a tu disposición. Te enterarás de los mercadillos, conciertos, exposiciones, festivales, presentaciones, ferias gastronómicas, eventos deportivos y demás saraos que suceden en la ciudad.
Y si eres foodie, además, deberías suscribirte al blog Delicious València para estar al tanto de todas las novedades.","Articulos del blog/como-exprimir-la-experiencia-de-un-erasmus-en-valencia.txt"
"¿Cuál es una bebida local que se puede disfrutar en las terrazas de Valencia?","Un clásico local que se puede disfrutar en las terrazas de Valencia es el Agua de Valencia.","¿Y qué mejor forma de hacerlo que tomando unas copas en alguna de las muchas terrazas que proliferan por la ciudad? Las hay con vistas, en barrios céntricos o junto al mar… Tienes un montón de sitios para elegir y disfrutar de unas cervezas, un cóctel o de un clásico local, el Agua de València.","Articulos del blog/copas-mejores-terrazas-verano-valencia.txt"
"¿Dónde puedo encontrar la terraza Atenea Sky y qué ofrece?","Atenea Sky se encuentra en la octava planta del edificio Ateneo, accesible por la Calle Moratín, 12. Ofrece vistas 360 de la ciudad, coctelería, música en directo y gastronomía.","Con la Plaza del Ayuntamiento a sus pies y vistas 360 de toda la ciudad, este espacio situado en la octava planta del edificio Ateneo se ha convertido en una de las mejores opciones del centro tanto de día como de noche gracias a su coctelería, música en directo, gastronomía y buen rollo. Accede por Calle Moratín, 12, reservas únicamente disponibles en su web para comer, cenar o entrada al mirador SKY360.","Articulos del blog/copas-mejores-terrazas-verano-valencia.txt"
"¿Cuál es el horario de la Terraza del Café Madrid y qué vistas ofrece?","La Terraza del Café Madrid abre de jueves a sábado de 20:00 h hasta las 00:00 h, y los domingos de 12:00 h a 22:00 h. Ofrece vistas al Palacio del Marqués de Dos Aguas.","No es necesario ser huésped del hotel y abre de jueves a sábado de 20:00 h hasta las 00:00 h, y los domingos de 12:00 h a 22:00 h. Ideal para tomar su emblemática agua de València o lo que quieras con vistas al Palacio del Marqués de Dos Aguas.","Articulos del blog/copas-mejores-terrazas-verano-valencia.txt"
"¿Qué tipo de ambiente ofrece Kamikaze Terrace Sky Bar?","Kamikaze Terrace Sky Bar ofrece un espacio para escapar del bullicio, disfrutar de una comida exquisita y una copa de vino, con música en directo por las noches.","La exclusiva y coqueta terraza del hotel NH Collection Valencia-Colón, ubicada en pleno centro de València, es un espacio donde escapar del bullicio y disfrutar de una comida exquisita y una copa de tu vino favorito de la amplia bodega del hotel. Por las noches, este espacio se llena además de música en directo.","Articulos del blog/copas-mejores-terrazas-verano-valencia.txt"
"¿Qué se puede ver desde la terraza 270 grados?","Desde la terraza 270 grados, ubicada en la azotea del Hotel Barceló, se puede disfrutar de vistas impresionantes del complejo de la Ciutat de les Arts i les Ciències.","Si te gustan las alturas, en la azotea del Hotel Barceló podrás disfrutar de una de las vistas más impresionantes de València desde la décima planta, con todo el complejo de la Ciutat de les Arts y les Ciències a tus pies.","Articulos del blog/copas-mejores-terrazas-verano-valencia.txt"
"¿Cuándo está abierta la terraza de L'Umbracle y qué tipo de ambiente ofrece?","La terraza de L’Umbracle abre en los meses estivales y es un clásico de la noche valenciana, perfecto para las noches de verano. Ofrece un ambiente con exuberante vegetación, juegos de luces y música para bailar.","Abre en los meses estivales. Todo un clásico de la noche valenciana, perfecto para las noches de verano. ¿Qué mejor que tomarse unas copas entre la exuberante vegetación de los jardines de L’Umbracle, o bailar a ritmo de mambo o de la música en alguna de sus fiestas? Magníficos sus juegos de luces que se fusionan de maravilla con la majestuosidad de este espacio concebido por Santiago Calatrava.","Articulos del blog/copas-mejores-terrazas-verano-valencia.txt"
"¿Qué tipo de vistas ofrece The Roof?","The Roof ofrece una de las mejores panorámicas del litoral desde la Marina de València.","Es la terraza del restaurante El camarote & The Roof. Es un lugar idóneo para pasar del tardeo al nocturneo con una de las mejores panorámicas del litoral desde la Marina de València.","Articulos del blog/copas-mejores-terrazas-verano-valencia.txt"
"¿Dónde se encuentra la Terraza Malabar y qué ofrece?","La Terraza Malabar se encuentra en la primera planta del edificio Veles e Vents, con vistas a la Marina de València. Ofrece cervezas, sesiones de DJs, música en directo y copas premium.","¿Quieres algo más informal? Apúntate a tomarte unas cervezas bien fresquitas en la Terraza Malabar en la primera planta del edificio Veles e Vents, con vistas a la Marina de València. Una terraza donde disfrutar de la brisa del mar con sesiones de DJs, música en directo y copas premium.","Articulos del blog/copas-mejores-terrazas-verano-valencia.txt"
"¿Qué tipo de experiencia ofrece el Hotel Las Arenas?","El Hotel Las Arenas ofrece una experiencia relajada y clásica, con copas en una extensa terraza con vistas a los jardines, edificios neoclásicos y el Mediterráneo.","Si prefieres algo más relajado y clásico, en la extensa terraza del Hotel Las Arena puedes disfrutar de unas copas con vistas a los jardines rodeados por los imponentes edificios neoclásicos del hotel y el Mediterráneo al fondo… ¡puro relax!","Articulos del blog/copas-mejores-terrazas-verano-valencia.txt"
"¿Qué especialidades se pueden probar en Terraza Sky Sabbia by Gabbeach?","En Terraza Sky Sabbia by Gabbeach se pueden probar los big fruits, servidos en cáscaras de sandía o melón, y su famoso mojito.","No puedes irte sin probar su especialidad, los big fruits, que vienen servidos en cáscaras de sandía o melón, o rendirte a las bondades de su famoso mojito.","Articulos del blog/copas-mejores-terrazas-verano-valencia.txt"
"¿Qué vistas se pueden disfrutar desde el Sky Bar del Sea You Hotel Port València?","Desde el Sky Bar del Sea You Hotel Port València se puede disfrutar de una vista completa del puerto y la costa, así como de la Plaça del Tribunal de les Aigues o las Reales Atarazanas con el Mediterráneo al fondo.","Y si quieres una vista completa del puerto y la costa, súbete a la octava planta del Sea You Hotel Port València y siente la brisa marina con un cóctel en la mano. Preciosas vistas a la Plaça del Tribunal de les Aigues o a las Reales Atarazanas con el Mediterráneo al fondo.","Articulos del blog/copas-mejores-terrazas-verano-valencia.txt"
"¿Qué tipo de ambiente se puede encontrar en Mercabañal?","Mercabañal ofrece un espacio con numerosas terrazas al aire libre y en altura, con una variedad de propuestas gourmet y un ambiente de tardeo con copas.","Ubicado en pleno corazón del barrio del Cabanyal, el barrio de pescadores y uno de los que más de moda está en la ciudad. Es un espacio con numerosas terrazas al aire libre y en altura en el que se puede comer casi cualquier cosa de calidad (reúne varias propuestas gourmet). Pero también podrás disfrutar de un tardeo con una buena copa en la mano.","Articulos del blog/copas-mejores-terrazas-verano-valencia.txt"
"¿Dónde se encuentra Nou Racó y qué ofrece?","Nou Racó se encuentra en l’Albufera y ofrece la oportunidad de disfrutar de cócteles con vistas al Parque Natural.","Esta es una propuesta para gozar de la belleza, la calma y la tranquilidad de nuestro espacio natural más destacado: l’Albufera. Disfruta del sol y el buen tiempo con un buen cóctel en los exteriores de Nou Racó. Marida la gran selección de sus cócteles, desde el mojito, margarita, cosmopolitan, gin-tonic, caipiriña o piña colada, con las impresionantes vistas que ofrece el Parque Natural donde se ubica.","Articulos del blog/copas-mejores-terrazas-verano-valencia.txt"
"¿Qué ofrece Àtic?","Àtic es la propuesta más desenfadada del Restaurante Palau de la Alameda, donde se celebran tardeos y veladas nocturnas con música de DJs y música en directo.","Es la propuesta más desenfadada y con mejores vistas del Restaurante Palau de la Alameda. Aquí se celebran los tardeos y las veladas nocturnas con música de DJs y música en directo. Muy animado los fines de semana. Buenas copas.","Articulos del blog/copas-mejores-terrazas-verano-valencia.txt"
"¿Qué hace especial a la Coctelería al Nú?","La Coctelería al Nú destaca por la alquimia culinaria de la chef Begoña Rodrigo en sus combinados, creados por el bartender Denys Cherkasov, y su ubicación en un jardín de un palacete decimonónico en Russafa.","Acabamos nuestra selección de terrazas con la propuesta más especial, la que la chef con una estrella Michelin, Begoña Rodrigo, ha creado en su Coctelería al Nú. El reputado bartender Denys Cherkasov, ha trasladado a sus propuestas líquidas la alquimia culinaria de Rodrigo, basada en el uso preciso de especias y hierbas aromáticas. Ponte en sus manos y sumérgete en sus combinados en formato Highball (trago largo). El encanto del lugar, un amplio jardín en un palacete decimonónico en el barrio de Russafa, completa la experiencia.","Articulos del blog/copas-mejores-terrazas-verano-valencia.txt"
"¿Cuál es el origen probable del carajillo?","El origen probable del carajillo se remonta a la isla de Cuba, durante las guerras de España a finales del siglo XIX para mantener sus territorios coloniales. Los soldados españoles enriquecían sus cafés con brandy para darse valor, y posteriormente sustituyeron el brandy por ron caribeño debido a problemas de suministro.","Dicen las crónicas históricas que, muy posiblemente, el origen del carajillo se remonte a lejanas tierras de ultramar, concretamente a la isla de Cuba, donde España libró, a finales del siglo XIX, una guerra para tratar de mantener sus últimos territorios coloniales. Los soldados de la metrópoli, alejados de sus hogares, trataban de infundirse valor para el combate (“corajillo”) a base de enriquecer sus cafés con el brandy que les llegaba desde España. Los problemas de suministro hicieron que este coñac fuera sustituido progresivamente por el muy abundante ron caribeño.","Articulos del blog/cremaet-un-imprescindible-valenciano-para-los-amantes-del-cafe.txt"
"¿Qué es el cremaet?","El cremaet es una variante valenciana del carajillo, considerada una excelencia gastronómica. Es la pareja ideal de los bocatas del ""esmorzaret valencià"" y un excelente final para comidas o cenas.","Y así surge el cremaet, pareja de hecho de los bocatas del mundialmente célebre esmorzaret valencià y broche de oro de las grandes comidas o cenas.","Articulos del blog/cremaet-un-imprescindible-valenciano-para-los-amantes-del-cafe.txt"
"¿Cómo se prepara un cremaet?","Para preparar un cremaet, se atempera el alcohol con azúcar o miel, granos tostados de café, canela en rama y corteza de limón o naranja. Se prende la mezcla para reducir el alcohol y hacerla más suave. Se sirve en un vaso chato de cristal o vasija de barro, añadiendo una cantidad equivalente a un espresso.","Su elaboración requiere temple, mimo y dulzura. Se atempera el aporte alcohólico con azúcar o miel (para los muy golosos), unos granos tostados de café, canelita en rama y una corteza de limón (o de naranja). Se prende la delicada mezcla para disminuir su aportación alcohólica y hacerla más gustosa y suave. Por último, pero no menos crucial, se sirve en vasito chato de cristal o vasija de barro, añadiendo el equivalente de lo que los italianos dirían un espresso.","Articulos del blog/cremaet-un-imprescindible-valenciano-para-los-amantes-del-cafe.txt"
"¿Dónde puedo probar un buen cremaet en Valencia?","Aunque la cultura del cremaet está presente en muchos bares y restaurantes de Valencia, se recomienda buscar locales especializados en ""esmorzarets"". Algunos ejemplos son: Central Bar (Mercado Central), Gastro Trinquet de Pelayo (Pelayo, 6), Bar Cremaet (Avinguda del Port, 20), Bar Mistela (Riu Nervión, 11), Bar Marvi (Santos Just i Pastor, 14), El Trocito del Medio (Blanes, 1), La Pascuala (Dr. Lluch, 299), Casa Guillermo (Progrés, 15), La Bernarda (Cobertis de Sant Tomás, 7), Bar Rojas Clemente (Plaza Rojas Clemente).","Aunque en toda la ciudad la cultura del cremaet está muy presente en bares y algunos restaurantes, es importante seguir la pista de los locales que están especializados en esmorzarets para sorber uno en condiciones. Valga como ejemplo esta lista de candidatos a una experiencia muy grata: Central Bar (Mercado Central), Gastro Trinquet de Pelayo (Pelayo, 6), Bar Cremaet (Avinguda del Port, 20), Bar Mistela (Riu Nervión, 11), Bar Marvi (Santos Just i Pastor, 14), El Trocito del Medio (Blanes, 1), La Pascuala (Dr. Lluch, 299), Casa Guillermo (Progrés, 15), La Bernarda (Cobertis de Sant Tomás, 7), Bar Rojas Clemente (Plaza Rojas Clemente) y tantos otros.","Articulos del blog/cremaet-un-imprescindible-valenciano-para-los-amantes-del-cafe.txt"
"¿Qué otra bebida similar al cremaet se menciona en el texto?","Además del cremaet, se menciona el bombón, que es café con leche condensada, y que a veces se le añade ron u otro licor.","O también puedes decantarte por el bombón, café y leche condensada, que en ocasiones también puede ir tocado de ron o similar.","Articulos del blog/cremaet-un-imprescindible-valenciano-para-los-amantes-del-cafe.txt"
"¿Qué se añade al café en el carajillo?","Al café en el carajillo se le añade un licor, que puede ser brandy, anisados, ron, whisky, entre otros.","Existen tantos carajillos como licores pueden cortejar al café: brandy, anisados, ron, whisky… y un largo etcétera.","Articulos del blog/cremaet-un-imprescindible-valenciano-para-los-amantes-del-cafe.txt"
"¿Qué puedo hacer con niños en la Ciudad de las Artes y las Ciencias?","En la Ciudad de las Artes y las Ciencias puedes sorprender a tus hijos enseñándoles cómo funcionan las ondas de sonido en los arcos de las entradas del Museu de les Ciències. También puedes tomar el selfie más codiciado en las letras gigantes de València cerca del Hemisfèric.","La Ciutat de les Arts i les Ciències es un imprescindible en las visitas por la ciudad. Sorprende a tu hijo y enséñale cómo funcionan las ondas de sonido. Acércate a los arcos de las entradas del Museu de les Ciències, colocaos cada uno en un extremo y hablad. A pesar de que hay cerca de 50 metros de distancia, ¡os escucharéis perfectamente sin que nadie se entere de lo que os contáis! Si caminas hacia el Hemisfèric, te encontrarás con el selfie más codiciado de estos días: el de las letras gigantes de València, ¡no os váis a poder resistir!","Articulos del blog/curiosidades-barrios-de-valencia-para-contar-ninos.txt"
"¿Por qué el Jardín del Turia se llama río si no tiene agua?","El Jardín del Turia se llama río porque antiguamente era el cauce del río Turia. Tras las inundaciones de 1957, se decidió desviar el río hacia el sur de la ciudad, dejando el antiguo cauce seco. La presión vecinal impidió que se construyera una autopista en su lugar, y en los años 80 se convirtió en una zona ajardinada.","A nuestros visitantes los volvemos locos cuando les damos indicaciones sobre cómo llegar a algún atractivo turístico. Que si al otro lado del río, que si cruzando el río encontrarás…. Seguimos llamando río a lo que ya no es y ellos buscan el agua donde ya no la hay. La mejor historia para contar a tus hijos si paseas por el Jardín del Turia, es la de cómo se decidió cambiarlo hasta convertirlo en un auténtico pulmón verde de la ciudad. Y es que, tras las inundaciones de 1957, se decidió desviar el río hacia el sur de la ciudad. Pero quedaba el trabajo de qué hacer con unos terrenos que se quedaban desiertos. Una de las propuestas fue construir una autopista de 12 pistas que cruzara la ciudad, un proyecto que se puede ver en el Museo de Historia de València. Afortunadamente, la presión vecinal hizo que esta idea se abandonara en pro de convertir el antiguo cauce en una zona ajardinada que comenzaría a desarrollarse en los años 80, con la intervención del arquitecto Ricardo Bofill en el primero de los tramos que se ejecutaron, junto al Palau de la Música.","Articulos del blog/curiosidades-barrios-de-valencia-para-contar-ninos.txt"
"¿De dónde viene el nombre de la playa de la Malvarrosa?","El nombre de la playa de la Malvarrosa proviene de 1856, cuando el Cabanyal era una zona de marjal. El botánico francés Jean Felix Robillard Closier transformó un área pantanosa en huertos de flores conocidas como malvarrosas, utilizándolas para crear aceites esenciales en una fábrica cercana.","La playa más famosa de València es la de la Malvarrosa. ¿Te has preguntado alguna vez de dónde viene su nombre? Pues la historia se remonta a 1856, cuando el Cabanyal era una zona de marjal, ¿te lo imaginas? El botánico francés Jean Felix Robillard Closier, que por entonces colaboraba en nuestro espectacular Jardín Botánico, transformó un área pantanosa en fértiles huertos de las flores conocidas popularmente como malvarrosas (alcea rosea), utilizándolas para crear aceites esenciales en una fábrica que instaló muy cerca de los campos.","Articulos del blog/curiosidades-barrios-de-valencia-para-contar-ninos.txt"
"¿Qué pasó en el barrio del Ensanche relacionado con el cólera?","En el barrio del Ensanche, en 1885, el médico catalán Jaime Ferrán investigaba la curación del cólera y descubrió la vacuna contra la enfermedad en una vivienda de la calle Pascual y Genís, número 22. Hay una placa en la fachada con su busto.","Por entonces, y hablamos de 1885, el médico catalán Jaime Ferrán investigaba la curación del cólera con grandes avances, por lo que fue llamado a València por las autoridades locales para tratar de mitigar el contagio de la enfermedad. Se instaló en una vivienda del Ensanche para seguir avanzando en sus investigaciones. Y fue allí, en una cocina habilitada como un rudimentario laboratorio, donde descubrió la vacuna contra la enfermedad. Así que, si paseas por el barrio del Ensanche, acércate hasta el número 22 de la calle Pascual y Genís. En la fachada encontrarás una placa esculpida con el busto del médico Jaime Ferrán, la excusa perfecta para preguntarle a tus hijos: ¿sabes por qué se hizo famoso este señor?","Articulos del blog/curiosidades-barrios-de-valencia-para-contar-ninos.txt"
"¿Dónde puedo ver una escultura inspirada en la Dama de Elche en Valencia?","Puedes ver la escultura de la Dama Ibérica, inspirada en la Dama de Elche, en la rotonda de la Avenida de Cortes Valencianas, cerca del Palacio de Congresos. Fue un regalo a la ciudad gracias al mecenazgo de empresas privadas y el artista Manolo Valdés.","Se trata de la escultura de 18 metros de altura inspirada en la Dama de Elche, una figura íbera de piedra caliza que hoy se custodia en el Museo Arqueológico Nacional de Madrid. La de aquí, conocida como Dama Ibérica, está formada por 22.000 miniaturas de apenas 20 centímetros de la escultura que se ve y se encuentra en la rotonda de la Avenida de Cortes Valencianas desde 2007, en las proximidades del Palacio de Congresos.","Articulos del blog/curiosidades-barrios-de-valencia-para-contar-ninos.txt"
"¿Qué escultura de Manolo Valdés puedo ver en la Marina de València?","En la Marina de València puedes ver la escultura La Pamela, una cabeza femenina enorme que se protege del sol mediterráneo cubriéndose con una pamela. Forma parte de una serie de bustos gigantes inspirados en Henri Matisse.","Otra de las obras de Valdés se puede contemplar en la Marina de València, pues allí se exhibe la escultura La Pamela, una cabeza femenina enorme que se protege del sol mediterráneo cubriéndose con una pamela. Esta elegante dama llegó hasta el lado más marinero de la ciudad de la mano de la Fundación Hortensia Herrero y forma parte de una serie de bustos gigantes inspirados en Henri Matisse a los que Valdés añadió objetos cotidianos.","Articulos del blog/curiosidades-barrios-de-valencia-para-contar-ninos.txt"
"¿Dónde está el Santo Grial en Valencia?","El Santo Grial se encuentra en la catedral de Valencia, en la capilla que lleva su nombre. Puedes acercarte para ver la parte superior, una copa tallada en piedra de calcedonia que data de la época de Jesús de Nazaret.","Puedes ver el Santo Grial si visitas la catedral y accedes a la capilla que lleva su nombre. Acércate todo lo que puedas. Verás que la parte superior, una sencilla copa tallada en piedra de calcedonia, destaca del resto. Esta sección es la que está fechada en la época de Jesús de Nazaret.","Articulos del blog/curiosidades-barrios-de-valencia-para-contar-ninos.txt"
"¿Qué ocurrió con las obras del Museo del Prado durante la Guerra Civil?","Durante la Guerra Civil Española, las Torres de Serranos albergaron la mayor colección de arte pictórico del Museo del Prado para protegerla de los bombardeos en Madrid. Los lienzos estuvieron protegidos en la base de las Torres por sacos terreros desde finales de 1936 hasta abril de 1938.","Las Torres de Serranos, una de las antiguas vías de acceso a la ciudad medieval, impresionan por su majestuosidad. Pero, ¿sabes que durante meses albergaron la mayor colección de arte pictórico del Museo del Prado? Fue a finales de 1936, durante la guerra civil española. Ante los bombardeos que sufría Madrid, y que llegaron a afectar a la principal pinacoteca estatal, se trasladaron por carretera los principales lienzos para salvarlos de las llamas. En la base de las Torres permanecieron protegidos por un montón de sacos terreros. Permanecieron allí hasta abril de 1938.","Articulos del blog/curiosidades-barrios-de-valencia-para-contar-ninos.txt"
"¿Qué puedo ver en la Casa de los Gatos?","En la Casa de los Gatos, ubicada en el número 9 de la calle Museo, puedes observar una casita en miniatura con detalles como cortinas en las ventanas, una entrada principal y una fuente. También puedes ver la inscripción en memoria de la entrada del Cid en la ciudad y un azulejo que indica hasta dónde llegó la riada de 1957.","Vamos a terminar nuestro paseo con la Casa de los Gatos, una casita en miniatura en el número 9 de la calle Museo. Fíjate bien de cerca: las cortinas de las ventanas, la entrada principal, la fuente junto a la puerta… no faltan detalles! Hasta la inscripción que su autor escribió en 1904, en memoria de la entrada del Cid en la ciudad, tras un largo asedio, en el que sólo quedaron “cuatro gatos” en el actual Barrio del Carmen. Y una curiosidad más. Mirando de frente la casa, verás un azulejo con la señal de hasta dónde llegó la última riada en la ciudad, la de 1957.","Articulos del blog/curiosidades-barrios-de-valencia-para-contar-ninos.txt"
"¿Qué significan las marcas en las Torres de Quart?","Las marcas esféricas que se observan en las Torres de Quart son producto de los cañonazos que recibieron cuando las huestes napoleónicas sitiaron la ciudad.","Pese a la fortaleza de esta construcción, las muchas vicisitudes experimentadas han dejado profundas huellas en sus muros. Fíjate en las marcas esféricas que presentan, producto de los cañonazos que recibieron cuando las huestes napoleónicas sitiaron la ciudad.","Articulos del blog/curiosidades-barrios-de-valencia-para-contar-ninos.txt"
"¿Cuánto mide el Jardín del Turia?","El Jardín del Turia tiene una longitud de 9 kilómetros.","PD: El Jardín del Turia tiene una longitud de 9 kilómetros.","Articulos del blog/curiosidades-barrios-de-valencia-para-contar-ninos.txt"
"¿Qué puedo esperar encontrar en Valencia además de la paella y la Ciudad de las Artes y las Ciencias?","Además de la paella valenciana y la visita a la Ciudad de las Artes y las Ciencias, Valencia guarda algunas sorpresas para ti, como un cocodrilo disecado en una iglesia, gárgolas irreverentes en la Lonja de la Seda, la casa más estrecha y una mansión para gatos.","Puedes tener todo eso y más en tu plan… pero València también guarda algunas sorpresas para ti.","Articulos del blog/dejate-sorprender-por-valencia.txt"
"¿Dónde puedo encontrar un cocodrilo disecado en Valencia?","Puedes encontrar un cocodrilo disecado en el Real Colegio Seminario del Corpus Christi, o del Patriarca, ubicado en la calle Nave, 1. Se le conoce como el ""dragón del Patriarca"".","Eso es precisamente lo que verás en el Real Colegio Seminario del Corpus Christi, o del Patriarca (calle Nave, 1). El llamado “dragón del Patriarca” tiene su propia leyenda","Articulos del blog/dejate-sorprender-por-valencia.txt"
"¿Qué tipo de esculturas inusuales puedo encontrar en la Lonja de la Seda?","En la Lonja de la Seda puedes encontrar algunas de las esculturas más obscenas, con gárgolas y decoraciones en la fachada con explícitas connotaciones sexuales o escatológicas.","Pero también alberga algunas de las esculturas más obscenas. Eleva la vista a sus gárgolas, o incluso algunas decoraciones de la fachada, con explícitas connotaciones sexuales o escatológicas.","Articulos del blog/dejate-sorprender-por-valencia.txt"
"¿Dónde se encuentra la casa más estrecha de Valencia y cuánto mide?","La casa más estrecha de Valencia se encuentra en el número 6 de la Plaza Lope de Vega y tiene solo 107 centímetros de fachada.","Y es que, con solo 107 centímetros de fachada, el número 6 de la Plaza Lope de Vega tiene buen motivo para llamarse La Estrecha.","Articulos del blog/dejate-sorprender-por-valencia.txt"
"¿Dónde puedo encontrar la Casa de los Gatos en Valencia?","La Casa de los Gatos se encuentra en el Barrio del Carmen, en el número 9 de la calle Museo. Es una miniatura de una mansión valenciana pintada en el muro.","En el Barrio del Carmen, los felinos tienen dirección propia. En el número 9 de la calle Museo encontrarás la Casa de los Gatos – en realidad una miniatura de una típica mansión valenciana pintada en el muro, escondiendo una auténtica gatera.","Articulos del blog/dejate-sorprender-por-valencia.txt"
"¿Dónde se encuentra el Santo Grial en Valencia?","El Santo Grial, o al menos la copa que se considera como tal, se encuentra en una capilla de la Catedral de Valencia.","Al menos para los creyentes, la copa que se expone en una capilla de la Catedral de València es el auténtico Santo Cáliz utilizado por Cristo en la Última Cena, algo corroborado oficialmente por el Vaticano.","Articulos del blog/dejate-sorprender-por-valencia.txt"
"¿Qué dice la leyenda sobre el 'dragón del Patriarca' en el Real Colegio Seminario del Corpus Christi?","Según la leyenda que contó Blasco Ibáñez, el 'dragón del Patriarca' atacará a los que hablen en misa.","El llamado “dragón del Patriarca” tiene su propia leyenda, que ya contó en su día el autor valenciano Blasco Ibáñez, que dice que atacará a los que hablen en misa","Articulos del blog/dejate-sorprender-por-valencia.txt"
"¿Qué puedo hacer en la casa más estrecha de Valencia?","En la casa más estrecha de Valencia, que ahora es una extensión de un bar adjunto, puedes tomarte unas tapas.","Sea o no sea la casa más estrecha, merece la pena parar a hacer una foto y, por qué no, ¡a tomarse unas tapas!","Articulos del blog/dejate-sorprender-por-valencia.txt"
"¿Por qué El Cabanyal es considerado un barrio de moda en Valencia?","El Cabanyal se ha convertido en una zona de moda en Valencia y fue incluido por The Guardian en el ranking de los 10 barrios más cool de Europa debido a su arte, sus casas de estilo modernista popular con fachadas de colores, sus pequeños comercios y tabernas que conservan el encanto del antiguo barrio de pescadores.","Este antiguo barrio marinero se ha convertido en una de las zonas de moda en València, no es casualidad que el periódico británico The Guardian lo incluyese en el ranking de los 10 barrios más cool de Europa. Porque El Cabanyal es puro arte se mire por donde se mire.


Desde sus típicas casas de estilo modernista popular con fachadas de alegres colores hasta sus pequeños comercios y tabernas, que todavía conservan el encanto del que un día fue el barrio de los pescadores y aún guarda su esencia.","Articulos del blog/descubre-el-cabanyal-un-barrio-de-pescadores-de-lo-mas-cool.txt"
"¿Qué puedo ver en El Cabanyal relacionado con su historia pesquera?","Puedes explorar ""Camins de la Pesca"", una iniciativa que propone itinerarios para descubrir la historia, la arquitectura, el urbanismo, la política, la pintura, la literatura, la gastronomía, la memoria y la identidad pesquera de los poblados marítimos de Valencia. Te ofrece una buena guía del barrio y te descubrirá la historia de muchos edificios.","Los barrios de El Cabanyal y Canyamelar albergan el mayor patrimonio histórico pesquero de la ciudad. Por ello, debes comenzar tu visita con una retrospectiva de la tradición y costumbres de aquellos lugares donde se guardaban las barcas, los bueyes, las redes y los utensilios de pesca, los talleres de construcción de barcos o de la antigua lonja de pescado. Para hacerlo, echa un vistazo a “Camins de la Pesca” -una iniciativa que propone itinerarios por los que transitar la historia, la arquitectura, el urbanismo, la política, la pintura, la literatura, la gastronomía, la memoria y la identidad pesquera de los poblados marítimos de València-. Ofrece una buena guía de este barrio y te descubrirá la historia de muchos edificios.","Articulos del blog/descubre-el-cabanyal-un-barrio-de-pescadores-de-lo-mas-cool.txt"
"¿Dónde puedo disfrutar de un almuerzo típico valenciano en El Cabanyal?","En El Cabanyal encontrarás algunas tabernas emblemáticas para disfrutar del almuerzo a la valenciana, como La Aldeana, Casa Guillermo o La Pascuala.","En El Cabanyal encontrarás algunas tabernas emblemáticas para disfrutar de ese momento único, como La Aldeana, Casa Guillermo o La Pascuala.","Articulos del blog/descubre-el-cabanyal-un-barrio-de-pescadores-de-lo-mas-cool.txt"
"¿Dónde puedo ir a tapear y beber buen vino en El Cabanyal?","Puedes acercarte a Casa Montaña, fundada en 1836, que tiene una de las mejores bodegas de la ciudad con más de mil referencias. Está en la Calle Benlliure, 69.","Pero si prefieres el tapeo no dejes pasar la oportunidad de acercarte a Casa Montaña, “la casa del buen vino y del buen producto”, como reza su letrero. Fundada en 1836, tiene una de las mejores bodegas de la ciudad con más de mil referencias de todo el mundo. La encontrarás en la Calle Benlliure, 69.","Articulos del blog/descubre-el-cabanyal-un-barrio-de-pescadores-de-lo-mas-cool.txt"
"¿Qué restaurantes con buenas vistas al mar puedo encontrar cerca de El Cabanyal?","En La Marina de València, en el edificio Veles e Vents, puedes encontrar los restaurantes Hoja Malabar, La Marítima y La Sucursal. La Sucursal, en el ático, tiene dos Soles Repsol y vistas privilegiadas.","Si das un paseo hasta La Marina de València tendrás la oportunidad de disfrutar de unas vistas inmejorables en los establecimientos del edifico Veles e Vents, Hoja Malabar, La Marítima y La Sucursal. En el ático encontrarás La Sucursal, que cuenta dos Soles Repsol, una carta muy selecta y unas vistas privilegiadas.","Articulos del blog/descubre-el-cabanyal-un-barrio-de-pescadores-de-lo-mas-cool.txt"
"¿Qué tipo de arte puedo encontrar en El Cabanyal?","El Cabanyal es un punto importante para el arte contemporáneo y callejero, con un ambiente underground valorado por los jóvenes. También hay museos de cultura popular.","En los últimos años El Cabanyal ha sido un punto efervescente para todo tipo de artistas centrados sobre todo en el arte contemporáneo y callejero, dotando a esta zona de un ambiente underground muy valorado por los más jóvenes. Espacios multidisciplinares como la Fábrica de Hielo acogen conciertos y eventos creativos que conviven en perfecta sintonía con museos de cultura popular como el Museo de la Semana Santa Marinera (Calle del Rosari, 1), el Museo del Arroz (Calle del Rosari, 3), o la Casa Museo Blasco Ibáñez (Calle Isabel de Villena, 159).","Articulos del blog/descubre-el-cabanyal-un-barrio-de-pescadores-de-lo-mas-cool.txt"
"¿Qué museos puedo visitar en El Cabanyal?","En El Cabanyal puedes visitar el Museo de la Semana Santa Marinera (Calle del Rosari, 1), el Museo del Arroz (Calle del Rosari, 3), y la Casa Museo Blasco Ibáñez (Calle Isabel de Villena, 159).","Espacios multidisciplinares como la Fábrica de Hielo acogen conciertos y eventos creativos que conviven en perfecta sintonía con museos de cultura popular como el Museo de la Semana Santa Marinera (Calle del Rosari, 1), el Museo del Arroz (Calle del Rosari, 3), o la Casa Museo Blasco Ibáñez (Calle Isabel de Villena, 159).","Articulos del blog/descubre-el-cabanyal-un-barrio-de-pescadores-de-lo-mas-cool.txt"
"¿Dónde puedo cenar en un restaurante con diseño en El Cabanyal?","Puedes cenar en La Sastrería (Calle Josep Benlliure, 42), un restaurante con un interiorismo que resalta la conexión con el mar y que ofrece una propuesta gastronómica llamativa, reinventando recetas tradicionales.","Ahora, La Sastrería se ha convertido en el lugar preferido de los amantes del buen comer, pero también del diseño. Su interiorismo resalta la conexión del local con el mar, presente en cada una de sus salas. Un espacio singular que además viene acompañado de una propuesta gastronómica de lo más llamativa, reinventando recetas de toda la vida y con una carta de cócteles de lo más atrevida. Las anchoas, los buñuelos de bacalao, la ensaladilla rusa con torreznos y encurtidos, la croqueta líquida de gamba, el rodaballo al pil pil o el tartar de ventresca de atún rojo son sólo algunas de las deliciosas apuestas de La Sastrería (Calle Josep Benlliure, 42), que ofrece diseño en cada plato.","Articulos del blog/descubre-el-cabanyal-un-barrio-de-pescadores-de-lo-mas-cool.txt"
"¿Cuántas banderas azules tiene la ciudad de Valencia?","La ciudad de Valencia cuenta con siete distintivos de banderas azules.","¿Sabías que la Comunidad Valenciana es la región con más banderas azules de toda España? Así es, y la ciudad de València no se queda corta con siete distintivos.","Articulos del blog/descubre-las-playas-de-valencia-una-variedad-infinita.txt"
"¿Qué tipos de playas puedo encontrar en Valencia?","En Valencia puedes encontrar una variedad infinita de playas, incluyendo playas urbanas, petfriendly, salvajes o vírgenes, nudistas, deportivas y familiares.","València tiene tu playa perfecta, porque hay una variedad infinita: urbanas, petfriendly, salvajes o vírgenes, nudistas, deportivas, familiares… ¡hay para todos los gustos!","Articulos del blog/descubre-las-playas-de-valencia-una-variedad-infinita.txt"
"¿Cuáles son las playas urbanas más famosas de Valencia?","Las playas urbanas más famosas de Valencia son Las Arenas, La Malvarrosa y Cabanyal.","Estas son las playas más famosas dentro de la ciudad:

Las Arenas, La Malvarrosa y Cabanyal","Articulos del blog/descubre-las-playas-de-valencia-una-variedad-infinita.txt"
"¿Dónde puedo ir a comer una buena paella cerca de la playa en Valencia?","En las playas de Las Arenas, La Malvarrosa y Cabanyal puedes encontrar restaurantes como El Coso, Casa Carmela, Casa Isabel, Destino Puerto, Tridente, Vlue, Marina Beach y Panorama en la Marina de València.","En ellas se encuentran algunos de los mejores restaurantes de València para degustar una rica paella como: El Coso, Casa Carmela, Casa Isabel, Destino Puerto, Tridente o Vlue, Marina Beach y Panorama en la Marina de València.","Articulos del blog/descubre-las-playas-de-valencia-una-variedad-infinita.txt"
"¿Qué playas son aptas para ir con mi perro en Valencia?","En Valencia, las playas aptas para ir con tu perro son la playa de Pinedo, la playa La Torreta – Santa Elvira (en el Puig) y la playa de Alboraya.","En Pinedo está la playa canina más cercana a la ciudad. Situada en el Puig, es una de las playas caninas mejor valoradas de València. La playa para perros de Alboraya es pequeña, pero perfecta para disfrutar de una mañana de sábado paseando con tu mascota por la orilla y chapoteando en el agua.","Articulos del blog/descubre-las-playas-de-valencia-una-variedad-infinita.txt"
"¿Dónde puedo encontrar playas salvajes cerca de Valencia?","Cerca de Valencia, puedes encontrar playas salvajes en El Saler, La Garrofera, La Devesa y L’Arbre del Gos. Estas playas se caracterizan por sus dunas naturales y vegetación propia de la zona, dentro del Parque Natural de la Albufera.","Las playas de El Saler son las más cercanas a València, pero con una gran diferencia de las urbanas: son playas más salvajes y sin grandes edificaciones cercanas. Se trata de playas con dunas naturales y vegetación propia de la zona, dentro de los límites del Parque Natural de la Albufera.","Articulos del blog/descubre-las-playas-de-valencia-una-variedad-infinita.txt"
"¿Qué playa virgen ofrece un área nudista y otra petfriendly?","La playa de l’Ahuir, cerca de Gandía, ofrece tanto un área nudista como una petfriendly.","Además, tiene dos atractivos añadidos: un área nudista y otra petfriendly.","Articulos del blog/descubre-las-playas-de-valencia-una-variedad-infinita.txt"
"¿Qué playa cerca de Valencia tiene una salida de la Albufera al mar?","La playa Recatí-Perellonet tiene una salida de la Albufera al mar de origen natural.","Está en un entorno urbano por la edificación de apartamentos turísticos, pero con un toque autóctono muy atractivo, ya que tiene una salida de la Albufera al mar, de origen natural.","Articulos del blog/descubre-las-playas-de-valencia-una-variedad-infinita.txt"
"¿Qué puedo hacer si quiero huir de las playas urbanas pero no irme muy lejos de Valencia?","Si quieres huir de las playas urbanas sin irte muy lejos, puedes visitar playas como Playa del Saler, La Garrofera, La Devesa y L’Arbre del Gos, que se encuentran a menos de 15 km de la ciudad y son playas más salvajes y sin grandes edificaciones.","Si quieres huir de las playas urbanas sin irte muy lejos, en València puedes encontrar playas perfectas a menos de 15 km de la ciudad. Estas son algunas de las más conocidas:

Playa del Saler, La Garrofera, La Devesa y L’Arbre del Gos:

Las playas de El Saler son las más cercanas a València, pero con una gran diferencia de las urbanas: son playas más salvajes y sin grandes edificaciones cercanas.","Articulos del blog/descubre-las-playas-de-valencia-una-variedad-infinita.txt"
"¿Por qué el Puente de Mayo es una buena época para visitar Valencia?","El Puente de Mayo es una ocasión inmejorable para visitar Valencia porque el buen tiempo invita a pasear por sus playas, a degustar su exquisita gastronomía en las terrazas y a disfrutar de su dinámica oferta lúdico-cultural.","El Puente de Mayo es una ocasión inmejorable para tomarle el pulso a esta ciudad mediterránea. El buen tiempo invita a pasear por sus playas, a degustar su exquisita gastronomía en las terrazas y a disfrutar de su dinámica oferta lúdico-cultural.","Articulos del blog/descubre-valencia-a-fondo-en-el-puente-de-mayo.txt"
"¿Qué lugares históricos se recomiendan visitar en el centro de Valencia?","En el centro histórico de Valencia se recomienda visitar la Catedral, la Lonja y el Mercado Central.","Un paseo por el centro histórico, con visita a la Catedral, la Lonja y el Mercado Central es obligado.","Articulos del blog/descubre-valencia-a-fondo-en-el-puente-de-mayo.txt"
"¿Dónde puedo obtener información turística en Valencia?","Puedes obtener información turística en las Tourist Info de la calle de la Paz, Plaza del Ayuntamiento, Aeropuerto o Estación Joaquín Sorolla, o en la tienda online.","Si no quieres perderte nada, contrata una visita guiada en cualquiera de nuestras Tourist Info de la calle de la Paz, Plaza del Ayuntamiento, Aeropuerto o Estación Joaquín Sorolla; o en nuestra tienda online.","Articulos del blog/descubre-valencia-a-fondo-en-el-puente-de-mayo.txt"
"¿Qué museos se recomiendan visitar en Valencia?","Se recomienda visitar el Museo de Bellas Artes San Pío V, el Palacio del Marqués de Dos Aguas, el Museo de l’Almoina, el IVAM, el MUVIM o el Museo Fallero, entre los más de 40 museos de la ciudad.","Otros lugares que te recomendamos para conocer a fondo la ciudad son las Torres de Serranos, el Museo de Bellas Artes San Pío V, el Palacio del Marqués de Dos Aguas, la Estación del Norte, la Plaza Redonda, el Museo de l’Almoina, el Mercado de Colón, el IVAM, el MUVIM o el Museo Fallero, o cualquiera de los más de 40 museos de la ciudad.","Articulos del blog/descubre-valencia-a-fondo-en-el-puente-de-mayo.txt"
"¿Qué opciones de naturaleza ofrece Valencia?","Valencia ofrece opciones como una escapada a la Albufera, una jornada en la Marina Real Juan Carlos I, o las playas de la Malvarrosa, la Patacona o el Saler.","Si lo que buscas es naturaleza, València presenta también diversas opciones. Una escapada a la Albufera, o una jornada en la Marina Real Juan Carlos I, en las playas de la Malvarrosa, la Patacona o el Saler; en cualquiera de estas zonas encontrarás exquisitos restaurantes con agradables terrazas para degustar el plato más tradicional, la auténtica paella valenciana o de marisco.","Articulos del blog/descubre-valencia-a-fondo-en-el-puente-de-mayo.txt"
"¿Dónde puedo comer paella en Valencia?","Puedes degustar la auténtica paella valenciana o de marisco en los restaurantes con terrazas que encontrarás en la Albufera, la Marina Real Juan Carlos I, las playas de la Malvarrosa, la Patacona o el Saler.","en cualquiera de estas zonas encontrarás exquisitos restaurantes con agradables terrazas para degustar el plato más tradicional, la auténtica paella valenciana o de marisco.","Articulos del blog/descubre-valencia-a-fondo-en-el-puente-de-mayo.txt"
"¿Qué ruta se recomienda para los turistas más activos?","Para los turistas más activos se recomienda una ruta en bici por los Jardines del Turia, que unen el Bioparc y la Ciudad de las Artes y las Ciencias.","Y para el turista más activo, recomendamos una ruta en bici por los Jardines del Turia. De este modo podrás atravesar la ciudad por su pulmón verde, más de 10 kilómetros que unen dos de los principales atractivos turísticos de València, el Bioparc y la Ciudad de las Artes y las Ciencias.","Articulos del blog/descubre-valencia-a-fondo-en-el-puente-de-mayo.txt"
"¿Cuáles son las zonas recomendadas para ir de compras en Valencia?","Para ir de compras en Valencia se recomienda la zona centro, con la calle Colón y el Mercado de Colón, y las rutas alternativas del Barrio del Carmen o Ruzafa.","Para el shopping la zona centro, con la calle Colón y el Mercado con este mismo nombre como epicentro; sin descartar las nuevas rutas alternativas del Barrio del Carmen o Ruzafa, donde podrás alargar la jornada, cenar y tomar una copa en un agradable ambiente pre-veraniego.","Articulos del blog/descubre-valencia-a-fondo-en-el-puente-de-mayo.txt"
"¿Qué es TiposQueImportan.com?","TiposQueImportan.com es una plataforma online que pretende contribuir a la conservación y difusión de los rótulos comerciales de València. Es un “museo” participativo creado por iniciativa del tipógrafo y diseñador gráfico Miguel Maestro con el apoyo de la capitalidad del diseño y de la comunidad de diseñadores valencianos, que es al mismo tiempo una guía para descubrir la ciudad a través de sus rótulos.","Surgida en el marco de World Design Capital València 2022, TiposQueImportan.com es una plataforma online que pretende contribuir a la conservación y difusión de los rótulos comerciales de València. Un “museo” participativo creado por iniciativa del tipógrafo y diseñador gráfico Miguel Maestro con el apoyo de la capitalidad del diseño y de la comunidad de diseñadores valencianos, que es al mismo tiempo una guía para descubrir la ciudad a través de sus rótulos.","Articulos del blog/descubrir-valencia-a-traves-de-sus-rotulos.txt"
"¿Dónde puedo encontrar el letrero 'Bar, taberna, Alcazar'?","El letrero 'Bar, taberna, Alcazar' se encuentra en la calle Mossén Femades, 9.","“Bar, taberna, Alcazar” es el letrero a tres alturas que encontramos en la calle Mossén Femades, 9 y que nos advierte de que estamos ante uno de los locales con más solera de la ciudad, aunque ahora se haya reinventado y Alkazar se escriba con k.","Articulos del blog/descubrir-valencia-a-traves-de-sus-rotulos.txt"
"¿Qué tipo de local es Hilaturas Amparín y dónde está ubicado?","Hilaturas Amparín es una de las mercerías más reputadas de València y está ubicada en la plaza Redonda.","En la plaza Redonda, “Hilaturas Amparín” bautiza una de las mercerías más reputadas de València que aún hoy permanece abierta","Articulos del blog/descubrir-valencia-a-traves-de-sus-rotulos.txt"
"¿Qué horchatería con historia recomiendan visitar?","Recomiendan visitar la Horchatería Santa Catalina, en la plaza del mismo nombre, con dos siglos de historia.","La belleza de la tipografía se combina con sabor y tradición en la Horchatería Santa Catalina, en la plaza del mismo nombre y con dos siglos de historia en el oficio. Una visita imprescindible para los amantes del diseño y de los sabores dulces.","Articulos del blog/descubrir-valencia-a-traves-de-sus-rotulos.txt"
"¿Qué restaurante tradicional se menciona en la Gran Vía Marqués del Túria?","Se menciona Aquarium, un pequeño bistró tradicional en plena Gran Vía Marqués del Túria.","Siguiendo con la línea gastronómica más auténtica, no podíamos dejar de mencionar Aquarium, en plena Gran Vía Marqués del Túria, un pequeño bistró tradicional en el que los camareros todavía atienden con pajarita y toman la comanda a mano.","Articulos del blog/descubrir-valencia-a-traves-de-sus-rotulos.txt"
"¿Dónde puedo encontrar ejemplos de rótulos en cerámica?","Se pueden encontrar ejemplos de rótulos en cerámica en el paseo marítimo, en los rótulos de restaurantes como Chicote, La Pepica o La Marcelina.","Y no muy lejos de allí, en el paseo marítimo, encontramos algunos ejemplos en cerámica en los rótulos de los restaurantes con excelentes vistas al mar, como Chicote, La Pepica o La Marcelina.","Articulos del blog/descubrir-valencia-a-traves-de-sus-rotulos.txt"
"¿Qué tipo de plan era ir al Cine D’Or?","Ir al Cine D’Or, que ofrecía doble sesión, era un buen plan para una primera cita.","La doble sesión del Cine D’Or todavía es un planazo para una primera cita, dos películas a precio de ganga y puedes llevarte la merienda.","Articulos del blog/descubrir-valencia-a-traves-de-sus-rotulos.txt"
"¿Dónde puedo encontrar la librería 'El asilo del libro'?","La librería 'El asilo del libro' se encuentra en San Ferran, 14.","Y en la línea cultural no podemos dejar de mencionar esas librerías en las que uno puede encontrar verdaderos tesoros como El asilo del libro (San Ferran, 14), una delicia en el centro de València para los amantes de las primeras ediciones.","Articulos del blog/descubrir-valencia-a-traves-de-sus-rotulos.txt"
"¿Qué tipo de edificios tienen rótulos que nos hablan de la historia bélica de Valencia?","Los rótulos de los refugios antiaéreos construidos durante la Guerra Civil Española nos hablan de la historia bélica de Valencia.","De la historia bélica nos hablan los rótulos de los refugios antiaéreos construidos durante la Guerra Civil Española, como el de la calle Serranos, Alta o Espada.","Articulos del blog/descubrir-valencia-a-traves-de-sus-rotulos.txt"
"¿Qué tipo de arte se puede apreciar dando un paseo por Valencia?","Dando un paseo por Valencia se puede apreciar el arte de los rótulos, con letreros pintados por artistas sobre azulejos de Manises o a mano sobre un ventanal, letras de oro o de neón.","Dar un paseo por València es sumergirse de lleno en este arte, alzar la mirada para conocer la cultura local a través de carteles y tipografías. Porque detrás de cada rótulo hay personas e historias, negocios que prosperan y otros locales icónicos que han tenido que cerrar sus puertas para dar paso a grandes cadenas y franquicias, pero cuyo legado nos permite asomarnos al pasado, al presente y al futuro de la ciudad.","Articulos del blog/descubrir-valencia-a-traves-de-sus-rotulos.txt"
"¿Qué significa marzo en Valencia?","Marzo en Valencia significa Fallas, y Fallas significa fiesta, fuego, música, sátira, alegría y tradición.","Marzo en Valencia significa Fallas, y Fallas significa fiesta, fuego, música, sátira, alegría y tradición.","Articulos del blog/diez-imprescindibles-en-las-fallas-de-valencia.txt"
"¿Cuántos monumentos falleros se plantan aproximadamente durante las Fallas?","Durante las Fallas, se plantan alrededor de 800 monumentos falleros, entre grandes y pequeños.","Lo primero que tienes que hacer durante las Fallas es mentalizarte de que se han plantado alrededor de 800 monumentos falleros, entre grandes y pequeños, éstos últimos son para los falleros infantiles","Articulos del blog/diez-imprescindibles-en-las-fallas-de-valencia.txt"
"¿Cómo es más útil moverse por Valencia durante las Fallas?","Para desplazarse por Valencia durante las Fallas, lo más útil es adquirir la València Tourist Card, con la que podrás moverte sin límite en transporte público y llegar a todas partes.","Para desplazarse lo más útil es adquirir la València Tourist Card, con la que podrás moverte sin límite en transporte público y llegar a todas partes.","Articulos del blog/diez-imprescindibles-en-las-fallas-de-valencia.txt"
"¿A qué hora y dónde se dispara la mascletà principal durante las Fallas?","Desde el 1 hasta el 19 de marzo, todos los días se dispara a las 14:00 horas en la Plaza del Ayuntamiento una espectacular mascletà.","Desde el 1 hasta el 19 de marzo, todos los días se dispara a las 14:00 horas en la Plaza del Ayuntamiento una espectacular mascletà.","Articulos del blog/diez-imprescindibles-en-las-fallas-de-valencia.txt"
"¿Qué es la Ofrenda de las Fallas?","La Ofrenda es el acto más emotivo para los falleros. Todas las comisiones hacen una Ofrenda de flores a la Virgen de los Desamparados, patrona de la ciudad. Se celebra las tardes del 17 y el 18 de marzo.","La Ofrenda es, sin duda, el acto más emotivo para los falleros. Todas las comisiones hacen una Ofrenda de flores a la Virgen de los Desamparados, patrona de la ciudad. En la Plaza de la Virgen se ha colocado una inmensa reproducción de la patrona, la “geperudeta”, a la que se le adorna con un colorido manto con las flores que los falleros le ofrendan. El pasacalles, que se celebra las tardes del 17 y el 18 de marzo","Articulos del blog/diez-imprescindibles-en-las-fallas-de-valencia.txt"
"¿Qué puedo comer durante las Fallas?","Durante las Fallas, es recomendable comer una auténtica paella valenciana en alguno de los numerosos restaurantes de la ciudad, o disfrutar de un buen arroz o un menú de la dieta mediterránea. También es tradición tomar chocolate con buñuelos.","La paella no es un plato exclusivo de las Fallas, pero si vienes estos días aprovecha y cómete una auténtica paella valenciana en alguno de los numerosos restaurantes de la ciudad. O un buen arroz o un buen menú de nuestra dieta mediterránea. Es tradición en Valencia durante estos días tomar un buen chocolate con buñuelos.","Articulos del blog/diez-imprescindibles-en-las-fallas-de-valencia.txt"
"¿Qué es la 'Nit del Foc'?","La 'Nit del Foc' es la noche más espectacular de fuegos artificiales durante las Fallas. Se dispara el 18 de marzo a las 00:00 horas en el antiguo cauce del río Turia, a la altura del Palau de Les Arts.","Durante los días grandes, del 16 al 18 de marzo, se disparan castillos de fuegos artificiales a las 00:00 horas en el antiguo cauce del río Turia, el Jardín del Turia, a la altura del Palau de Les Arts. La noche más espectacular es la del 18, cuando se dispara la Nit del Foc. València se ilumina por completo.","Articulos del blog/diez-imprescindibles-en-las-fallas-de-valencia.txt"
"¿Qué es la Cremà y cuándo ocurre?","La Cremà es el acto final de las Fallas, donde los monumentos falleros son quemados. Ocurre la noche del 19 de marzo, día de San José. Las fallas infantiles se queman a las 20:00 horas y las grandes a las 22:00 horas, con excepciones para el primer premio de la Sección Especial y la falla de la Plaza del Ayuntamiento.","La Cremà. El colofón a la fiesta, el momento en que los monumentos falleros desaparecen bajo las llamas. Es espectacular para el público en general y muy emotivo para los valencianos. La noche del 19 de marzo, día de San José, patrón de los carpinteros, las falleras mayores encienden la mecha dando comienzo a la cremà, que reducirá a cenizas todos los monumentos falleros. A las 20:00 horas se queman las fallas infantiles y a las 22:00 las grandes, a excepción del primer premio de la Sección Especial y la de la Plaza del Ayuntamiento, que arderán a las 22:30 y 23:00 respectivamente.","Articulos del blog/diez-imprescindibles-en-las-fallas-de-valencia.txt"
"¿Qué es la 'Despertà'?","La 'Despertà' es una tradición fallera donde se despierta a los vecinos con petardos y música a las 8 de la mañana para animarlos a disfrutar de las Fallas.","Es tradición en las Fallas despertar a los vecinos, animándoles así a disfrutar de los días grandes desde bien temprano. Cada falla hace pasacalles a esta hora todos los días por su barrio y sus falleros tiran petardos mientras toca la banda. Un curioso, ruidoso y divertido espectáculo.","Articulos del blog/diez-imprescindibles-en-las-fallas-de-valencia.txt"
"¿Dónde puedo comer paella en Valencia?","En Valencia, puedes comer paella en varios lugares. En el Parque Natural de la Albufera, restaurantes como Nou Racó, Casa Quiquet o El Palmar y Restaurante Mateu, ubicados en El Palmar, ofrecen la experiencia de comer paella con un paseo en barca y vistas a los arrozales. También puedes disfrutarla a pie de arena en la playa de Pinedo con La Ferrera o en El Saler, con restaurantes como la Arrocería Duna. En la playa de la Malvarrosa, hay establecimientos centenarios como La Pepica, El Coso y Casa Carmela. También puedes encontrar masías como la Barraca de Toni Montoliu o restaurantes urbanos en el corazón de la ciudad como Borja Azcutia, Goya Galery, Palace Fesol, Arrocería La Valenciana o La Cigrona.","Dónde comer paella en Valencia es la pregunta del millón. La paella es el plato más internacional de Valencia y en la ciudad hay numerosos establecimientos que la preparan, pero conviene informarse bien de dónde comer paella en Valencia. Hoy os presentamos nuestras recomendaciones, las zonas y algunos de los mejores restaurantes para degustar una buena paella. ¡Disfrutaréis tanto de su sabor como del entorno en cualquiera de ellos!
El Parque Natural de la Albufera, es la auténtica cuna de esta receta. En este paraje natural, el Restaurante Nou Racó, Casa Quiquet o El Palmar y Restaurante Mateu, ubicados en El Palmar, permiten acompañar el ritual de la comida con una salida en barca, conocer las tradicionales barracas, disfrutar en vivo de la elaboración de la paella, observar uno de los más espectaculares atardeceres de la ciudad entre arrozales. Otra opción, y una de las más demandadas, es hacerlo a pie de arena; la playa de Pinedo con La Ferrera o las de El Saler, con restaurantes integrados en las mismísimas dunas, como la Arrocería Duna, son excelentes elecciones.
La playa de la Malvarrosa, con establecimientos centenarios como La Pepica, El Coso, Casa Carmela, Casa Isabel, Destino Puerto, Tridente o Vlue, Brassa de Mar, Marina Beach o Panorama en la Marina de València, La Alegría de la Huerta o Bergamonte, son proveedores de gran parte de los ingredientes de este tradicional plato por lo que son otras de nuestras sugerencias.
En Valencia existen masías, como la Barraca de Toni Montoliu, en las que disfrutarán mayores y pequeños, con el encanto del ambiente rural como escenario. Y para los urbanitas, en el corazón de la ciudad también hay lugares en los que recrearse frente a un buen plato de paella, Borja Azcutia, Goya Galery,  Palace Fesol,  Arrocería La Valenciana o La Cigrona, son algunos de los más afamados, tanto por la calidad de sus platos y como por su excelente servicio.","Articulos del blog/donde-comer-una-buena-paella-en-valencia.txt"
"¿Qué restaurantes en la Albufera ofrecen la experiencia de comer paella?","En el Parque Natural de la Albufera, puedes encontrar restaurantes como Nou Racó, Casa Quiquet o El Palmar y Restaurante Mateu, ubicados en El Palmar, donde puedes disfrutar de la paella.","En este paraje natural, el Restaurante Nou Racó, Casa Quiquet o El Palmar y Restaurante Mateu, ubicados en El Palmar, permiten acompañar el ritual de la comida con una salida en barca, conocer las tradicionales barracas, disfrutar en vivo de la elaboración de la paella, observar uno de los más espectaculares atardeceres de la ciudad entre arrozales.","Articulos del blog/donde-comer-una-buena-paella-en-valencia.txt"
"¿Dónde puedo comer paella a pie de playa?","Puedes comer paella a pie de arena en la playa de Pinedo, en La Ferrera, o en las playas de El Saler, donde se encuentra la Arrocería Duna, que está integrada en las dunas.","Otra opción, y una de las más demandadas, es hacerlo a pie de arena; la playa de Pinedo con La Ferrera o las de El Saler, con restaurantes integrados en las mismísimas dunas, como la Arrocería Duna, son excelentes elecciones.","Articulos del blog/donde-comer-una-buena-paella-en-valencia.txt"
"¿Qué restaurantes de la playa de la Malvarrosa son recomendables para comer paella?","En la playa de la Malvarrosa, son recomendables establecimientos centenarios como La Pepica, El Coso, Casa Carmela, Casa Isabel, Destino Puerto, Tridente o Vlue, Brassa de Mar, Marina Beach o Panorama en la Marina de València, La Alegría de la Huerta o Bergamonte.","La playa de la Malvarrosa, con establecimientos centenarios como La Pepica, El Coso, Casa Carmela, Casa Isabel, Destino Puerto, Tridente o Vlue, Brassa de Mar, Marina Beach o Panorama en la Marina de València, La Alegría de la Huerta o Bergamonte, son proveedores de gran parte de los ingredientes de este tradicional plato por lo que son otras de nuestras sugerencias.","Articulos del blog/donde-comer-una-buena-paella-en-valencia.txt"
"¿Dónde puedo reservar una mesa para comer paella en Valencia?","Puedes visitar la web de Visit Valencia para hacer tu elección y efectuar directamente la reserva.","Visita la web de Visit Valencia, podrás hacer tu elección y efectuar directamente la reserva.","Articulos del blog/donde-comer-una-buena-paella-en-valencia.txt"
"¿Existe algún restaurante en Valencia con ambiente rural para comer paella?","Sí, existen masías como la Barraca de Toni Montoliu donde puedes disfrutar de la paella en un ambiente rural.","En Valencia existen masías, como la Barraca de Toni Montoliu, en las que disfrutarán mayores y pequeños, con el encanto del ambiente rural como escenario.","Articulos del blog/donde-comer-una-buena-paella-en-valencia.txt"
"¿Qué restaurantes en el centro de Valencia son conocidos por su paella?","En el corazón de la ciudad, Borja Azcutia, Goya Galery, Palace Fesol, Arrocería La Valenciana o La Cigrona son algunos de los restaurantes afamados por su paella y excelente servicio.","Y para los urbanitas, en el corazón de la ciudad también hay lugares en los que recrearse frente a un buen plato de paella, Borja Azcutia, Goya Galery,  Palace Fesol,  Arrocería La Valenciana o La Cigrona, son algunos de los más afamados, tanto por la calidad de sus platos y como por su excelente servicio.","Articulos del blog/donde-comer-una-buena-paella-en-valencia.txt"
"¿Dónde puedo encontrar objetos de mimbre hechos a mano en Valencia?","Puedes encontrar objetos de mimbre hechos a mano en el centro histórico, alrededor de la Plaza Redonda o la calle de las Cestas.","Te invitamos a callejear en busca del comercio tradicional de alrededor de la Plaza Redonda o la calle de las Cestas, donde encontrarás objetos de mimbre hechos a mano o piezas de marroquinería.","Articulos del blog/donde-comprar-el-souvenir-mas-autentico-de-valencia.txt"
"¿Dónde puedo comprar abanicos pintados a mano?","Puedes comprar abanicos pintados a mano en Abanicos Vibenca (Plaza Lope de Vega, 5), donde se puede ver en directo cómo son pintados a mano, siguiendo una tradición familiar desde 1910.","Por esta zona todavía perduran muchas tiendas emblemáticas, como Abanicos Vibenca (Plaza Lope de Vega, 5), donde puede verse en directo cómo son pintados a mano, siguiendo una tradición de negocio familiar desde 1910.","Articulos del blog/donde-comprar-el-souvenir-mas-autentico-de-valencia.txt"
"¿Dónde puedo comprar productos gourmet típicos de la Comunidad Valenciana?","Puedes comprar productos gourmet de la tierra en el puesto Salazonarte en el Mercado Central o en Original CV (Plaza del Mercado, 35), que ofrece productos provenientes de la Comunidad Valenciana en una antigua farmacia con artesonado de madera y cerámica del S.XIX.","Si quieres llevarte productos gourmet de la tierra, pásate por el puesto Salazonarte en el Mercado Central. La tradición de los encurtidos y salazones cobra forma allí. [...] Justo enfrente del Mercado Central está Original CV (Plaza del Mercado, 35), una delicia tanto por sus productos, provenientes de la Comunidad Valenciana, como por el establecimiento en sí: una antigua farmacia de la que se conserva su artesonado de madera y su cerámica del S.XIX.","Articulos del blog/donde-comprar-el-souvenir-mas-autentico-de-valencia.txt"
"¿Dónde puedo encontrar azulejos socarrat?","Puedes encontrar azulejos socarrat en Joaquín Guzmán Antigüedades (Tapinería, 16).","Si lo que buscas son otros productos todavía más singulares, te recomendamos Joaquín Guzmán Antigüedades (Tapinería, 16), donde además de piezas de anticuario puedes adquirir el típico azulejo socarrat.","Articulos del blog/donde-comprar-el-souvenir-mas-autentico-de-valencia.txt"
"¿Dónde puedo encontrar tiendas de moda en Valencia?","Puedes encontrar tiendas de moda alrededor del Mercado de Colón, como Il Baco da seta (Isabel la Católica, 16), Max Mara (Pascual y Genís, 18), Dodowear (Barcas, 5), Ópticas Climent (Barcelonina, 8) y Poppyns (Isabel la Catòlica, 21).","Otra propuesta no menos atractiva es toda la oferta comercial de alrededor del Mercado de Colón y adyacentes. Tiendas de moda como Il Baco da seta (Isabel la Católica, 16), Max Mara (Pascual y Genís, 18), Dodowear (Barcas, 5), Ópticas Climent (Barcelonina, 8), que nos trae la última moda para nuestros ojos o Poppyns (Isabel la Catòlica, 21), una moderna concept store que combina moda, eventos y una cafetería de una forma exquisita.","Articulos del blog/donde-comprar-el-souvenir-mas-autentico-de-valencia.txt"
"¿Dónde puedo encontrar la Milla de Oro de Valencia?","La Milla de Oro de Valencia se encuentra en la calle Poeta Querol.","La Milla de Oro valenciana la encontramos en la calle Poeta Querol, que aglutina marcas como Loewe (Marquès de Dos Aigües, 7,) o Lladró (Poeta Querol, 9), la firma de figuras de porcelana que nació en València y exporta sus creaciones por todo el mundo.","Articulos del blog/donde-comprar-el-souvenir-mas-autentico-de-valencia.txt"
"¿Dónde puedo comprar figuras de Lladró en Valencia?","Puedes comprar figuras de Lladró en la calle Poeta Querol, 9.","La Milla de Oro valenciana la encontramos en la calle Poeta Querol, que aglutina marcas como Loewe (Marquès de Dos Aigües, 7,) o Lladró (Poeta Querol, 9), la firma de figuras de porcelana que nació en València y exporta sus creaciones por todo el mundo.","Articulos del blog/donde-comprar-el-souvenir-mas-autentico-de-valencia.txt"
"¿Dónde puedo encontrar tiendas de moda vintage en Valencia?","Puedes encontrar tiendas de moda vintage en el barrio de Ruzafa, como El Vestidor Vintage (Gran Via de les Germanies, 14).","Si lo consigues, déjate perder por el bohemio barrio de Ruzafa, una zona inspiradora, donde puedes encontrar moda, galerías de arte y decoración, en un entorno artístico e intelectual que no deja indiferente a nadie. Aquí te recomendamos visitar El Vestidor Vintage (Gran Via de les Germanies, 14), tienda de moda y complementos vintage y de segunda mano de las firmas más exclusivas.","Articulos del blog/donde-comprar-el-souvenir-mas-autentico-de-valencia.txt"
"¿Dónde puedo comprar chocolates con ingredientes valencianos?","Puedes comprar chocolates con ingredientes valencianos como almendra marcona, azafrán o naranja en Utopick (Matias Perelló, 14) en el barrio de Ruzafa.","Los más golosos no pueden irse sin probar las famosas trufas de Trufas Martínez (Russafa, 12) o los chocolates de Utopick (Matias Perelló, 14), con ingredientes tan valencianos como la almendra marcona, el azafrán o la naranja (¡pero naranja de verdad!).","Articulos del blog/donde-comprar-el-souvenir-mas-autentico-de-valencia.txt"
"¿Dónde puedo comprar un souvenir del Valencia CF?","Puedes comprar un souvenir del Valencia CF en la tienda oficial del equipo, ubicada en Plaça de l'Ajuntament, 28.","Y como tenemos para todos, si eres futbolero tendrás que ir a las tiendas del equipo local, el Valencia CF  (Plaça de l'Ajuntament, 28).","Articulos del blog/donde-comprar-el-souvenir-mas-autentico-de-valencia.txt"
"¿Dónde puedo encontrar tiendas con antigüedades y arte contemporáneo?","Puedes encontrar antigüedades y arte contemporáneo en Joaquín Guzmán Antigüedades (Tapinería, 16) y en la Galería Noël Ribes (Vilaragut, 7).","te recomendamos Joaquín Guzmán Antigüedades (Tapinería, 16), donde además de piezas de anticuario puedes adquirir el típico azulejo socarrat. En la misma línea, y muy cerca del Palacio Marqués de Dos Aguas, la Galería Noël Ribes (Vilaragut, 7) nos ofrece una cuidada selección de antigüedades y arte contemporáneo.","Articulos del blog/donde-comprar-el-souvenir-mas-autentico-de-valencia.txt"
"¿Dónde puedo encontrar una concept store que combine moda, eventos y cafetería?","Puedes encontrar una concept store que combine moda, eventos y cafetería en Poppyns (Isabel la Catòlica, 21).","Poppyns (Isabel la Catòlica, 21), una moderna concept store que combina moda, eventos y una cafetería de una forma exquisita.","Articulos del blog/donde-comprar-el-souvenir-mas-autentico-de-valencia.txt"
"¿Dónde puedo degustar vinos valencianos?","Puedes degustar vinos valencianos en Vegamar Selección (Colón, 37).","Seguro que después de esta ruta necesitarás un respiro, te sugerimos hacer un break en Vegamar Selección (Colón, 37) y degustar uno de sus vinos","Articulos del blog/donde-comprar-el-souvenir-mas-autentico-de-valencia.txt"
"¿Qué dos características comparten todos los lugares recomendados para desayunar en Valencia?","Todos los lugares recomendados tienen en común una carta de desayunos deliciosa y están ubicados en lugares agradables.","Pues estás en el lugar adecuado porque hemos recopilado sitios bien variaditos y todos ellos tienen dos ingredientes en común: su carta de desayunos es una delicia y están en lugares en los que apetece estar.","Articulos del blog/donde-desayunar-en-valencia.txt"
"¿Qué tipo de desayuno ofrece El Rincón del Mercado de MYR Hotels?","El Rincón del Mercado de MYR Hotels ofrece desayunos a la carta y un ""Desayuno mediterráneo"" completo con opciones frías como mollete de salmón y aguacate, y calientes con huevos al gusto. También tienen un desayuno infantil.","Actualmente ofrece desayunos a la carta, pero también un «Desayuno mediterráneo» muy completo con maravillas frías como el mollete de salmón y aguacate y calientes con huevos al gusto.
Además, tienen desayuno infantil a la altura de los clientes más jóvenes: muy disfrutón y menos abundante.","Articulos del blog/donde-desayunar-en-valencia.txt"
"¿Qué tipo de ambiente ofrece el Café de las Horas?","El Café de las Horas ofrece una atmósfera de café literario de principios del siglo XX, con una decoración de estilo neobarroco y elementos de la época, ya que está ubicado en los bajos de un edificio de 1850.","El Café de las Horas es uno de los lugares emblemáticos de València en los que desayunar porque es un local extraordinario: atmósfera de un café literario de principios de S. XX, decorado con estilo neobarroco y en los bajos de un edificio de 1850 del que conserva parte de los elementos de la época.","Articulos del blog/donde-desayunar-en-valencia.txt"
"¿Qué tipo de desayunos se pueden encontrar en el Federal Café?","En el Federal Café se pueden encontrar desayunos muy ricos y variados, desde croissants rellenos, pancakes y huevos preparados de muchas formas, hasta batidos saludables, cafés y tés selectos.","Los desayunos se podrían resumir en dos adjetivos: muy ricos y variados; en su carta puedes encontrar desde croissants rellenos, pancakes y huevos preparados de una decena de formas, hasta saludables batidos, cafés y tés de lo más selectos.","Articulos del blog/donde-desayunar-en-valencia.txt"
"¿Dónde puedo probar un desayuno muy valenciano?","Si quieres un desayuno muy valenciano, la Horchatería Daniel es el lugar ideal, especialmente conocida por su horchata, fartons y coca de llanda.","Si quieres desayunar muy valenciano, la Horchatería Daniel es tu sitio porque es la number one en horchata, fartons, coca de llanda y otras especialidades de bollería artesana típicas de nuestra tierra.","Articulos del blog/donde-desayunar-en-valencia.txt"
"¿Qué opciones de desayuno ofrece el Mercado de Colón?","En el Mercado de Colón se puede desayunar horchata ecológica en Casa Orxata, platos con productos de kilómetro cero y de temporada en Mi Cub, café bio y opciones veganas en Suc de Lluna, desayunos en la terraza de La Mie Dorée, tostadas y smoothies en Bocados Café, y desayunos en Pantalán 5.","Allí, bajo su cubierta modernista, puedes desayunar auténtica horchata ecológica en Casa Orxata. [...] También puedes empezar el día en Mi Cub, donde presumen de elaborar todos sus platos con productos de kilómetro cero y de temporada. [...] Suc de Lluna, donde encontrarás café bio, productos locales y tienen opciones veganas. [...] La Mie Dorée también ofrece desayunos servidos en su gran terraza [...] Bocados Café, que [...] tiene tostadas, bocadillos, smoothies, y cafés para todos los gustos. Y completa el elenco de sitios donde desayunar en el Mercado de Colón de València, Pantalán 5.","Articulos del blog/donde-desayunar-en-valencia.txt"
"¿Qué tipo de desayunos ofrece Bertal?","Bertal ofrece desayunos para todos los gustos, tanto dulces como salados, con zumos naturales, cafés variados y bollería.","Como ellos mismos dicen, en Bertal hay desayunos para todos los paladares: dulces y salados para los que quieren darse un homenaje y también para los que tienen que volar hacia el trabajo.
Zumos naturales, cafés variados, bollería para los golosos… lo que quieras en cualquiera de sus locales de la ciudad o centros comerciales.","Articulos del blog/donde-desayunar-en-valencia.txt"
"¿Qué vistas se pueden disfrutar desayunando en la Cafetería de El Corte Inglés?","Desayunando en la terraza de la sexta planta de El Corte Inglés de Colón, se pueden disfrutar vistas al cimborrio de la Catedral, al Miguelete y al edificio de Correos.","Un desayuno con vistas es lo que te espera si decides desayunar en la terraza de la sexta planta que los grandes almacenes tienen en su edificio de Colón.
Tostadas, bollería, bocadillos preparados con mucho mimo… lo que prefieras, pero con vistas nada menos que al cimborrio de la Catedral, al Miguelete o al edificio de Correos, un plus para la experiencia.","Articulos del blog/donde-desayunar-en-valencia.txt"
"¿Qué concepto ofrece Arena Zone Hotel para los turistas?","Arena Zone Hotel ofrece un concepto de 3D: Desayuno, Descanso y Ducha, ideal para dormir y disfrutar de un desayuno continental antes de explorar la ciudad.","En la zona de la Ciudad de las Artes y las Ciencias tienes un nuevo concepto que ellos definen como el de las 3D: Desayuno, Descanso y Ducha. Vamos, que puedes dormir allí y zamparte un desayuno continental por la mañana antes de lanzarte a explorar la ciudad.","Articulos del blog/donde-desayunar-en-valencia.txt"
"¿Qué tipo de brunch se puede encontrar en Cocolinda Alameda?","En Cocolinda Alameda se puede encontrar un brunch con una carta variada que incluye bocadillos con pan de cristal y menús completos para veganos, amantes del dulce y opciones saludables.","Poquita broma con su carta porque tienen desde bocadillos con pan de cristal hasta menús completos para veganos, para los amantes del dulce, para los que miran la salud o para los que no tienen fondo, pero todo con calidad y una presentación fabulosas.","Articulos del blog/donde-desayunar-en-valencia.txt"
"¿Qué es un 'esmorzaret' y dónde puedo disfrutar de uno en Valencia?","Un 'esmorzaret' es un desayuno valenciano. Puedes disfrutar de uno en el Bar Marvi, donde ofrecen bocadillos con ingredientes de primera calidad acompañados de cacaos y olivas de la tierra.","Si vas con ganas de tomarte un desayuno valenciano, o esmorzaret como lo llamamos aquí, en Marvi vas a disfrutar porque sus bocatas están hechos con ingredientes de primera combinados como tú prefieras. Y acompañados de sus cacaos y olivas de la tierra, por supuesto.","Articulos del blog/donde-desayunar-en-valencia.txt"
"¿Qué iniciativas sostenibles se están llevando a cabo en Valencia para cumplir con los Objetivos de Desarrollo Sostenible?","Valencia está implementando diversas iniciativas para cumplir con los Objetivos de Desarrollo Sostenible (ODS), incluyendo un estudio pionero para verificar la huella de carbono de su actividad turística y seguir mejorando en este sentido.","Hablar de València es hacerlo de una ciudad verde, que encamina sus pasos hacia un turismo respetuoso con el medio ambiente, que busca cumplir los Objetivos de Desarrollo Sostenible (ODS) con diversas iniciativas. Entre ellas se cuenta el estudio pionero publicado, de forma reciente, para verificar la huella de carbono de su actividad turística y seguir mejorando en este sentido.","Articulos del blog/ecoturismo-valencia-ideas-sostenibles-para-descubrir-la-ciudad.txt"
"¿Dónde puedo encontrar fuentes de agua filtrada y refrigerada en Valencia?","Puedes encontrar fuentes de agua filtrada y refrigerada en la plaza del Ayuntamiento, el paseo marítimo y la Ciutat de les Arts i les Ciències.","¿Quién dice que necesites comprar una botella de plástico para cada paseo que des por València? Desde ahora, ya no será necesario porque encontrarás fuentes de agua filtrada y refrigerada en la plaza del Ayuntamiento, el paseo marítimo y la Ciutat de les Arts i les Ciències que te ayudarán a hidratarte y combatir el calor.","Articulos del blog/ecoturismo-valencia-ideas-sostenibles-para-descubrir-la-ciudad.txt"
"¿Qué puedo ver en El Saler relacionado con el reciclaje de plástico?","En El Saler, puedes ver una pasarela construida en su Parador a partir de 60 kilos de plásticos recogidos en la propia playa por voluntarios, sumados a otros 600 kg de este material reciclado.","¿Has incluido una visita a El Saler en tu recorrido turístico? Si visitas este entorno natural privilegiado, podrás ver un ejemplo de cómo se da una segunda vida al plástico. Y lo harás en la pasarela que se ha construido en su Parador, a partir de 60 kilos de plásticos recogidos en la propia playa por voluntarios, sumados a otros 600 kg de este material reciclado.","Articulos del blog/ecoturismo-valencia-ideas-sostenibles-para-descubrir-la-ciudad.txt"
"¿Qué hace especial a L'Albufera como destino ecoturístico?","L'Albufera es especial porque es un espacio natural con el lago de agua dulce más grande de España, donde puedes sentirte integrado en la naturaleza y observar especies como patos, garzas y cormoranes.","A pie o en barca, cualquiera de estas opciones te llevará a conocer un espacio natural como es L’Albufera, con el lago de agua dulce más grande de España.
En este importante humedal tendrás la percepción de estar plenamente integrado en la naturaleza, con especies como patos, garzas o cormoranes acompañándote en tu travesía.","Articulos del blog/ecoturismo-valencia-ideas-sostenibles-para-descubrir-la-ciudad.txt"
"¿Dónde puedo observar aves en L'Albufera?","El mejor sitio para observar aves en L'Albufera es la Reserva Natural del Racó de l'Olla, donde puedes encontrar hasta 300 especies diferentes. Allí encontrarás un centro de interpretación, un observatorio y una torre-mirador.","Hasta 300 especies diferentes de estos animales han hecho de este espacio natural su hábitat y el mejor sitio para encontrar a algunas de ellas es la Reserva Natural del Racó de l'Olla, entre la Devesa y l’Albufera.
Este espacio natural cuenta con una superficie aproximada de 50 hectáreas y dentro de ella encontrarás su centro de interpretación, donde podrás saber más sobre sus aves. Además, antes de irte deberías hacerle una visita al observatorio y a la torre-mirador, desde la que tendrás una increíble vista panorámica de l’Albufera.","Articulos del blog/ecoturismo-valencia-ideas-sostenibles-para-descubrir-la-ciudad.txt"
"¿Cuántos kilómetros de carril bici hay en Valencia?","Valencia cuenta con 160 kilómetros de carril bici.","València cuenta con 160 kilómetros de carril bici que te permitirán descubrir cada rincón de la ciudad siendo amable con el medio ambiente, sobre una bicicleta.","Articulos del blog/ecoturismo-valencia-ideas-sostenibles-para-descubrir-la-ciudad.txt"
"¿Qué playas de Valencia tienen bandera azul?","En 2020, siete playas de Valencia tenían bandera azul: Cabanyal, El Saler, L' Arbre del Gos, La Devesa, La Garrofera, Malvarrosa y Recatí-Perellonet.","La Comunidad Valenciana ha conseguido 134 banderas azules en 2020. Entre ellas, siete están en Valencia (Cabanyal, El Saler, L' Arbre del Gos, La Devesa, La Garrofera, Malvarrosa y Recatí-Perellonet).","Articulos del blog/ecoturismo-valencia-ideas-sostenibles-para-descubrir-la-ciudad.txt"
"¿Qué parques naturales cercanos a Valencia puedo visitar para una escapada de un día?","Puedes visitar el Parque Natural del Turia, el Parque Natural de la Sierra Calderona, o el Parque Natural de Chera – Sot de Chera.","Si quieres pasar un día fuera de València y volver para dormir, te animamos a visitar los entornos naturales más cercanos a la ciudad.
Uno de ellos es el Parque Natural del Turia, en la llanura del río del mismo nombre. [...] El Parque Natural de la Sierra Calderona será otra gran opción para pasar una jornada diferente, en plena naturaleza y sin alejarte demasiado de la ciudad de València.
Y si no te acabas de decidir, te damos una tercera opción (la más lejana): el Parque Natural de Chera – Sot de Chera, donde encontrarás impresionantes desfiladeros en las montañas que rodean este valle.","Articulos del blog/ecoturismo-valencia-ideas-sostenibles-para-descubrir-la-ciudad.txt"
"¿Dónde se concentra el arte urbano en Valencia?","El arte urbano en Valencia se concentra principalmente en el distrito de Ciutat Vella y los barrios de Russafa y Cabanyal-Canyamelar.","El distrito de Ciutat Vella y los barrios de Russafa y Cabanyal-Canyamelar son los que más propuestas reúnen, en parte gracias a los festivales en los que el street art es un eje vertebrador: Intramurs, Russafart, VLC Barris en Moviment...","Articulos del blog/el-arte-se-hace-ciudad.txt"
"¿Qué festivales destacan por su enfoque en el arte callejero en Valencia?","Destacan festivales como Intramurs, Russafart y VLC Barris en Moviment.","El distrito de Ciutat Vella y los barrios de Russafa y Cabanyal-Canyamelar son los que más propuestas reúnen, en parte gracias a los festivales en los que el street art es un eje vertebrador: Intramurs, Russafart, VLC Barris en Moviment...","Articulos del blog/el-arte-se-hace-ciudad.txt"
"¿Dónde puedo ver murales de artistas españoles e italianos en el barrio marítimo?","Puedes visitar las obras en el triángulo formado entre las calles Espadán 31, Pescadores 20 y Eugenia Viñes 101.","Las obras pueden visitarse en el triángulo formado entre las calles Espadán 31, Pescadores 20 y Eugenia Viñes 101.","Articulos del blog/el-arte-se-hace-ciudad.txt"
"¿Qué es el IVAM?","El IVAM es el Institut Valencià d'Art Modern, uno de los museos más importantes de la ciudad.","El Institut Valencià d'Art Modern (IVAM) es uno de los buques insignia de la oferta museística de la ciudad.","Articulos del blog/el-arte-se-hace-ciudad.txt"
"¿Qué tipo de arte urbano puedo encontrar en Ciutat Vella?","En Ciutat Vella, además de murales, puedes encontrar ejemplos de diseño de pegatinas en farolas, postes de luz o secciones de pared.","Cualquier farola, poste de la luz o sección de pared puede ser el punto de reunión de los creadores en pequeño formato. Porque Ciutat Vella también honra a los diseñadores de pegatinas.","Articulos del blog/el-arte-se-hace-ciudad.txt"
"¿Qué es el 'urban knitting' o 'yarn bombing'?","Es una forma de expresión artística que consiste en forrar con tejido de lana elementos del mobiliario urbano, como bolardos o enganches para bicis.","Se trata de una especie de graffiti lanero ya que se forra de este tejido distintas piezas del mobiliario urbano como bolardos o enganches para bicis que, de repente, cobran vida.","Articulos del blog/el-arte-se-hace-ciudad.txt"
"¿Dónde puedo encontrar acciones de 'ArquiCostura' de Raquel Rodrigo?","Puedes apreciar alguna de sus creaciones en la Plaza de Lope de Vega o en el restaurante Vaqueta.","En la Plaza de Lope de Vega o en el restaurante Vaqueta se puede apreciar alguna de sus creaciones.","Articulos del blog/el-arte-se-hace-ciudad.txt"
"¿Qué puedo ver en los alrededores del mercado de Mossen Sorell?","En los alrededores del mercado de Mossen Sorell puedes apreciar un mural de Erica Il Cane y los fotomontajes a gran tamaño de Luis Montolio.","En un espacio muy reducido podemos apreciar un mural de Erica Il Cane donde un burro es tirado con fuerza por caracoles o los fotomontajes a gran tamaño de Luis Montolio, en los que rescata del olvido a personajes excéntricos pero imprescindibles en la esencia de la Valencia urbana.","Articulos del blog/el-arte-se-hace-ciudad.txt"
"¿Dónde puedo ver una representación de Rosita Amores?","Puedes ver una representación de Rosita Amores en la plaza entre las calles d'en Pina y Puríssima, donde aparece a lomos de una paella gigante.","Como el que narra la ascensión a los cielos, a lomos de una paella gigante, de la vedette Rosita Amores, esa suerte de Venus de Willendorf valenciana hecha carne (plaza entre las calles d'en Pina y Puríssima).","Articulos del blog/el-arte-se-hace-ciudad.txt"
"¿Qué galería de arte se especializa en arte urbano en Valencia?","La galería de arte Plastic Murs se ha especializado en todo tipo de arte urbano.","La galería de arte Plastic Murs ha detectado la importancia de esta efervescente actividad y se ha convertido en pionera en Valencia a la hora de especializarse en todo tipo de arte urbano.","Articulos del blog/el-arte-se-hace-ciudad.txt"
"¿Qué artista pintó la falla municipal de Valencia en 2020?","El artista Escif diseñó la falla municipal de 2020.","La trayectoria de Escif ha sido reconocida con una exposición en el Centre del Carme y con el diseño  de la falla municipal de 2020, al igual que sucedió en 2019 con el dúo PichiAvo.","Articulos del blog/el-arte-se-hace-ciudad.txt"
"¿Qué tipo de arquitectura destaca en el barrio del Cabanyal?","En el Cabanyal destaca la arquitectura modernista popular, con casas de dos alturas y fachadas de azulejos de alegres colores.","En él abundan las casas de dos alturas típicas del modernismo popular, con fachadas de azulejos de alegres colores.","Articulos del blog/el-cabanyal-el-barrio-de-moda-que-te-enamorara.txt"
"¿Qué tipo de actividades culturales puedo encontrar en el Cabanyal?","El Cabanyal ofrece una amplia oferta cultural que incluye teatro, danza, conciertos y conferencias, especialmente en el Teatre El Musical (TEM). También se celebra el Festival Cabanyal Íntim cada primavera.","El Cabanyal vive actualmente un renacimiento cultural que lo está modernizando y convirtiendo en un barrio con colectivos de arte y compañías de teatro con proyectos durante todo el año. El reabierto Teatre El Musical (TEM) es un centro cultural en la antigua sala de cine de los años 20 que organiza teatro, danza, conciertos y conferencias. Además se han puesto en marcha eventos como el Festival Cabanyal Íntim, en el que cada primavera se cita a los más curiosos para que visiten los edificios de mayor interés histórico con representaciones y actuaciones independientes.","Articulos del blog/el-cabanyal-el-barrio-de-moda-que-te-enamorara.txt"
"¿Dónde puedo comer bien en el Cabanyal?","En el Cabanyal hay muchos lugares donde comer bien, desde restaurantes tradicionales como Casa Carmela, Bodega Montaña o Casa Guillermo, hasta locales más modernos como Anyora, La Tasca la Reina, Ca La Mar o La Aldeana. También puedes probar las tapas de La Peseta o los bocatas de La Pascuala o La Paca.","Gracias a su proximidad al mar y la excelente despensa del colorido Mercat del Cabanyal, siempre fue un buen lugar donde disfrutar de la gastronomía, con establecimientos como Casa Carmela, Bodega Montaña o Casa Guillermo, con las mejores tapas y arroces valencianos. Pero en los últimos años han surgido además nuevos locales con todo el sabor del barrio. Anyora, La Tasca la Reina, Ca La Mar o La Aldeana se encuentran entre los locales más trendy del momento. También puedes optar por La Peseta, uno de los bares con las tapas más auténticas de València, o si quieres disfrutar de un verdadero esmorzaret, por los bocatas gigantes de La Pascuala o La Paca.","Articulos del blog/el-cabanyal-el-barrio-de-moda-que-te-enamorara.txt"
"¿Qué puedo hacer en el Cabanyal además de comer y disfrutar de la cultura?","El Cabanyal está muy cerca de las playas de El Cabanyal y la Malvarrosa, así que puedes ir a la playa a relajarte. También puedes disfrutar de un tardeo de copas por el puerto de València o participar en actividades deportivas en la playa.","Y lo mejor de todo, ¡es un barrio que está a escasos pasos de las playas de El Cabanyal y la Malvarrosa! Ésta es una de sus grandes ventajas. En un mismo día puedes impregnarte de la historia y vivencias de los pescadores de València e ir a la playa a relajarte. Puedes disfrutar de un tardeo de copas por el puerto de València o divertirte con algunas de las actividades deportivas que numerosos grupos organizan en la playa.","Articulos del blog/el-cabanyal-el-barrio-de-moda-que-te-enamorara.txt"
"¿Hay visitas guiadas para conocer el Cabanyal?","Sí, VisitValència organiza visitas guiadas a pie que te adentran en el antiguo pueblo de pescadores y en el barrio modernista, donde conocerás su historia y patrimonio.","Si quieres descubrir a fondo el Cabanyal te recomendamos la visita guiada que organiza VisitValència, una ruta  a pie que te adentra en el antiguo pueblo de pescadores y en el barrio modernista, con su arquitectura popular en viviendas del siglo XIX, donde conocerás también su historia y patrimonio.","Articulos del blog/el-cabanyal-el-barrio-de-moda-que-te-enamorara.txt"
"¿Qué tipo de ambiente puedo encontrar en el Cabanyal?","El Cabanyal se caracteriza por sus pequeños callejones y un ambiente social distinto, que ofrece un estilo de vida totalmente auténtico.","Es un barrio que se caracteriza por sus pequeños callejones, una disposición que también es responsable de un clima social distinto y un estilo de vida totalmente auténtico.","Articulos del blog/el-cabanyal-el-barrio-de-moda-que-te-enamorara.txt"
"¿Qué espacios combinan cultura, gastronomía y ocio nocturno en el Cabanyal?","En el Cabanyal, puedes encontrar espacios que combinan cultura, gastronomía y ocio nocturno como Mercabanyal, La Fábrica de Hielo o La Batisfera.","también han surgido en los últimos años espacios con propuestas culturales y una original carta, como es el caso de Mercabanyal, La Fábrica de Hielo o La Batisfera.","Articulos del blog/el-cabanyal-el-barrio-de-moda-que-te-enamorara.txt"
"¿Qué tipo de excursiones puedo hacer cerca de Valencia?","En un radio de aproximadamente una hora desde Valencia, puedes encontrar castillos, palacios, monasterios, yacimientos arqueológicos y otras muchas muestras del rico legado histórico de la provincia, así como una naturaleza agreste y una gastronomía local.","En un radio de aproximadamente una hora, encontrarás castillos, palacios, monasterios, yacimientos arqueológicos y otras muchas muestras del rico legado histórico de la provincia, así como una naturaleza agreste y una gastronomía local para chuparse los dedos.","Articulos del blog/excursiones-desde-valencia-para-viajeros-insaciables.txt"
"¿Dónde puedo practicar deportes acuáticos cerca de Valencia?","Puedes practicar kayak, piragüismo o pádel surf en las tranquilas aguas fluviales del río Júcar, al sur de Valencia.","Si buscas aventura, lánzate a explorar el río Júcar, que discurre al sur de Valencia. Puedes practicar el kayak, piragüismo o pádel surf en sus tranquilas aguas fluviales, o recorrer su ribera a caballo o en mountain bike.","Articulos del blog/excursiones-desde-valencia-para-viajeros-insaciables.txt"
"¿Qué puedo ver en Cullera?","En Cullera puedes disfrutar de extensas playas, visitar la Cueva Museo del Pirata Dragut para aprender sobre su pasado de saqueos piratas, y explorar su castillo de origen árabe.","Junto a la desembocadura del Júcar, Cullera ofrece extensas playas de fina arena donde practicar deportes náuticos o simplemente relajarse al sol. Descubre su enigmático pasado de saqueos piratas en los siglos XV y XVI en la Cueva Museo del Pirata Dragut, y disfruta de su rico patrimonio histórico y artístico en una visita a su castillo de origen árabe.","Articulos del blog/excursiones-desde-valencia-para-viajeros-insaciables.txt"
"¿Qué importancia tiene el Real Monasterio de Santa María de la Valldigna?","El Real Monasterio de Santa María de la Valldigna, fundado en 1298 en la población de Simat, es un lugar de interés histórico en el valle de la Valldigna, que impresionó al rey Jaime II de Aragón.","El Real Monasterio de Santa María de la Valldigna, fundado en 1298 en la población de Simat, o la Cova del Bolomor, un importante yacimiento paleolítico, son algunas de las visitas que no te puedes perder.","Articulos del blog/excursiones-desde-valencia-para-viajeros-insaciables.txt"
"¿Qué puedo visitar en Gandía relacionado con la familia Borgia?","En Gandía puedes visitar el Palacio Ducal de los Borja (o Borgia), un bello ejemplo del gótico civil valenciano y Bien de Interés Cultural.","Si te enganchó la serie de TV de Los Borgia, o simplemente te intriga saber más sobre esta famosa dinastía, no puedes dejar de visitar el Palacio Ducal de los Borja (o Borgia) en Gandía, la capital de la comarca de La Safor. No solo es uno de los más bellos ejemplos del gótico civil valenciano, sino todo un muestrario de diversos estilos arquitectónicos, lo que le valió su declaración como Bien de Interés Cultural.","Articulos del blog/excursiones-desde-valencia-para-viajeros-insaciables.txt"
"¿Qué actividades puedo hacer en la Vall d'Albaida?","En la Vall d'Albaida puedes hacer senderismo, cicloturismo, visitar castillos y ermitas, y disfrutar de la gastronomía local, incluyendo embutidos, vinos y aceites. Incluso puedes participar en la Ruta de los Almuerzos hasta el 20 de junio.","Aquí encontrarás espacios naturales donde hacer senderismo o cicloturismo, así como castillos, ermitas, antiguos molinos y refugios militares. Su rica gastronomía te tentará a hacer una, o varias paradas en el camino: para probar sus tradicionales embutidos, hacer una cata de vinos o de aceites, o simplemente disfrutar de un buen esmorzaret a media mañana. ¿Te apuntas a hacer la Ruta de los Almuerzos? Tienes hasta el 20 de junio para participar en esta sabrosa oportunidad.","Articulos del blog/excursiones-desde-valencia-para-viajeros-insaciables.txt"
"¿Qué lugares de interés hay en Bocairent?","En Bocairent puedes visitar su barrio medieval, disfrutar de vistas del valle, visitar las ""Covetes dels Moros"" y su plaza de toros excavada en roca.","Piérdete por su barrio medieval, con sus típicas casas apiñadas y sus callejuelas empinadas, y disfruta de las mejores vistas del valle desde sus miradores. Visita sus famosas “Covetes dels Moros” y no dejes de visitar su plaza de toros excavada en su mayoría en roca viva.","Articulos del blog/excursiones-desde-valencia-para-viajeros-insaciables.txt"
"¿Qué puedo ver en Xátiva?","En Xátiva puedes visitar el Castillo, la casa natalicia del papa Alejandro VI, la Colegiata Basílica de Santa María de La Seo y el Museo del Almudín.","La ardua subida al Castillo de Xátiva, fortaleza milenaria en lo alto del monte Vernissa, recompensa con vistas espectaculares sobre la ciudad y sus entornos. Xátiva es la cuna de la dinastía de los Borja, y aquí puedes seguir su legado, visitando los edificios más destacados, como la casa natalicia del papa Alejandro VI. En el recorrido por sus calles encontrarás palacios y casas señoriales, y joyas arquitectónicas como la Colegiata Basílica de Santa María de La Seo, de estilo renacentista. No dejes de visitar el Museo del Almudín, para descubrir por qué el famoso cuadro de Felipe V, pintado por José de Ribera, se expone boca abajo.","Articulos del blog/excursiones-desde-valencia-para-viajeros-insaciables.txt"
"¿Qué ofrece la Canal de Navarrés?","La Canal de Navarrés ofrece arte rupestre declarado Patrimonio de la Humanidad por la UNESCO, lagos y pozas naturales para nadar, y oportunidades para senderismo, rutas BTT y barranquismo.","En los abrigos de Río Grande y Millares se encuentra una buena parte de la colección de arte rupestre del arco mediterráneo que ha sido declarada Patrimonio de la Humanidad por la UNESCO. Haz un recorrido por poblaciones como Anna, Chella, Bolbaite, Quesa, Bicorp, Estubeny, Millares o Navarrés y date un chapuzón en alguno de sus lagos y pozas naturales, como el Gorgo Catalán o los Charcos de Quesa. El bello entorno natural ofrece también múltiples oportunidades para hacer senderismo, rutas BTT o barranquismo.","Articulos del blog/excursiones-desde-valencia-para-viajeros-insaciables.txt"
"¿Qué puedo hacer en el Monasterio de El Puig?","En el Monasterio de El Puig de Santa María puedes apuntarte a visitas guiadas que te trasladarán a la época de la conquista de Valencia, e incluso los niños pueden disfrazarse. También puedes visitar refugios y trincheras de la Guerra Civil.","Puedes apuntarte a diferentes visitas guiadas que te trasladarán a los tiempos de la conquista de Valencia, una era de caballeros y princesas. ¡Los más pequeños pueden incluso ir disfrazados de época! También puedes descubrir la historia más reciente de El Puig, visitando refugios y trincheras de la Guerra Civil.","Articulos del blog/excursiones-desde-valencia-para-viajeros-insaciables.txt"
"¿Qué se puede ver en Sagunto?","En Sagunto se puede visitar el Castillo, el Teatro Romano, la Casa dels Peixos y el Puerto de Sagunto.","De camino a Castellón desde Valencia, enseguida se vislumbra la silueta del Castillo de Sagunto, una impresionante fortaleza de casi un kilómetro de longitud en lo alto del cerro que protege la ciudad. De origen íbero, el castillo resistió el asedio de las tropas cartaginesas de Anibal en el siglo V, y conserva numerosos restos de la era romana, como el foro o el parcialmente reconstruido Teatro Romano, donde cada verano se celebra el festival de teatro Sagunt a Escena. También por la ciudad encontrarás espacios arqueológicos que muestran la antigua Saguntum romana, como la Casa dels Peixos. Acércate también al Puerto de Sagunto para descubrir su patrimonio industrial o darte un paseo por sus playas.","Articulos del blog/excursiones-desde-valencia-para-viajeros-insaciables.txt"
"¿Qué experiencias ofrece Ademuz?","Ademuz ofrece paseos por el río Bohilgues, visitas al asentamiento íbero de La Celadilla, un viaje al pasado en la aldea de Sesga y degustación de productos típicos.","Disfruta de su bello entorno natural y su patrimonio histórico con los cinco sentidos, gracias a un programa de experiencias que incluye paseos por el río Bohilgues, visitas al asentamiento íbero de La Celadilla, o un viaje al pasado en la aldea de Sesga, un lugar literalmente detenido en el tiempo desde 1964. Y, por supuesto, no puede faltar una degustación de los productos típicos de la zona.","Articulos del blog/excursiones-desde-valencia-para-viajeros-insaciables.txt"
"¿Existe algún tipo de descuento para actividades en la Comunidad Valenciana?","Sí, si vives en la Comunidad Valenciana, puedes beneficiarte de los descuentos que la Tarjeta València On ofrece en más de 200 actividades.","Si vives en la Comunidad Valenciana, puedes beneficiarte de los descuentos que la Tarjeta València On ofrece en más de 200 actividades.","Articulos del blog/excursiones-desde-valencia-para-viajeros-insaciables.txt"
"¿Qué deporte tradicional valenciano puedo presenciar en el Trinquet de Pelayo?","Puedes presenciar una partida de pilota valenciana en el Trinquet de Pelayo. Se describe como una especie de tenis de dobles o triples sin raquetas, donde los jugadores golpean una pelota de cuero con las manos.","Para comprobarlo, no tienes más que acercarte a una partida de pilota valenciana en sitios como el Trinquet de Pelayo. Se trata de una especie de tenis de dobles (o triples) pero sin raquetas, en las que los jugadores golpean una pequeña pelota de cuero con las manos.","Articulos del blog/experiencias-100-valencianas.txt"
"¿Qué es el 'esmorzaret' y cuándo se suele tomar?","El 'esmorzaret' es una auténtica institución en València. Es un tentempié que se toma a media mañana, donde se suelen picotear cacaos del collaret y aceitunas mientras se prepara un bocadillo. Se puede encontrar a precios asequibles en bares por toda la ciudad.","El almuerzo o esmorzaret es una auténtica institución en València. Un buen valenciano puede pasar sin desayunar, o tomando solo un café rápido, pero a media mañana nadie le puede quitar este sabroso tentempié. Lo tradicional es picotear unos cacaos del collaret y unas aceitunas mientras el chef prepara el bocadillo (de media barra o entera) de tortilla o cualquiera que sea su especialidad.","Articulos del blog/experiencias-100-valencianas.txt"
"¿Dónde puedo aprender a cocinar paella valenciana?","Puedes aprender a cocinar paella valenciana en la Escuela de Arroces y Paellas.","Si quieres añadir la tuya, aprende primero las bases en la Escuela de Arroces y Paellas, y luego podrás impresionar a tus amigos y familiares en casa con tu propia paella.","Articulos del blog/experiencias-100-valencianas.txt"
"¿Qué es una 'mascletà'?","Una 'mascletà' es un espectáculo pirotécnico muy valenciano, caracterizado por una gran cantidad de ruido, vibraciones y olor a pólvora que se realiza durante el día.","Pero, de todos los espectáculos pirotécnicos, el más valenciano es tal vez la mascletà, una auténtica locura de ruido, vibraciones y olor a pólvora en medio del día, incomprensible para muchos.","Articulos del blog/experiencias-100-valencianas.txt"
"¿Dónde puedo disfrutar de conciertos de música en Valencia?","Puedes disfrutar de conciertos en la Pérgola en la Marina de València.","Si no, acércate a la Pérgola en la Marina de València  y disfruta de los conciertos.","Articulos del blog/experiencias-100-valencianas.txt"
"¿Qué tipo de carne lleva la paella valenciana tradicional?","La paella valenciana tradicional lleva pollo y conejo, no marisco ni chorizo.","Cada valenciano puede tener su opinión sobre la mejor forma de cocinar una tradicional paella valenciana (con pollo y conejo, nada de marisco ni mucho menos chorizo)","Articulos del blog/experiencias-100-valencianas.txt"
"¿Qué puedo hacer si me interesa la música en Valencia?","Si te interesa la música en Valencia, puedes encontrar varias escuelas de música en la ciudad o apuntarte a un taller de batucada.","Si quieres emularles, encontrarás varias escuelas de música en la ciudad o puedes apuntarte a un taller de batucada.","Articulos del blog/experiencias-100-valencianas.txt"
"¿Cuándo se celebran las Fallas en Valencia?","Las Fallas se celebran en marzo.","Un año más, en marzo damos la bienvenida a las Fallas, una fiesta que hay que vivir al menos una vez en la vida.","Articulos del blog/ganas-de-fallas-preparate-que-empiezan.txt"
"¿Por qué es recomendable caminar o usar el metro durante las Fallas?","Durante las Fallas, muchas calles están cortadas al tráfico debido a los monumentos falleros y las actividades. Por lo tanto, la mejor forma de desplazarse es caminando o en metro.","Debido a los cientos de monumentos falleros (también llamados “fallas”) y la cantidad de actividades que se realizan por los distintos barrios, muchas de las calles permanecen cortadas al tráfico. Por eso, la mejor forma de desplazarse es caminando o en metro.","Articulos del blog/ganas-de-fallas-preparate-que-empiezan.txt"
"¿Qué es la Crida?","La Crida es el acto que da inicio a las Fallas. Es un espectáculo lleno de luz y color en el que la Fallera Mayor invita a falleros, turistas y valencianos a vivir las Fallas desde las Torres de Serrano.","Estas fiestas dan su pistoletazo de salida con La Crida. Un espectacular acto lleno de luz y color en el que la Fallera Mayor invita desde las medievales Torres de Serrano, a falleros, turistas y valencianos a vivir las Fallas.","Articulos del blog/ganas-de-fallas-preparate-que-empiezan.txt"
"¿Dónde puedo ver la Exposición del Ninot?","La Exposición del Ninot se exhibe en el Museo de las Ciencias de la Ciudad de las Artes y las Ciencias.","Si no puedes esperar, puedes asomarte a las Fallas en el Museo de las Ciencias de la Ciudad de las Artes y las Ciencias, donde ya se exhibe la Exposición del Ninot.","Articulos del blog/ganas-de-fallas-preparate-que-empiezan.txt"
"¿Qué es el Ninot Indultat?","El Ninot Indultat es la figura favorita elegida por el público en la Exposición del Ninot. Esta figura se salva de las llamas y pasa a formar parte de la historia en el Museo Fallero.","Allí, más de 700 figuras, las mejores de cada Falla, esperan a que el público elija su favorita, que será el Ninot Indultat, se salvará de las llamas y será para siempre historia en el Museo Fallero.","Articulos del blog/ganas-de-fallas-preparate-que-empiezan.txt"
"¿A qué hora se disparan las mascletàs durante las Fallas?","Durante las Fallas, del 1 al 19 de marzo, se dispara una mascletà todos los días a las 14:00 horas en la Plaza del Ayuntamiento.","Desde el 1 hasta el 19 de marzo, todos los días se dispara una a las 14:00 horas en la Plaza del Ayuntamiento por los mejores pirotécnicos.","Articulos del blog/ganas-de-fallas-preparate-que-empiezan.txt"
"¿Cómo puedo ver una mascletà desde un lugar privilegiado?","Puedes reservar un sitio en un mirador VIP en un balcón de la Plaza del Ayuntamiento para ver y escuchar la mascletà de la mejor forma.","Puedes reservar tu sitio en un mirador VIP y disfrutar de la mascletà desde un lugar privilegiado.","Articulos del blog/ganas-de-fallas-preparate-que-empiezan.txt"
"¿Qué son las Fallas de la Sección Especial?","Las Fallas de la Sección Especial son las mejores fallas elegidas por el jurado de la Junta Central Fallera.","Cada año, el jurado de la Junta Central Fallera determina cuáles son las mejores fallas, que serán las que formarán parte de la Sección Especial.","Articulos del blog/ganas-de-fallas-preparate-que-empiezan.txt"
"¿Qué puedo aprender con la visita guiada a las Fallas de la Sección Especial?","Con la visita guiada a las fallas de Sección Especial, descubrirás el origen de las Fallas, cómo es su fiesta, sus trajes típicos y su tradición musical.","Con la visita guiada a las fallas de Sección Especial descubrirás también el origen de las Fallas, cómo es su fiesta, sus trajes típicos y su tradición musical.","Articulos del blog/ganas-de-fallas-preparate-que-empiezan.txt"
"¿Dónde se encuentra la falla municipal?","La falla municipal se encuentra en la Plaza del Ayuntamiento.","Recuerda reservar un momento para acercarte a ver la falla municipal, en la Plaza del Ayuntamiento.","Articulos del blog/ganas-de-fallas-preparate-que-empiezan.txt"
"¿Qué es la Ofrenda?","La Ofrenda es un acto en el que todas las comisiones falleras ofrecen flores a la Virgen de los Desamparados, patrona de la ciudad. Se coloca una reproducción de la Virgen en la Plaza de la Virgen, adornándola con las flores.","Sin duda, la ofrenda es el acto más emotivo para los falleros y más emocionante para los valencianos. Todas las comisiones o fallas hacen una ofrenda de flores a la Virgen de los Desamparados, patrona de la ciudad. En la Plaza de la Virgen se coloca una inmensa reproducción de la patrona, la “Geperudeta”, a la que se adorna con un colorido manto con las flores que los falleros le ofrendan.","Articulos del blog/ganas-de-fallas-preparate-que-empiezan.txt"
"¿Cuándo y por dónde pasa el pasacalles de la Ofrenda?","El pasacalles de la Ofrenda se celebra las tardes del 17 y 18 de marzo y discurre por la calle de la Paz y por la calle San Vicente.","El pasacalles, que se celebra las tardes del 17 y el 18 de marzo, en su recta final discurre por la calle de la Paz y por la calle San Vicente","Articulos del blog/ganas-de-fallas-preparate-que-empiezan.txt"
"¿Qué es la Cremà y cuándo ocurre?","La Cremà es la noche en la que se queman todos los monumentos falleros, el 19 de marzo, día de San José. A las 20:00 se queman las fallas infantiles y a las 22:00 las grandes.","La noche de la crema es el 19 de marzo, día de San José. Los valencianos se despiden de las fallas reduciendo a cenizas todos los monumentos falleros. A las 20:00 horas se queman las fallas infantiles y a las 22:00 las grandes","Articulos del blog/ganas-de-fallas-preparate-que-empiezan.txt"
"¿A qué hora se queman las fallas que ganan el primer premio de la Sección Especial y la de la Plaza del Ayuntamiento?","La falla que gana el primer premio de la Sección Especial arde a las 22:30, y la de la Plaza del Ayuntamiento a las 23:00.","a excepción del primer premio de la Sección Especial y la de la Plaza del Ayuntamiento, que arderán a las 22:30 y 23:00 respectivamente.","Articulos del blog/ganas-de-fallas-preparate-que-empiezan.txt"
"¿Qué actividades puedo realizar en las playas de la Malvarrosa y el Cabanyal además de nadar y tomar el sol?","En las playas de la Malvarrosa y el Cabanyal puedes realizar actividades náuticas de recreo, disfrutar de experiencias gastronómicas con sabor mediterráneo y relajarte en tumbonas.","En la Malvarrosa y el Cabanyal puedes hacer muchas actividades además de refrescarte en el mar o tomar el sol. Diviértete con alguna salida náutica de recreo, disfruta de una experiencia gastronómica con todo el sabor mediterráneo o relájate en sus tumbonas.","Articulos del blog/guia-para-vivir-tu-mejor-dia-de-playa-en-valencia.txt"
"¿Qué deportes acuáticos puedo practicar en las playas de Valencia?","En las playas de Valencia puedes practicar motos de agua, paddle surf y windsurf.","Vamos allá, motos de agua, paddle surf y windsurf, por poner algún ejemplo…","Articulos del blog/guia-para-vivir-tu-mejor-dia-de-playa-en-valencia.txt"
"¿Dónde puedo alquilar una hamaca y disfrutar de un masaje relajante en la playa?","Puedes alquilar una hamaca y disfrutar de un masaje relajante en Mar y Sombra, donde también venden bebidas, helados, bocadillos y accesorios para la playa. De lunes a viernes, si pagas por un masaje, te regalan una hamaca.","Mar y Sombra es la solución para tu necesidad de confort. Cuentan con hamacas y puestos de ventas de bebidas, helados, bocadillos y accesorios para tu día perfecto de playa. Además, tienen expertos masajistas que te dejarán el cuerpo y la mente como nuevos. De lunes a viernes si pagas por un masaje tendrás también una hamaca gratis.","Articulos del blog/guia-para-vivir-tu-mejor-dia-de-playa-en-valencia.txt"
"¿Qué restaurantes recomiendan para comer paella valenciana frente al mar?","Algunos de los restaurantes más populares para comer paella valenciana en el paseo marítimo son Brasserie Sorolla, La alegría de la huerta, Casa Carmela y Casa Isabel.","Algunos de los locales más populares son: Brasserie Sorolla, La alegría de la huerta, Casa Carmela, Casa Isabel.","Articulos del blog/guia-para-vivir-tu-mejor-dia-de-playa-en-valencia.txt"
"¿Cuál es la bebida típica de Valencia que debo probar en la playa?","La bebida típica de Valencia que debes probar es la horchata con fartons. La horchata es un refresco dulce hecho a partir de la chufa, y se suele beber con fartons, un tipo de bollo dulce.","Es la hora de la horchata con fartons. Se trata de la bebida típica valenciana, creada hace muchos años en Alboraya (municipio a cinco minutos de la ciudad). Este refresco dulce, preparado a partir de la chufa, suele beberse en la merienda con fartons, una variedad de bollo dulce que se moja en horchata.","Articulos del blog/guia-para-vivir-tu-mejor-dia-de-playa-en-valencia.txt"
"¿Dónde puedo ver el atardecer en la playa mientras tomo algo?","Puedes disfrutar del atardecer en uno de los muchos chiringuitos del Paseo Marítimo o en Varadero, donde puedes tomar copas, cervezas artesanales y tapas.","La mejor opción es tomar asiento en uno de los muchos chiringuitos que hay en el Paseo Marítimo. Puedes pedirte un cóctel, refresco o algo para picar, mientras ves cómo el cielo cambia de azul a violeta, malva, rosa… y, a veces, hasta rojo. Si en vez de un chiringuito, prefieres un local, entonces el sitio ideal es Varadero. Allí puedes ir de ‘tardeo’ para tomar unas copas entre amigos, catar cervezas artesanales y degustar tapas únicas.","Articulos del blog/guia-para-vivir-tu-mejor-dia-de-playa-en-valencia.txt"
"¿Qué puedo hacer para terminar un día de playa de forma especial?","Para terminar el día de playa de forma especial, puedes cenar en un buen restaurante de La Marina, como El camarote & The Roof o Vlue Arribar.","Por eso, una cena con sobremesa, en un buen restaurante de La Marina, será un broche de oro estupendo. En El camarote & The Roof, por ejemplo, encontrarás la mejor cocina mediterránea y una exclusiva selección de productos locales. Su ubicación es privilegiada. Puedes reservar aquí. Otra opción es Vlue Arribar. Su extensa carta de arroces, pescados y carnes te encantará.","Articulos del blog/guia-para-vivir-tu-mejor-dia-de-playa-en-valencia.txt"
"¿Dónde puedo encontrar información turística cerca de la playa?","Junto al hotel Las Arenas hay una oficina de información turística que está abierta en la temporada estival.","Si necesitas cualquier información, junto al hotel Las Arenas encontrarás una oficina de información turística, abierta en la temporada estival.","Articulos del blog/guia-para-vivir-tu-mejor-dia-de-playa-en-valencia.txt"
"¿Qué tipo de entrantes valencianos puedo probar en los restaurantes de la playa?","Puedes probar entrantes como el esgarraet, las clochinas, las tellinas o el sepionet.","¡Te sorprenderán tanto sus entrantes, con tapeo valenciano puro, como el esgarraet, las clochinas, las tellinas o el sepionet; como el largo listado de arroces, mariscos y pescados!","Articulos del blog/guia-para-vivir-tu-mejor-dia-de-playa-en-valencia.txt"
"¿Qué es el 'esmorzaret' en Valencia?","El 'esmorzaret' es un almuerzo sagrado en Valencia. Consiste en un tentempié a media mañana, generalmente en una terraza, con cacaus del collaret y encurtidos, una bebida y un bocadillo sustancioso.","El almuerzo o esmorzaret es sagrado en València. A media mañana, no hay nada como un buen tentempié al sol en una terraza, con un aperitivo de cacaus del collaret y encurtidos, una bebida y el bocadillo más sustancioso que te puedas imaginar.","Articulos del blog/guia_2022_esp_web.txt"
"¿Qué es la mascletà y cuándo se realiza?","La mascletà es un espectáculo pirotécnico que se escucha, se respira y se siente. Se realiza a las 14:00h del 1 al 19 de marzo y en otras festividades como el 9 de octubre.","Prepárate para vivir los minutos más intensos de tu visita. Un espectáculo pirotécnico que, más que verse, se escucha, se respira y se siente. Vibra conforme el ritmo y volumen de las explosiones va aumentando hasta hacer temblar el suelo, literalmente. Se hacen a las 14:00h del 1 al 19 de marzo y en otras festividades como el 9 de octubre","Articulos del blog/guia_2022_esp_web.txt"
"¿Qué es la pilota valenciana?","La pilota valenciana es un juego similar al tenis, pero sin raquetas. Dos equipos golpean una pequeña pelota de cuero con las manos, y se juega en los tradicionales trinquetes.","Imagínate un frenético partido de tenis, pero sin raquetas, entre dos equipos que golpean una pequeña pelota de cuero con sus manos. Es la pilota valenciana y se juega en los tradicionales trinquetes, donde los espectadores viven la acción muy de cerca.","Articulos del blog/guia_2022_esp_web.txt"
"¿Qué es el socarrat?","El socarrat son los sabrosos granos de arroz algo quemados que quedan pegados al fondo de la paella, y por los que a veces se pelean los comensales.","La paella es mucho más que un delicioso plato. Es una ocasión social en la que juntarse con amigos o familiares en torno a la mesa y, cuchara en mano, echarse unas risas, charlar o pelearse por el socarrat, esos sabrosos granos de arroz algo quemados que quedan pegados al fondo.","Articulos del blog/guia_2022_esp_web.txt"
"¿Cuándo se celebran las Fallas de Valencia?","Las Fallas se celebran entre el 15 y el 19 de marzo, aunque hay eventos previos desde principios de febrero.","Si puedes, visita València entre el 15 y el 19 de marzo para vivir Las Fallas con toda su intensidad: los impresionantes monumentos falleros, la pasión de la Ofrenda, el olor a pólvora y buñuelos en las calles, la cremà... Si no, siempre puedes acercarte al Museo Fallero o el Museo del Artista Fallero.","Articulos del blog/guia_2022_esp_web.txt"
"¿Qué puedo ver en Las Fallas además de los monumentos?","Además de los monumentos falleros, puedes disfrutar de mascletàs diarias, castillos de fuegos artificiales, la Ofrenda de flores a la Virgen de los Desamparados, iluminaciones espectaculares en las calles, música de bandas y un gran ambiente festivo.","Aunque el mayor atractivo de Las Fallas es deambular por las calles y admirar de cerca estos monumentos, la fiesta en sí tiene muchos otros componentes que no te puedes perder: Mascletàs diarias a las 14:00 h del 1 al 19 de marzo en la Plaza del Ayuntamiento. Castillos de fuegos artificiales por la noche, del 15 al 18 de marzo en el Jardín del Turia. Ofrenda de flores: El 17 y 18 de marzo, miles de valencianos vestidos con la indumentaria tradicional llevan flores a la Virgen de los Desamparados, creando un colorido manto sobre la gigantesca imagen de la patrona de València que se coloca en la Plaza de la Virgen. Espectaculares iluminaciones en algunas calles. Destacan las del barrio de Ruzafa. Música de bandas, puestos de comida y un gran ambiente de fiesta en las calles.","Articulos del blog/guia_2022_esp_web.txt"
"¿Cuál es el edificio gótico civil más destacado de Valencia?","La Lonja de la Seda es el edificio de estilo gótico civil más destacado de Valencia. Fue declarada Patrimonio de la Humanidad por la UNESCO en 1996.","La Lonja de la Seda, llamada también Lonja de los Mercaderes, es el edificio de estilo gótico civil más destacado de València. Fue iniciado por el cantero Pere Compte en el siglo XV y se convirtió en monumento emblemático del Siglo de Oro valenciano por la revolución comercial y social que supuso en aquella época el comercio de la seda y otras materias. [...] Declarada Patrimonio de la Humanidad por la UNESCO en 1996, la Lonja consta de cuatro partes visitables: el Salón de Contratación o Columnario, el Pabellón del Consulado o Consulado del Mar; el Salón Principal o Cámara del Consulado y el Patio de los Naranjos.","Articulos del blog/guia_2022_esp_web.txt"
"¿Dónde puedo ver el Tribunal de las Aguas?","El Tribunal de las Aguas se reúne los jueves (salvo festivos) a las 12:00h en la Puerta de los Apóstoles de la Catedral.","El Tribunal de las Aguas: La institución jurídica más antigua de Europa, declarada Patrimonio Inmaterial de la Humanidad en 2009, se reúne para regular el buen uso del agua de riego en la huerta valenciana desde los tiempos de los árabes. Ocho representantes de las acequias que surten agua del río Turia se reúnen los jueves (salvo festivos) a las 12:00h en la Puerta de los Apóstoles de la Catedral.","Articulos del blog/guia_2022_esp_web.txt"
"¿Qué estilos arquitectónicos puedo encontrar en Valencia?","En Valencia puedes encontrar una gran variedad de estilos arquitectónicos, desde el origen romano, pasando por el gótico (Catedral, Lonja), el barroco (Museo Nacional de Cerámica), el modernismo (Mercado de Colón, Estación del Norte) hasta la arquitectura vanguardista (Ciutat de les Arts i les Ciències).","Un paseo por València revela todo un abanico de estilos arquitectónicos, desde el origen romano de la ciudad, pasando por las Torres de Serranos y Quart, únicos restos de la muralla medieval, hasta los edificios más vanguardistas. En el centro histórico se encuentran magníficos ejemplos de arquitectura gótica, como la Catedral, la Lonja de la Seda, el Palacio de los Borgia o el Palacio de la Generalitat. La fachada del Museo Nacional de Cerámica (Palacio del Marqués de Dos Aguas) es una muestra espectacular del estilo barroco. El Modernismo floreció en la València a principios del siglo XX, dejando joyas como el Mercado de Colón y el Central, el Palacio de la Exposición, Bombas Gens y edificios privados como Casa Chapa, Ferrer u Ortega. También merece la pena entrar en la Estación del Norte, aunque no sea para coger un tren, solo por admirar los mosaicos de su interior. En las últimas décadas, arquitectos de renombre internacional han dejado su huella en València. La Ciutat de les Arts i les Ciències es obra del valenciano Santiago Calatrava, Norman Foster diseñó el Palacio de Congresos y a la entrada de la Marina de València se puede admirar el edificio Veles e Vents de David Chipperfield y Fermín Vázquez.","Articulos del blog/guia_2022_esp_web.txt"
"¿Dónde puedo encontrar restos de la muralla islámica en Valencia?","Puedes encontrar un tramo de la muralla islámica en la Galería del Tossal, bajo la plaza del Tossal.","Galería del Tossal: Bajo la bulliciosa plaza del Tossal, en pleno centro histórico, se encuentra esta cripta arqueológica, donde se puede contemplar un tramo de la muralla islámica erigido en el siglo XII. La sala se utiliza a menudo para realizar exposiciones temporales.","Articulos del blog/guia_2022_esp_web.txt"
"¿Qué puedo visitar en el Ayuntamiento de Valencia?","En el Ayuntamiento de Valencia se puede visitar el Salón de Plenos, el Salón de Cristal, el Balcón del Ayuntamiento y el Museo Histórico. Ten en cuenta que el Salón de Plenos no se puede visitar los días de celebración de plenos.","Ayuntamiento de València: Se puede visitar el Salón de Plenos, el Salón de Cristal, el Balcón del Ayuntamiento y el Museo Histórico. Los días de celebración de plenos en el Ayuntamiento, el Salón de Plenos no podrá ser visitado. Para solicitar una visita guiada gratuita, hay que concertarla previamente con el Museo Histórico Municipal por teléfono.","Articulos del blog/guia_2022_esp_web.txt"
"¿Dónde puedo ver la cúpula más grande de Valencia?","La cúpula más grande de Valencia se encuentra en la iglesia del Real Colegio de las Escuelas Pías.","Real Colegio de las Escuelas Pías: Conocida por sustentar la cúpula más grande de València, la iglesia del Real Colegio de las Escuelas Pías, declarada Monumento Artístico Nacional, es una referencia del neoclasicismo valenciano. Construida en 1771, se compone de dos elementos principales: su fachada y su iglesia de planta circular, que se eleva hasta los 48 metros de altura y sostiene una de las cúpulas más grandes de Europa.","Articulos del blog/guia_2022_esp_web.txt"
"¿Dónde puedo encontrar ejemplos de arte urbano en Valencia?","Los mejores ejemplos de arte urbano en Valencia se pueden encontrar en los barrios de Russafa, Cabanyal-Canyamelar y en el centro histórico.","No hace falta entrar en museos para disfrutar del arte en València. Muros y paredes de edificios en calles y plazas por toda la ciudad se convierten en un lienzo donde los artistas urbanos locales dan rienda suelta a su imaginación e ingenio. Los mejores ejemplos de arte urbano se pueden encontrar en los barrios de Russafa, Cabanyal-Canyamelar, y también en el centro histórico.","Articulos del blog/guia_2022_esp_web.txt"
"¿Qué puedo encontrar en Bombas Gens?","Bombas Gens alberga la colección de arte contemporáneo de la fundación Per Amor a l’Art, un restaurante con dos estrellas Michelin, una bodega medieval y un refugio antiaéreo de la Guerra Civil.","Bombas Gens: Arte con sabor Avenida Burjassot 54 Bombas Gens Centre d’Art ocupa una antigua fábrica de bombas hidráulicas construida en torno a 1930 en el típico estilo Art Deco de la época. Sus extensas naves albergan la colección de arte contemporáneo de la fundación Per Amor a l’Art, que incluye tanto fotografía como pintura y escultura. En continuo crecimiento, reúne más de 1.500 obras de más de 150 autores. Además de ofrecer un completo programa de exposiciones, actividades culturales y proyectos educativos, el centro alberga también una bodega medieval y un refugio antiaéreo de la Guerra Civil. Para poner el broche de oro a la visita, a su entrada se encuentra el restaurante Ricard Camarena, galardonado con dos estrellas Michelin.","Articulos del blog/guia_2022_esp_web.txt"
"¿En qué museo puedo ver la colección de soldaditos de plomo más grande del mundo?","La colección de soldaditos de plomo más grande del mundo se encuentra en L'Iber - Museo de los Soldaditos de Plomo.","L'Iber – Museo de los Soldaditos de Plomo: El mayor museo de miniaturas históricas del mundo, con más de 95.000 piezas expuestas, ubicado en un antiguo palacio de estilo gótico.","Articulos del blog/guia_2022_esp_web.txt"
"¿Cuáles son los colores predominantes en Valencia?","Los colores predominantes en Valencia son terracota, blanco y siena.","Terracota, blanco y siena; torres como agujas y cúpulas de color cobalto.","Articulos del blog/guia_completa_valencia_castellano_Comunitat.txt"
"¿Por qué Valencia se ha puesto de moda para visitar?","Valencia se ha puesto de moda para visitar por sus vídeos y el trencadís, y por la tentación digital. También se la considera sinónimo de lo moderno y equivalente a lo insólito.","Es Valencia, la de los vídeos y el trencadís, la de la tentación digital. El sinónimo de lo moderno, la equivalencia de lo insólito, lo podemos encontrar aquí.","Articulos del blog/guia_completa_valencia_castellano_Comunitat.txt"
"¿Qué tipo de turismo ha experimentado el mayor crecimiento en Valencia?","El turismo urbano ha tenido el mayor crecimiento en Valencia, convirtiéndola en una ciudad europea destacada.","Valencia es la ciudad europea donde el turismo urbano ha tenido el mayor crecimiento.","Articulos del blog/guia_completa_valencia_castellano_Comunitat.txt"
"¿Qué tipo de eventos atraen a los turistas a Valencia?","Los eventos deportivos, como la America's Cup o la Fórmula 1, atraen a los turistas a Valencia.","Todo ello, unido a los eventos de raíz deportiva, como la America’s Cup o la Fórmula 1, le han hecho destacar entre las ciudades españolas y situarse en un nivel europeo envidiable.","Articulos del blog/guia_completa_valencia_castellano_Comunitat.txt"
"¿Qué características geográficas definen a Valencia?","Valencia se encuentra entre el mar y la huerta, con un cielo radiante y un suelo que invita a la serenidad. Está situada en la orilla oriental de la península, en el centro de un profundo golfo.","Entre el mar y la huerta, un cielo radiante y un suelo que invita a la serenidad, ahí tenéis toda una ciudad por descubrir. En la orilla oriental de la península, aquí está el puerto más cercano y accesible a la Meseta y a la capital de España, la puerta de entrada de los barcos que hacen la ruta desde Oriente. Con las Baleares al alcance de la mano, la ciudad de Valencia –amiga y competidora de Nápoles y Túnez, de Marsella y Barcelona– ocupa el centro de un profundo golfo y lidera una de las más dinámicas áreas metropolitanas del país.","Articulos del blog/guia_completa_valencia_castellano_Comunitat.txt"
"¿Qué dos ríos importantes tiene Valencia?","Valencia tiene dos ríos, el Turia y el Xúquer, aunque el Turia ha sido desviado y su antiguo cauce es ahora un parque.","Ciudad con dos ríos, Valencia tiene un singular parque, de más de diez kilómetros de longitud, por donde antes discurría el Turia. Con todo, esa llanura natural del Turia, que se une con el valle del Xúquer y alimenta el lago de l’Albufera, está rodeada de un paisaje muy montañoso.","Articulos del blog/guia_completa_valencia_castellano_Comunitat.txt"
"¿Qué parque natural se encuentra en el término municipal de Valencia?","El parque natural de l'Albufera, un lago de agua dulce situado a escasos metros del mar, se encuentra en el término municipal de Valencia.","Esta es la única gran capital española que tiene un parque natural en su término municipal, l’Albufera, un hermoso lago de agua dulce situado a escasos metros del mar.","Articulos del blog/guia_completa_valencia_castellano_Comunitat.txt"
"¿Qué porcentaje del término municipal de Valencia es un parque natural protegido?","El cuarenta por ciento del término municipal de Valencia es un parque natural protegido, correspondiente a la laguna de l'Albufera.","De ese modo, el cuarenta por ciento del término municipal de Valencia resulta ser un parque natural protegido, inundado en invierno e intensamente verde de arrozales en verano.","Articulos del blog/guia_completa_valencia_castellano_Comunitat.txt"
"¿Cuál es la población aproximada de la ciudad de Valencia?","La ciudad de Valencia tiene algo más de 800.000 habitantes, y con su área metropolitana alcanza aproximadamente un millón y medio de habitantes.","La ciudad de Valencia tiene algo más de 800.000 habitantes y está rodeada de un conjunto de cuarenta poblaciones de tamaño diverso, con las que configura una conurbación de millón y medio de habitantes aproximadamente.","Articulos del blog/guia_completa_valencia_castellano_Comunitat.txt"
"¿Qué importancia tiene el puerto para Valencia?","El puerto es una pieza clave en la geografía y el desarrollo de la ciudad, siendo la salida natural al Mediterráneo para Madrid y el centro de la Península, y un importante punto de entrada para productos importados de Asia.","Una pieza clave en la geografía y el desarrollo de la ciudad es su puerto, que también configura el paisaje de Valencia. Es la salida lógica, natural y más cercana al Mediterráneo de la capital de España, Madrid, y de todo el centro de la Península. Valencia, en estos momentos, es líder nacional en tráfico comercial y la gran puerta de entrada en Europa de los productos importados de Asia de la que llegan gigantescos buques.","Articulos del blog/guia_completa_valencia_castellano_Comunitat.txt"
"¿Cómo es el clima en Valencia?","El clima en Valencia es benigno, con un mar que atempera el verano y un sol que caldea los inviernos. Las temperaturas tienen suaves oscilaciones entre estaciones y pocos días al año hace verdadero frío. La estación más lluviosa es el otoño.","El clima es benigno en Valencia. El mar atempera el verano y el sol caldea los inviernos. Las temperaturas tienen suaves oscilaciones entre estaciones y pocos días al año se puede hablar en la ciudad de frío verdadero. La estación más lluviosa es el otoño, donde en ocasiones pueden darse temporales duros, con lluvias torrenciales propias de la cuenca mediterránea.","Articulos del blog/guia_completa_valencia_castellano_Comunitat.txt"
"¿Cómo se transformó el antiguo cauce del río Turia?","El antiguo cauce del río Turia fue desviado después de la riada de 1957 y posteriormente convertido en un parque de unos diez kilómetros de longitud, que ahora es el eje verde de la ciudad.","El río Turia, que ha configurado la geografía urbana con temibles avenidas, fue desviado después de la devastadora riada de 1957 y se le construyó un anchuroso cauce nuevo por el sur. El antiguo cauce, que traza un arco que abraza el viejo casco de la ciudad protegido en su día por murallas, fue convertido paulatinamente en un parque a partir de los años ochenta. Ese jardín, de unos diez kilómetros de longitud, es ahora el eje verde de la ciudad.","Articulos del blog/guia_completa_valencia_castellano_Comunitat.txt"
"¿Qué singularidad tiene Valencia con respecto a los ríos?","Valencia tiene la singularidad de ser una de las pocas ciudades del mundo que exhibe dos cauces para un mismo río, aunque el viajero probablemente verá el antiguo cauce seco.","Valencia tiene una singularidad: es una de las pocas ciudades del mundo que exhibe dos cauces para un mismo río, que el viajero probablemente verá seco.","Articulos del blog/guia_completa_valencia_castellano_Comunitat.txt"
"¿Qué es la Ciudad de las Artes y las Ciencias?","La Ciudad de las Artes y las Ciencias es el conjunto de edificios de arquitectura de vanguardia más espectacular de España, con obras de Santiago Calatrava y Félix Candela, que incluye el Palau de les Arts Reina Sofía, l’Hemisfèric, el Museo de les Ciències Príncipe Felipe, l’Umbracle, el puente de l’Assut de l’Or y el Ágora.","Allí, sobre una gran parcela triangular de unas 35 hectáreas, un suelo llano a caballo entre el Turia y la huerta, terminaría por nacer la Ciudad de las Artes y las Ciencias, el más espectacular conjunto de edificios de arquitectura de vanguardia que se puede conocer en España, seis obras capitales de Santiago Calatrava, un arquitecto de fama internacional nacido en Valencia en 1951. Grandes edificios y construcciones de Santiago Calatrava componen la Ciudad de las Artes y las Ciencias: el Palau de les Arts Reina Sofía, el viaducto de Monteolivete,  l’Hemisfèric, l’Umbracle, el Museo de les Ciències Príncipe Felipe, el puente de l’Assut de l’Or y el Ágora. Aunque en él no hay arquitectura de Calatrava, sino de otros arquitectos también singulares, como Félix Candela, el parque Oceanográfico completa este singular conjunto de instalaciones nacido con vocación científica, artística, cultural, recreativa y didáctica, entre los años 1995 y 2010.","Articulos del blog/guia_completa_valencia_castellano_Comunitat.txt"
"¿Qué tipo de hoteles con piscina puedo encontrar en Valencia?","En Valencia puedes encontrar hoteles con piscina rodeados de naturaleza, con vistas a la ciudad o con una ubicación estratégica, tanto dentro como fuera de la ciudad.","Pues aquí tienes la mejor selección para tu viaje a València. 10 hoteles dentro y fuera de la ciudad donde encontrarás ese chapuzón que necesitas para poner un punto final y refrescante a tus recorridos por la ciudad. Rodeado de naturaleza, en el mismo centro histórico o con las mejores vistas.","Articulos del blog/hoteles-con-piscina-en-valencia.txt"
"¿Dónde se encuentra el hotel Ad Hoc Parque y qué ofrece?","El hotel Ad Hoc Parque se encuentra a 17 kilómetros de Valencia, en Bétera. Ofrece una piscina rodeada de árboles y verde, combinando la comodidad de un hotel urbano con el placer de un hotel rural. Tiene vistas a la Sierra de la Calderona y acceso a un campo de golf cercano.","El hotel Ad Hoc Parque se ubica a 17 kilómetros de València, en una tranquila y exclusiva urbanización de la localidad de Bétera. Sus encantadores espacios combinan la comodidad de un hotel urbano con el placer de un hotel rural. Entre sus privilegiadas vistas se cuenta la Sierra de la Calderona, un bello paraje natural. Y a escasos metros, hay acceso a un enorme campo de golf.","Articulos del blog/hoteles-con-piscina-en-valencia.txt"
"¿Dónde se encuentra La Mozaira y qué la hace especial?","La Mozaira se encuentra en Alboraya, a 15 minutos del centro de Valencia. Es una alquería rehabilitada del siglo XVII, rodeada de huertos y naturaleza, que ofrece una excelente oferta gastronómica con productos de kilómetro cero y consumo responsable.","Su piscina, rodeada de huertos y naturaleza, es solo parte del encanto de este hotel. Disfruta de alojarte en una alquería rehabilitada del siglo XVII en Alboraya (a 15 minutos del centro de València). Ubicado en medio de L’Horta de València, mezcla confort y tranquilidad con una excelente oferta gastronómica. Muchos de los productos culinarios son kilómetro cero y de consumo responsable.","Articulos del blog/hoteles-con-piscina-en-valencia.txt"
"¿Qué ofrece el Parador El Saler en cuanto a piscinas y ubicación?","El Parador El Saler ofrece una piscina en medio de verdes campos, dunas y con vistas al mar Mediterráneo. Está ubicado en el Parque Natural de L’Albufera de València, a 18 kilómetros de la ciudad.","Imagínate una piscina en medio de verdes campos, dunas y con vistas al mar Mediterráneo. En el Parador El Saler, esto es una realidad. Su ubicación es excepcional, en el Parque Natural de L’Albufera de València y a tan sólo 18 kilómetros de la ciudad.","Articulos del blog/hoteles-con-piscina-en-valencia.txt"
"¿Qué tipo de piscina tiene el Sercotel Sorolla Palace y dónde está ubicado?","El Sercotel Sorolla Palace tiene una piscina cubierta en la terraza con entrada de luz natural y vistas al exterior, además de un jacuzzi. Está ubicado a solo 190 metros del Palacio de Congresos de Valencia.","El hotel Secrotel Sorolla Palace tiene piscina cubierta en la terraza, con entrada de luz natural y vistas al exterior. Además, cuentas con un jacuzzi para relajarte aún más. Su ubicación es estratégica, pues está a solo 190 metros del Palacio de Congresos de València.","Articulos del blog/hoteles-con-piscina-en-valencia.txt"
"¿Qué vistas ofrece el Eurostars Gran Valencia desde su piscina?","El Eurostars Gran Valencia ofrece vistas urbanas inmejorables desde su piscina y terraza, ubicada en lo alto del hotel.","Si te gustan las piscinas en lo alto, el Eurostars Gran València es una excelente opción. Desde su piscina y cómoda terraza podrás gozar de unas vistas urbanas inmejorables.","Articulos del blog/hoteles-con-piscina-en-valencia.txt"
"¿Qué particularidad tiene la piscina del Hotel Las Arenas?","El Hotel Las Arenas cuenta con varias piscinas exteriores con vistas al mar Mediterráneo, incluyendo una para niños. La piscina más grande conserva el trampolín de salto de la piscina original del antiguo balneario, aunque no se puede utilizar.","El Hotel Las Arenas cuenta con varias piscinas exteriores con vistas al mar Mediterráneo, incluida una para los más pequeños de la casa. La más grande todavía conserva el trampolín de salto de la piscina original que ofrecía el balneario (aunque no se puede utilizar).","Articulos del blog/hoteles-con-piscina-en-valencia.txt"
"¿Dónde se encuentra el Hotel Vincci Mercat y qué ofrece?","El Hotel Vincci Mercat se encuentra en el corazón del centro histórico de Valencia y ofrece una piscina en la azotea del edificio, además de una terraza para descansar.","Muy pocos pueden ofrecerte una piscina en el corazón del centro histórico de València. Vincci Mercat es la elección perfecta y podrás disfrutar de nadar en la azotea del edificio. Incluso, tienes una terraza disponible para descansar, relajarte o tomar un aperitivo.","Articulos del blog/hoteles-con-piscina-en-valencia.txt"
"¿Qué tipo de piscinas ofrece el Hotel Primus Valencia y dónde está ubicado?","El Hotel Primus Valencia ofrece tanto piscina exterior como piscina cubierta. Está ubicado a dos minutos de la Ciutat de les Arts i les Ciències y a 8 minutos de la playa.","Si quieres disponer de piscina exterior, pero también de piscina cubierta, aquí tienes una gran opción. Primus València se ubica en un punto clave, a dos minutos de la Ciutat de les Arts y les Ciències y a 8 minutos de la playa.","Articulos del blog/hoteles-con-piscina-en-valencia.txt"
"¿Qué ofrece el SH Valencia Palace en cuanto a piscinas y ubicación?","El SH Valencia Palace ofrece dos piscinas refinadas y una ubicación frente al Palau de la Música.","Aquí encontrarás dos piscinas muy refinadas y en una ubicación perfecta, frente al Palau de la Música. Esto te garantiza tranquilidad y facilidad de movimiento.","Articulos del blog/hoteles-con-piscina-en-valencia.txt"
"¿Qué vistas se pueden disfrutar desde la piscina del Barceló Valencia?","Desde la piscina del Barceló Valencia, ubicada en la azotea, se puede apreciar parte de la Ciutat de les Arts i les Ciències.","Una azotea con piscina, desde la que puedes apreciar parte de la Ciutat de les Arts i les Ciències. Suena bien, ¿verdad? Pues en este hotel, ideal para turismo urbano o de negocios, disfrutarás del verano y de las vacaciones como te mereces.","Articulos del blog/hoteles-con-piscina-en-valencia.txt"
"¿Qué es el Jardín del Turia?","El Jardín del Turia es un oasis de paz en Valencia, creado al transformar el antiguo cauce del río Turia en una zona de ocio donde se combinan historia, modernidad y naturaleza. Es un espacio para disfrutar de deportes, música, gastronomía, atracciones para niños, fiestas y mucho más.","Nada refleja la esencia de Valencia como el Jardín del Turia. Este oasis de paz es una muestra del ingenio de la ciudad, que transformó el antiguo cauce del río en una zona de ocio donde se combinan historia, modernidad y naturaleza. Aquí se puede disfrutar de deportes, música, gastronomía, atracciones para niños, fiestas y mucho más, en un espacio verdaderamente singular.","Articulos del blog/jardin-del-turia-el-corazon-verde-de-valencia.txt"
"¿Cuántos kilómetros de longitud tiene el Jardín del Turia?","El Jardín del Turia tiene más de nueve kilómetros de longitud.","Atravesando la ciudad de punta a punta, este cinturón verde de más de nueve kilómetros se ha convertido en un lugar favorito de valencianos y visitantes.","Articulos del blog/jardin-del-turia-el-corazon-verde-de-valencia.txt"
"¿Qué actividades se pueden realizar en el Jardín del Turia?","En el Jardín del Turia se pueden realizar actividades como correr, pasear en bici, relajarse con un picnic, asistir a eventos, visitar atracciones, y practicar deportes como fútbol, atletismo, rugby y skateboarding.","Además de ser un entorno ideal para salir a correr, pasear en bici o relajarse con un picnic a la sombra de los árboles (tienes tiendas con productos gourmet cercanas como Mantequerías Ferrero o el Mercado Colón para comprar provisiones), el Jardín del Turia albergan eventos y atracciones que no te puedes perder en tu visita a Valencia.","Articulos del blog/jardin-del-turia-el-corazon-verde-de-valencia.txt"
"¿Dónde puedo ver animales africanos en el Jardín del Turia?","Puedes ver animales africanos en el Bioparc, ubicado en el Parque de Cabecera, en el extremo oeste del Jardín del Turia.","En el extremo oeste del Jardín del Turia, el Parque de Cabecera es un entorno tranquilo de jardín y lagos, y también la sede de una de las mayores atracciones de Valencia: Bioparc. Jóvenes y mayores pueden acercarse – literalmente, gracias a barreras invisibles – a diferentes especies de la fauna africana, desde leones y rinocerontes a los curiosos suricatos.","Articulos del blog/jardin-del-turia-el-corazon-verde-de-valencia.txt"
"¿Qué museo se encuentra cerca del Parque de Cabecera?","Cerca del Parque de Cabecera se encuentra el Museo de Historia de Valencia.","Antes de dejar esta zona, acércate al Museo de Historia de Valencia para hacer un recorrido por el ilustre pasado de la ciudad.","Articulos del blog/jardin-del-turia-el-corazon-verde-de-valencia.txt"
"¿Qué es el Parque Gulliver?","El Parque Gulliver es un destino popular para niños en el Jardín del Turia, con una gigantesca estatua del famoso viajero donde los niños pueden trepar, meterse en sus mangas o deslizarse por sus melenas.","Sin duda alguna, el destino más popular para los ‘peques’ es Parque Gulliver, con su gigantesca estatua del famoso viajero. Aquí pueden trepar por sus calzas, meterse en sus mangas o deslizarse por sus melenas… y sobre todo dar rienda suelta a su imaginación y sus carcajadas.","Articulos del blog/jardin-del-turia-el-corazon-verde-de-valencia.txt"
"¿Qué puentes famosos puedo encontrar en el Jardín del Turia?","En el Jardín del Turia puedes encontrar el Puente de la Trinidad (el más antiguo), el Puente de l’Assut d’Or (diseñado por Santiago Calatrava), el Puente de las Flores y el Puente del Reino.","La prueba son los numerosos puentes que tendrás que atravesar: desde el Puente de la Trinidad, el más antiguo (siglo XV), al moderno Puente de l’Assut d’Or (conocido popularmente como “el jamonero”), uno de los tres puentes diseñados por Santiago Calatrava. Merece la pena subir a la superficie para admirar el colorido del Puente de las Flores o las gárgolas del Puente del Reino.","Articulos del blog/jardin-del-turia-el-corazon-verde-de-valencia.txt"
"¿Cuál es la atracción estrella del Jardín del Turia?","La atracción estrella del Jardín del Turia es la Ciutat de les Arts i les Ciències, un complejo de edificios espectaculares diseñados por Santiago Calatrava.","Cuando asome en el horizonte la colosal estructura del Palau de les Arts, sabrás que te aproximas a la verdadera estrella del Jardín del Turia: la Ciutat de les Arts i les Ciències. Encuentra tu rincón favorito entre los espectaculares edificios del complejo diseñado por Santiago Calatrava… ¡y asegúrate de que tienes suficiente memoria y batería en el móvil para hacer fotos!","Articulos del blog/jardin-del-turia-el-corazon-verde-de-valencia.txt"
"¿Dónde puedo escuchar música en el Jardín del Turia?","Puedes escuchar música en el Palau de la Música, sede de la Orquesta de Valencia, donde se ofrecen conciertos, incluyendo el ciclo Menut Palau para acercar la música a los niños.","Los melómanos tienen su propia meca en el Palau de la Música, sede de la Orquesta de Valencia. Con su característica bóveda de cristal, bajo la que se esconde un frondoso invernadero, y las fuentes que lo bordean, es uno de los puntos más instagrameables del recorrido. Pero la verdadera atracción son los conciertos en su auditorio, entre los que se encuentran los del ciclo Menut Palau, una iniciativa original para acercar a los más pequeños a la música.","Articulos del blog/jardin-del-turia-el-corazon-verde-de-valencia.txt"
"¿Qué tipo de eventos se celebran a menudo en el Jardín del Turia?","A menudo, el Jardín del Turia acoge conciertos al aire libre y eventos como la Mostra de Vinos y Alimentos Tradicionales de la Comunidad Valenciana. También desde aquí se disparan los principales castillos de fuegos artificiales de Las Fallas o la Gran Fira de Juliol.","Esto no es todo. A menudo, el antiguo cauce del Turia acoge conciertos al aire libre o eventos como la Mostra de Vinos y Alimentos Tradicionales de la Comunidad Valenciana. También desde aquí se disparan los principales castillos de fuegos artificiales de Las Fallas o la Gran Fira de Juliol.","Articulos del blog/jardin-del-turia-el-corazon-verde-de-valencia.txt"
"¿Cómo se transforma Valencia en Navidad?","En Navidad, Valencia se viste de rojo, blanco y verde, con abetos en mercados y plazas, olor a castañas asadas en zonas transitadas y luces navideñas que iluminan los barrios.","Con la llegada de diciembre València se viste de Navidad. Las calles se tiñen de rojo, blanco y verde, los abetos presiden mercados y plazas, el olor a castañas asadas invade las zonas más transitadas y comerciales y las luces de navidad alumbran los barrios de la ciudad.","Articulos del blog/la-navidad-en-valencia-te-trae-los-mejores-planes.txt"
"¿Qué tipo de actividades y planes puedo encontrar en Valencia durante la Navidad?","En Valencia durante la Navidad, se pueden encontrar mercadillos, conciertos, ferias infantiles, pistas de hielo, teatro, belenes y circos.","En estas fechas los planes se multiplican y la agenda es casi inabarcable: mercadillos, conciertos, ferias infantiles, pistas de hielo, teatro, belenes o circos…","Articulos del blog/la-navidad-en-valencia-te-trae-los-mejores-planes.txt"
"¿Dónde puedo encontrar pistas de patinaje en Valencia durante la Navidad?","Durante la Navidad, puedes encontrar una pista de patinaje en la Plaza del Ayuntamiento de Valencia.","La acompañan los tradicionales árboles de Navidad y, cómo no, la pista de patinaje y el carrusel en la Plaza del Ayuntamiento así como el tren de los comerciantes, una de las atracciones favoritas de los más pequeños.","Articulos del blog/la-navidad-en-valencia-te-trae-los-mejores-planes.txt"
"¿Dónde puedo ver belenes en Valencia durante la Navidad?","Además de en los hogares, asociaciones e instituciones varias instalan belenes en distintas ubicaciones de la ciudad. Uno de los más espectaculares se encuentra en el Salón de Cristal del Ayuntamiento. Existe toda una ruta de belenes por Valencia.","Además de en los hogares, asociaciones e instituciones varias instalan los suyos en distintas ubicaciones de la ciudad y la inmensa mayoría de ellos son visitables; en el Salón de Cristal del Ayuntamiento puedes ver uno de los más espectaculares, pero hay toda una ruta de belenes por València.","Articulos del blog/la-navidad-en-valencia-te-trae-los-mejores-planes.txt"
"¿Qué tipo de productos puedo encontrar en los mercadillos navideños de Valencia?","En los mercadillos navideños de Valencia se puede encontrar artesanía, juguetes, productos gastronómicos y moda.","Acércate a cualquiera de los mercadillos que hay en València en estas fechas navideñas y que complementan la amplia oferta comercial que ya de por sí tiene la ciudad: artesanía, juguetes, productos gastronómicos, moda… en los mercadillos hay de todo.","Articulos del blog/la-navidad-en-valencia-te-trae-los-mejores-planes.txt"
"¿Dónde se ubican algunos de los mercadillos navideños en Valencia?","Algunos mercadillos navideños en Valencia se ubican en la Feria de Artesanía de la Plaza de la Reina, el Mercado de Colón, el Mercado de Tapinería, el Mercado de Reyes en el Cabanyal, la Ciudad de las Artes y las Ciencias y el Christmas Market en Primado Reig.","En los distritos centrales tienes lugares como la Feria de Artesanía de la Plaza de la Reina, la muestra de artículos artesanos del Mercado de Colón o el Mercado de Tapinería. Y no tan céntricos, el Mercado de Reyes en el Cabanyal, el de la Ciudad de las Artes y las Ciencias y el Christmas Market en Primado Reig.","Articulos del blog/la-navidad-en-valencia-te-trae-los-mejores-planes.txt"
"¿Qué es Expojove?","Expojove es la Feria de la Infancia y la Juventud de Valencia, que ofrece actuaciones, talleres, música y otras actividades. Es un evento imprescindible para los más jóvenes en Navidad.","Si hay un evento que se ha posicionado como imprescindible para los más jóvenes cada Navidades, ese es Expojove: la Feria de la Infancia y la Juventud de València, con actuaciones, talleres, música y mucho más.","Articulos del blog/la-navidad-en-valencia-te-trae-los-mejores-planes.txt"
"¿Qué actividades hay para celebrar la Nochevieja en Valencia?","Para celebrar la Nochevieja en Valencia, la Plaza del Ayuntamiento se transforma en una gran pista de baile con DJs en directo antes, durante y después de las campanadas. También hay espectáculos piromusicales en otras zonas de la ciudad.","Para celebrar la Nochevieja, el 31 de diciembre la Plaza del Ayuntamiento de València se transforma en una gran pista de baile con actuaciones de DJs en directo antes, durante y después de las campanadas, que suenan puntuales a las 00.00 h para que todo el mundo tome las uvas de la suerte. Pero no solo en la Plaza del Ayuntamiento, sino también en otras zonas de la ciudad en las que se disparan espectáculos piromusicales al unísono.","Articulos del blog/la-navidad-en-valencia-te-trae-los-mejores-planes.txt"
"¿Cómo se celebra la Cabalgata de Reyes en Valencia?","El 5 de enero, la Cabalgata de los Reyes Magos recorre la ciudad desde su desembarco en el puerto por la tarde hasta la Plaza del Ayuntamiento.","Y el 5 de enero, la inmensa mayoría nos echamos a la calle a vivir con intensidad la Cabalgata de los Reyes Magos, que recorren la ciudad desde su desembarco en el puerto por la tarde hasta la Plaza del Ayuntamiento.","Articulos del blog/la-navidad-en-valencia-te-trae-los-mejores-planes.txt"
"¿Qué tipo de espectáculos culturales puedo disfrutar en Valencia durante la Navidad?","En Valencia durante la Navidad, se pueden disfrutar musicales como «Charlie y la fábrica de chocolate», «Grease El Musical» y «Cruz de Navajas», así como el «Cant de la Sibil’la en la Catedral de València», conciertos en el Palau de la Música y conciertos navideños en iglesias.","Musicales como «Charlie y la fábrica de chocolate», «Grease El Musical» y «Cruz de Navajas» son algunos de los montajes que están en la ciudad por estas fechas. A ellos se suman géneros más clásicos como el tradicional «Cant de la Sibil’la en la Catedral de València», un ciclo de conciertos en el Palau de la Música, el emblemático concierto de Navidad la Iglesia de San Juan de la Cruz, uno con piezas de John Williams para Disney, otro sinfónico con un tributo a Harry Potter a cargo de The Royal Tributes Orchestra.","Articulos del blog/la-navidad-en-valencia-te-trae-los-mejores-planes.txt"
"¿Dónde puedo comer una buena paella en la Albufera?","Puedes comer una buena paella en El Palmar, el clásico poblado de pescadores y cultivadores de arroz, donde encontrarás varios restaurantes. También puedes probar el All i pebre, un plato típico preparado con anguilas de la Albufera. Otra opción es el restaurante Nou Racó, a orillas del lago, o la Arrocería Duna, con vistas a las dunas de El Saler.","Acércate a El Palmar, el clásico poblado de pescadores y cultivadores de arroz que inspiró las obras de Blasco Ibáñez y elige cualquiera de sus restaurantes para disfrutar de una paella, un arroz a banda o cualquier otro tipo de arroz, o prueba el All i pebre, plato típico preparado con anguilas, por supuesto de la Albufera.

¿Quieres una mesa con vistas? En el restaurante Nou Racó, a orillas del lago, podrás ver las barcas – y los patos – deslizarse por el agua delante de tí mientras comes. Y en la Arrocería Duna puedes tomarte una paella – o una copa al atardecer – contemplando las dunas de El Saler y el mar.","Articulos del blog/lalbufera-una-escapada-naturalmente-perfecta.txt"
"¿Cómo puedo llegar a la Albufera desde Valencia sin coche?","Puedes llegar a la Albufera fácilmente en autobús. La línea 25 te lleva desde el centro de la ciudad (Porta de la Mar) hasta El Palmar y El Perellonet. También puedes optar por el Albufera Bus Turístico que sale de la Plaza de La Reina.","Llegar a la Albufera es facilísimo, aunque no tengas transporte propio. La línea 25 de autobús te lleva desde el centro de la ciudad (Porta de la Mar) hasta El Palmar y El Perellonet, con paradas en el Embarcadero de la Albufera y playas, entre otros. También puedes optar por el Albufera Bus Turístico que sale de la Plaza de La Reina.","Articulos del blog/lalbufera-una-escapada-naturalmente-perfecta.txt"
"¿Qué tipo de actividades puedo realizar en la Albufera?","En la Albufera puedes disfrutar de playas salvajes, paseos en barca, observación de aves, rutas de cicloturismo, y degustar la gastronomía local como la paella y el All i pebre.","Playas salvajes, paz y tranquilidad, naturaleza… ¡y una buena paella! Verdaderamente no se puede pedir más. En València, todo eso lo tienes a mano en el Parque Natural de la Albufera, a media hora escasa de la ciudad.
[...] Una vez allí puedes seguir diferentes rutas de cicloturismo por el parque.
[...] En cualquier día de verano, no hay nada mejor que completar un día de naturaleza, paella y playa con un paseo en barca por sus tranquilas aguas al atardecer, cuando los tonos rojizos y dorados de la puesta de sol crean un ambiente mágico.","Articulos del blog/lalbufera-una-escapada-naturalmente-perfecta.txt"
"¿Cuál es el mejor momento para visitar la Albufera si me interesa la observación de aves?","Los meses de otoño son los más animados desde el punto de vista ornitológico, con la llegada de miles de aves acuáticas para pasar el invierno.","Los meses de otoño son los más animados desde el punto de vista ornitológico, con la llegada de miles de aves acuáticas para pasar el invierno. Pero en cualquier época del año encontrarás patos, garzas, cormoranes y mucho más.","Articulos del blog/lalbufera-una-escapada-naturalmente-perfecta.txt"
"¿Qué playas puedo visitar en la Albufera?","Puedes visitar las playas de l’Arbre de Gos, la Devesa, El Saler o la Garrofera.","Disfruta de extensos arenales entre la agreste vegetación y el mar en las playas de l’Arbre de Gos, la Devesa, El Saler o la Garrofera.","Articulos del blog/lalbufera-una-escapada-naturalmente-perfecta.txt"
"¿Qué es la Albufera?","La Albufera es un parque natural que se encuentra a media hora de la ciudad de Valencia. Es el lago de agua dulce más grande de España y un importante humedal con una gran diversidad de aves.","En València, todo eso lo tienes a mano en el Parque Natural de la Albufera, a media hora escasa de la ciudad. ¿Qué mejor sitio para escapar del ajetreo urbano en los días de calor?
[...] La Albufera es el lago de agua dulce más grande de España, y un importante humedal donde se refugian aves de hasta 300 especies diferentes.","Articulos del blog/lalbufera-una-escapada-naturalmente-perfecta.txt"
"¿Dónde puedo aprender más sobre la fauna de la Albufera?","El mejor sitio para conocer la avifauna del parque es el Centro de Interpretación Racó de l’Olla, con su observatorio y torre mirador con vista panorámica.","El mejor sitio para conocer la avifauna del parque es el Centro de Interpretación Racó de l’Olla, con su observatorio y torre mirador con vista panorámica.","Articulos del blog/lalbufera-una-escapada-naturalmente-perfecta.txt"
"¿Qué tipo de ecosistemas puedo encontrar en el Parque Natural de la Albufera?","En el Parque Nacional de la Albufera puedes encontrar diferentes ecosistemas, como marjales, bosques de pinos y dunas naturales.","El Parque Nacional de la Albufera es un paraje único donde encontrarás diferentes ecosistemas. Paseando por las rutas marcadas puedes explorar marjales y bosques de pinos, o acercarte a las dunas naturales de sus fantásticas playas salvajes.","Articulos del blog/lalbufera-una-escapada-naturalmente-perfecta.txt"
"¿Cuál es la mejor época para probar las clóchinas en Valencia?","La temporada de clóchinas, un tipo de mejillón valenciano, es entre mayo y agosto.","La clóchina, similar al mejillón, pero con tamaño más pequeño y sabor más intenso, sabroso y delicado, está de temporada entre mayo y agosto, por lo que no la encontrarás en los otros meses.","Articulos del blog/las-mejores-tapas-y-bares-para-el-tapeo-en-valencia.txt"
"¿Qué ingredientes principales componen el esgarraet, una tapa tradicional valenciana?","El esgarraet se basa principalmente en pimiento rojo asado y bacalao, y en ocasiones incluye berenjenas.","la huerta valenciana, que añade al tapeo platos tan tradicionales como el esgarraet, cuya base principal es el pimiento rojo asado y bacalao, en ocasiones con berenjenas.","Articulos del blog/las-mejores-tapas-y-bares-para-el-tapeo-en-valencia.txt"
"¿Qué tipo de productos frescos ofrece el Colmado de La Lola?","El Colmado de La Lola ofrece productos frescos como ostras valencianas, berberechos y erizos de mar, así como tablas de salazones, ahumados y quesos.","En el Colmado de La Lola podrás encontrar un local que ofrece productos frescos como las ostras valencianas, berberechos o erizos de mar… También tablas de salazones, ahumados y quesos.","Articulos del blog/las-mejores-tapas-y-bares-para-el-tapeo-en-valencia.txt"
"¿Dónde puedo encontrar el restaurante MiCub?","El restaurante MiCub se encuentra en el modernista Mercado de Colón.","el restaurante MiCub también tiene una amplia lista de tapas de calidad como tostas, bravas, croquetas... Todas hechas con productos frescos de “la terreta”, además en una ubicación inigualable: el modernista Mercado de Colón.","Articulos del blog/las-mejores-tapas-y-bares-para-el-tapeo-en-valencia.txt"
"¿Qué bares y puestos interesantes puedo encontrar dentro del Mercado Central para tapear?","Dentro del Mercado Central puedes encontrar Central Bar, el bar de Ricard Camarena, así como Salazonarte y la Charcutería Amparo.","En su interior se encuentra Central Bar, el antiguo bar del mercado donde el chef Ricard Camarena sorprende con tapas y bocadillos exquisitos con lo mejor que ha encontrado en el propio Mercado. Otros puestos interesantes para picar dentro del Mercado son: Salazonarte y la Charcutería Amparo.","Articulos del blog/las-mejores-tapas-y-bares-para-el-tapeo-en-valencia.txt"
"¿Qué tipo de cocina ofrece el bar Orio en Valencia?","Orio es una taberna vasca que ofrece pintxos.","Si te vuelven loco los pintxos no puedes dejar pasar bares como Orio, la taberna vasca situada en el centro de València.","Articulos del blog/las-mejores-tapas-y-bares-para-el-tapeo-en-valencia.txt"
"¿Qué lugares ofrecen tapas y raciones interesantes en Valencia, además de los mercados?","Además de los mercados, Casa Isabel, Tapería Hispania, Taberna La Sénia y Sagardi son algunos restaurantes que ofrecen raciones y tapeo interesante.","Además Casa Isabel, Tapería Hispania, Taberna La Sénia o Sagardi son algunos de los restaurantes que también puedes visitar, ya que ofrecen raciones y tapeo interesante.","Articulos del blog/las-mejores-tapas-y-bares-para-el-tapeo-en-valencia.txt"
"¿Qué tipo de tour ofrece Turismo Valencia para los amantes de la gastronomía?","Turismo Valencia organiza un Tour Gastronómico para conocer en detalle la gastronomía valenciana, su producción, elaboración y los lugares donde degustarla.","Y ya para rematar, si quieres volver de vacaciones siendo un auténtico experto de la gastronomía valenciana y conociendo todos los detalles de su producción y elaboración y rincones donde degustar, no te pierdas el Tour Gastronómico que organiza Turismo València.","Articulos del blog/las-mejores-tapas-y-bares-para-el-tapeo-en-valencia.txt"
"¿Cuáles son algunos bares míticos para tapear en Valencia?","Algunas barras míticas en la historia de la tapa valenciana son Rausell, Zacarías, Maipi, La Pilatera y Aquarium.","Otras barras míticas en la historia de la tapa valenciana son Rausell, Zacarías, Maipi, La Pilatera y Aquarium.","Articulos del blog/las-mejores-tapas-y-bares-para-el-tapeo-en-valencia.txt"
"¿Qué tapas son las especialidades del Restaurante Bodega Montaña?","Las tapas estrella del Restaurante Bodega Montaña son los michirones, las anchoas, la brandada de bacalao y las patatas bravas.","Sus tapas estrella son los michirones, las anchoas, la brandada de bacalao y las patatas bravas, pero cualquier plato de este local es muy recomendable.","Articulos del blog/las-mejores-tapas-y-bares-para-el-tapeo-en-valencia.txt"
"¿Dónde puedo ver un atardecer arquitectónico en Valencia?","Puedes ver un atardecer arquitectónico en la Ciutat de les Arts i les Ciències, especialmente desde el puente l’Assut de l’Or, también conocido como ‘el jamonero’. También puedes contemplar la caída del sol desde los jardines que rodean el Palau de les Arts.","La Ciutat de les Arts i les Ciències ofrece muchas opciones en su visita. Pero no todos saben que los atardeceres vistos desde aquí son muy singulares cuando la luz anaranjada se refleja en el blanquísimo trencadís de sus edificios. La mejor ubicación para la puesta de sol en este impresionante complejo arquitectónico es desde el puente l’Assut de l’Or, también conocido como ‘el jamonero’ por su forma. Si prefieres rodearte de verde, también puedes contemplar la caída del sol desde los jardines que rodean el Palau de les Arts.","Articulos del blog/los-mejores-atardeceres-de-valencia.txt"
"¿Dónde puedo disfrutar de un atardecer natural cerca de Valencia y qué puedo comer allí?","Puedes disfrutar de un atardecer natural en el Parque Natural de L'Albufera, a solo 10 kilómetros de Valencia. Antes del atardecer, puedes degustar comida autóctona en un restaurante tradicional de El Palmar, como all-i-pebre, llisa adobada o paella valenciana.","El atardecer que aquí te proponemos puede ir precedido de un plan gastronómico y ecológico a solo 10 kilómetros de València, en el Parque Natural de L'Albufera. Comienza degustando la deliciosa comida autóctona en un restaurante tradicional de El Palmar. All-i-pebre, llisa adobada o paella valenciana son las recetas más típicas, elaboradas con productos de proximidad y que encontrarás en todas las cartas.","Articulos del blog/los-mejores-atardeceres-de-valencia.txt"
"¿Qué opciones tengo para ver el atardecer cerca del mar en Valencia?","Tienes varias opciones para ver el atardecer cerca del mar en Valencia. Puedes ir a Azul Sunset Point en la dársena norte de La Marina de València, o a Veles e Vents, un edificio emblemático en la Marina de València. También puedes optar por ver la puesta de sol desde un catamarán en la costa valenciana.","Ahora vamos junto al mar, con dos atardeceres de lo más marineros. El primero, en la dársena norte de La Marina de València, justo al final de la carretera. Ahí encontrarás Azul Sunset Point. Su nombre lo dice todo: un sitio ideal para ver la puesta de sol. Cerca de allí tienes Veles e Vents, un emblema de la Marina de València. Si lo tuyo es la navegación, elige ver la caída de sol desde un catamarán. Verás toda la costa valenciana y cómo el sol va tiñendo de colores el Mediterráneo mientras disfrutas de una copa de Agua de Valencia ofrecida en la travesía.","Articulos del blog/los-mejores-atardeceres-de-valencia.txt"
"¿Dónde puedo ver un atardecer verde en Valencia?","Puedes ver un atardecer verde en el Parque de Cabecera, ubicándote en la montaña-mirador para apreciar la puesta de sol.","En el Parque de Cabecera encontrarás un espacio lleno de jardines, árboles y naturaleza. Si la idea es ver uno de los mejores atardeceres en València, entonces ubícate en la montaña-mirador para apreciar la maravilla de la puesta de sol.","Articulos del blog/los-mejores-atardeceres-de-valencia.txt"
"¿Qué puedo hacer en la huerta de Valencia para disfrutar del atardecer?","En la huerta de Valencia, puedes reservar mesa para cenar en alguno de los restaurantes de la zona para ver el atardecer y disfrutar de comida local. Otra opción es recorrer los paisajes en bicicleta y hacer una pausa para ver el ocaso.","Puedes programarte para que tu visita coincida con la puesta de sol, que desde el campo se hace inolvidable. Te sugerimos que reserves mesa para cenar en alguno de los excelentes restaurantes disponibles en la zona. Así, llegas para ver el atardecer y rematas con la mejor comida, hecha con productos locales y de temporada. Otra buena opción es recorrer los paisajes de La Huerta en bicicleta. Si vigilas con cuidado el reloj y haces una pausa a la hora del ocaso, verás un paisaje hermoso.","Articulos del blog/los-mejores-atardeceres-de-valencia.txt"
"¿Hay algún lugar en la Marina de Valencia donde pueda cenar viendo el atardecer?","Sí, en la Marina de Valencia puedes cenar en Azul Sunset Point o en los restaurantes La Marítima y La Sucursal que se encuentran en el edificio Veles e Vents, disfrutando de las vistas al atardecer.","En esta cómoda terraza puedes tomar café, un buen cóctel o cenar. Su carta, que incluye variedad de arroces y el concepto de cocina informal, te va a encantar. En este llamativo edificio, diseñado por David Chipperfield y Fermín Vázquez, encontrarás una perspectiva única sobre las playas y La Marina. Además, puedes acceder a exposiciones, música en directo y la excelente gastronomía de los restaurantes La Marítima y La Sucursal.","Articulos del blog/los-mejores-atardeceres-de-valencia.txt"
"¿Qué tipo de barca se utiliza para los paseos en el lago de La Albufera?","Se utiliza una barca tradicional llamada albuferenc para los paseos en el lago de La Albufera.","Alarga la sobremesa, disfruta de cualquiera de las rutas a pie o en bici que ofrece el parque y dirígete a un embarcadero para dar el tradicional paseo en albuferenc (barca tradicional) por el lago de La Albufera.","Articulos del blog/los-mejores-atardeceres-de-valencia.txt"
"¿Cuál es el cóctel valenciano por excelencia?","El cóctel valenciano por excelencia es el Agua de València, que es una combinación de zumo de naranja, cava y otros licores.","Aquí hay unanimidad. El cóctel valenciano por excelencia es el Agua de València, una perfecta combinación del dulce zumo de naranja con cava y otros licores que sabe a gloria.","Articulos del blog/mejores-bares-de-cocteles-en-valencia.txt"
"¿Dónde puedo encontrar el bar Trotamundos y quién está a cargo de su coctelería?","El bar Trotamundos se encuentra en el Hotel Only YOU València. La selección de bebidas y coctelería está a cargo de Iván Talens, experto en coctelería y dos veces campeón de la Federación de Asociaciones de Barmans Españoles.","En el nuevo Hotel Only YOU València vas a encontrar calidad en todo lo que buscas. La selección de bebidas va de la mano de Iván Talens, experto en coctelería y dos veces campeón de la Federación de Asociaciones de Barmans Españoles. Prueba sus cócteles en la barra de Trotamundos, uno de sus espacios gastronómicos.","Articulos del blog/mejores-bares-de-cocteles-en-valencia.txt"
"¿Qué tipo de ambiente ofrece el Café de las Horas?","El Café de las Horas ofrece un ambiente cosmopolita y neobarroco, combinando elementos de un café literario del siglo XX, un café parisino, un salón de té inglés y coctelería americana.","¿Qué puede resultar de combinar un clásico café literario de principios del siglo XX, el café parisino, el salón de té inglés y la coctelería americana? ¡Pues El café de las Horas! Un local de ambiente cosmopolita y neobarroco donde tener una experiencia única mientras bebes un delicioso cóctel.","Articulos del blog/mejores-bares-de-cocteles-en-valencia.txt"
"¿Qué cóctel famoso nació en el Café Madrid?","El Café Madrid es considerado la cuna de la mítica Agua de València.","Este lugar es considerado ¡cuna de la mítica Agua de València, el cóctel más valenciano que existe!","Articulos del blog/mejores-bares-de-cocteles-en-valencia.txt"
"¿Qué destaca del Bar Clandestino?","El Bar Clandestino destaca por su ubicación en el centro de València con vistas al Palacio del Marqués de Dos Aguas y su amplia selección de ginebras, con más de 80 opciones.","Su ubicación estratégica en el centro de València y con vistas al Palacio del Marqués de Dos Aguas son valores agregados del bar Clandestino. [...] Tienen más de 80 ginebras para elegir!","Articulos del blog/mejores-bares-de-cocteles-en-valencia.txt"
"¿Qué hace especial a la coctelería Al Nú by Begoña Rodrigo?","Al Nú by Begoña Rodrigo es una coctelería semi-clandestina a la que solo se puede acceder con un código obtenido al hacer la reserva. Sus cócteles se inspiran en la cocina de la chef Begoña Rodrigo, utilizando especias y hierbas aromáticas.","A esta coctelería semi-clandestina solo puedes acceder con el código que te darán en la reserva. [...] Los cócteles de Al Nú se inspiran en la cocina de la prestigiosa chef Begoña Rodrigo, en las especias y hierbas aromáticas que utiliza en sus platos.","Articulos del blog/mejores-bares-de-cocteles-en-valencia.txt"
"¿Qué tipo de entretenimiento puedo encontrar en La Lolita?","En La Lolita, además de cócteles, es posible que encuentres espectáculos en directo, drag queens o DJs.","Y puede que tu visita coincida con un original espectáculo en directo, pues La Lolita suele sorprender a sus visitantes con shows, drag queens o dj’s.","Articulos del blog/mejores-bares-de-cocteles-en-valencia.txt"
"¿Dónde puedo encontrar el Mumus Piano Club y qué ofrece?","El Mumus Piano Club se encuentra en el hotel NH Collection València Colón. Ofrece un ambiente de estilo británico con actuaciones en directo y un piano de cola de 4 metros de largo. El hotel también cuenta con un sky bar en la azotea.","Mumus Piano Club es un rincón imprescindible, ubicado en el hotel NH Collection València Colón. [...] En este club de estilo británico auténtico, encontrarás un piano de cola de 4 metros de largo para las actuaciones en directo que programan a menudo. El hotel cuenta también con su sky bar en la azotea.","Articulos del blog/mejores-bares-de-cocteles-en-valencia.txt"
"¿Qué puedo esperar de La Terracita del Palace?","La Terracita del Palace ofrece una velada agradable al aire libre con vistas y buenos cócteles. Se encuentra en la sexta planta del hotel SH València Palace, junto al Jardín del Turia.","Una velada agradable al aire libre, con buenas vistas, mejor clima y unos buenos cócteles después de comer o cenar. Ese es uno de los placeres de la vida que te ofrece La Terracita del Palace. Este agradable espacio lo encuentras en la sexta planta del hotel SH València Palace, ubicado junto al Jardín del Turia.","Articulos del blog/mejores-bares-de-cocteles-en-valencia.txt"
"¿Qué vistas ofrece el Barceló Rooftop Bar 270º?","El Barceló Rooftop Bar 270º ofrece vistas de hasta 270 grados de la Ciudad de las Artes y las Ciencias y panorámicas del horizonte de València.","Lo encuentras en la azotea del hotel Barceló València, con una relajante terraza que te ofrece vistas de hasta 270 grados de la Ciudad de las Artes y las Ciencias, y las panorámicas que se extienden sobre el horizonte de València.","Articulos del blog/mejores-bares-de-cocteles-en-valencia.txt"
"¿Qué hace especial al Lladró Lounge Bar?","El Lladró Lounge Bar es un bar-museo sofisticado ubicado en el Hotel Palacio Vallier, junto a la Plaza de la Virgen. Está decorado con piezas de diseño de la firma Lladró y ofrece una experiencia que involucra los cinco sentidos, utilizando productos locales de temporada.","Para finalizar con un toque de nuestras recomendaciones, te contamos sobre Lladró Lounge Bar. Este sofisticado bar-museo refleja el concepto exclusivo del Hotel Palacio Vallier, ubicado junto a la Plaza de la Virgen. Allí disfrutarás de una gran selección de cócteles, en un entorno rodeado de piezas de diseño de la prestigiosa firma Lladró. [...] Visitar el Lladró Lounge Bar es algo más que tomar un cóctel, ¡es disfrutar de una experiencia!","Articulos del blog/mejores-bares-de-cocteles-en-valencia.txt"
"¿Por qué Valencia es un buen destino para Semana Santa?","Valencia es un buen destino para Semana Santa porque ofrece paseos por la playa, propuestas artísticas interesantes, visitas a edificios milenarios con historia y arquitectura sorprendente, todo ello acompañado de un clima primaveral suave y un ambiente mediterráneo animado.","Si quieres pasar las vacaciones de Semana Santa entre paseos por la playa, interesantes propuestas artísticas, visitas a edificios milenarios con historia y una arquitectura sorprendente y acompañar todo ello con un suave clima primaveral y un animado ambiente mediterráneo, ¡València es tu destino!","Articulos del blog/mejores-planes-semana-santa-valencia.txt"
"¿Qué lugares imprescindibles debo visitar en Valencia?","Además del centro histórico, que puedes descubrir con una visita guiada, son imprescindibles la Ciudad de las Artes y las Ciencias, Bioparc y la Albufera.","Además de las visitas obligadas en València, el centro histórico, que puedes descubrir con una interesante visita guiada; la Ciudad de las Artes y las Ciencias; Bioparc; y la Albufera, hay algunas cosas que te recomendamos no debes dejar de hacer en los próximos días si estás en València.","Articulos del blog/mejores-planes-semana-santa-valencia.txt"
"¿Qué comida típica se consume en Valencia durante la Semana Santa?","Durante la Semana Santa en Valencia, es típico degustar un ""panquemao"" o ""mona"", una coca dulce tradicional que se come en la Comunidad Valenciana, algunas con forma de animal, y se acompaña con huevo duro y longaniza de pascua.","Intenta encontrar un hueco para degustar un ""panquemao"" o ""mona"", una coca dulce tradicional que se come en la Comunidad Valenciana, algunas con forma de animal y se acompaña con huevo duro y longaniza de pascua.","Articulos del blog/mejores-planes-semana-santa-valencia.txt"
"¿Dónde puedo disfrutar de un picnic en Valencia durante la Semana Santa?","Puedes disfrutar de un picnic en los Jardines del Turia o en alguna de las largas playas de arena de la ciudad.","Puedes hacerlo durante un picnic en los Jardín del Turia o en alguna de las largas playas de arena de la ciudad.","Articulos del blog/mejores-planes-semana-santa-valencia.txt"
"¿Qué actividad recreativa es popular durante la Pascua en Valencia?","Es típico volar el catxirulo (cometa) durante la Pascua en Valencia.","También es típico en estos días, volar el catxirulo (cometa).","Articulos del blog/mejores-planes-semana-santa-valencia.txt"
"¿Dónde puedo disfrutar de la playa cerca del centro de Valencia?","La Playa de la Malvarrosa se encuentra a solo diez minutos del centro de la ciudad y, junto con el puerto deportivo de Valencia, es un lugar perfecto para disfrutar en Semana Santa.","La Playa de la Malvarrosa se encuentra a solo diez minutos del centro de la ciudad y, junto con el puerto deportivo de València, es el lugar perfecto para estas fechas.","Articulos del blog/mejores-planes-semana-santa-valencia.txt"
"¿Qué celebración religiosa destaca en Valencia durante la Semana Santa?","La Semana Santa Marinera es una celebración religiosa destacada en Valencia. Se celebra en los antiguos poblados marineros del Grau, el Cabanyal y Canyamelar, y conmemora la pasión, muerte y resurrección de Cristo a orillas del mar.","Si te interesan las celebraciones religiosas, no te pierdas la Semana Santa Marinera. Los antiguos poblados marineros, el Grau, el Cabanyal y Canyamelar celebran la pasión, muerte y resurrección de Cristo a orillas del mar.","Articulos del blog/mejores-planes-semana-santa-valencia.txt"
"¿Cuál es el precio para subir al Miguelete?","El precio para subir al Miguelete es de 2€.","Precio: 2€","Articulos del blog/miradores-con-encanto-las-10-vistas-panoramicas-mas-bonitas-de-valencia.txt"
"¿Qué vistas se pueden disfrutar desde el Hotel Barceló?","Desde la terraza 270 Grados del Hotel Barceló se puede disfrutar de una de las mejores vistas a la Ciudad de las Artes y las Ciencias y los Jardines del Turia.","Desde su terraza 270 Grados encontramos una de las mejores vistas a la Ciudad de las Artes y las Ciencias, los Jardines del Turia.","Articulos del blog/miradores-con-encanto-las-10-vistas-panoramicas-mas-bonitas-de-valencia.txt"
"¿Qué se puede ver desde las Torres de Serranos?","Desde las almenas de las Torres de Serranos se divisa el centro histórico y los Jardines del Turia, dándonos una idea de cómo era la València del siglo XIV.","Desde las almenas de una de las puertas de la antigua muralla de la ciudad, se divisa el centro histórico y los Jardines del Turia, dándonos una idea de cómo era la València del siglo XIV.","Articulos del blog/miradores-con-encanto-las-10-vistas-panoramicas-mas-bonitas-de-valencia.txt"
"¿Qué ofrece el restaurante Vertical?","El restaurante Vertical, situado en el centro comercial Aqua, ofrece una exquisita oferta gastronómica y unas increíbles vistas panorámicas a la Ciudad de las Artes y las Ciencias y el mar desde su terraza.","Si hay un restaurante que lo tiene todo este es Vertical; situado en el centro comercial Aqua, ofrece una exquisita oferta gastronómica y unas increíbles vistas panorámicas a la Ciudad de las Artes y las Ciencias y el mar desde su terraza.","Articulos del blog/miradores-con-encanto-las-10-vistas-panoramicas-mas-bonitas-de-valencia.txt"
"¿Qué tipo de comida puedo encontrar en La Terraza VLC Urban Club?","En la Terraza VLC Urban Club, ubicada en el Expo Hotel València, podrás disfrutar de hamburguesas gourmet y otros buenos platos.","En la terraza del Expo Hotel València está la Terraza VLC Urban Club, donde podrás disfrutar de hamburguesas gourmet y otros buenos platos.","Articulos del blog/miradores-con-encanto-las-10-vistas-panoramicas-mas-bonitas-de-valencia.txt"
"¿Qué se puede observar desde la terraza del Hotel Melià Valencia?","Desde la terraza del Hotel Melià Valencia se observa unas de las mejores panorámicas desde las afueras. Puede verse también la silueta del Palacio de Congresos desde las alturas.","Situado en uno de los edificios más altos de la ciudad, desde la terraza del Melià se observa unas de las mejores panorámicas desde las afueras. Puede verse también la silueta del Palacio de Congresos desde las alturas.","Articulos del blog/miradores-con-encanto-las-10-vistas-panoramicas-mas-bonitas-de-valencia.txt"
"¿Cuál es el horario de apertura del Miguelete?","El horario de apertura del Miguelete es de 10am a 7:30pm.","Horario: 10am–7:30pm","Articulos del blog/miradores-con-encanto-las-10-vistas-panoramicas-mas-bonitas-de-valencia.txt"
"¿Qué se puede ver desde Veles e Vents?","Desde Veles e Vents podemos observar unas maravillosas vistas de La Marina de València.","Desde este multiespacio gastronómico podemos observar unas maravillosas vistas de La Marina de València .","Articulos del blog/miradores-con-encanto-las-10-vistas-panoramicas-mas-bonitas-de-valencia.txt"
"¿Cuánto cuesta subir a la terraza del Ateneo Mercantil?","El precio para subir a la terraza del Ateneo Mercantil es de 3€, que se descontarán de la consumición.","Precio: 3€ que se descontarán de la consumición.","Articulos del blog/miradores-con-encanto-las-10-vistas-panoramicas-mas-bonitas-de-valencia.txt"
"¿Qué tipo de cocina ofrece el restaurante Atic?","El restaurante Atic ofrece una increíble oferta gastronómica de la mano del chef Nicolás Román.","Situado en el Palacio de Alameda, esta terraza es genial para disfrutar de una increble oferta gastronómica de la mano del chef Nicolás Román.","Articulos del blog/miradores-con-encanto-las-10-vistas-panoramicas-mas-bonitas-de-valencia.txt"
"¿Qué tipo de actividades puedo realizar cerca de Valencia además de ir a la playa?","Además de sus playas, Valencia ofrece interesantes picos para los amantes de la montaña, con cuevas y abrigos prehistóricos, torres, murallas, gran diversidad de paisajes, fauna, flora y miradores con vistas al mar o a llanuras y valles mediterráneos.","València es conocida especialmente por sus playas. Sin embargo, los amantes de la montaña también encuentran interesantes picos para coronar en los alrededores de la ciudad. Cuevas y abrigos prehistóricos, torres, murallas, gran diversidad de paisajes, fauna, flora y miradores con vistas al mar o a llanuras y valles mediterráneos.","Articulos del blog/montanas-cerca-de-valencia.txt"
"¿Cuánto se tarda en llegar al Monte Picayo desde Valencia?","El Monte Picayo, en Puzol, está a 24 minutos de Valencia.","Monte Picayo, en Puzol. A 24 minutos de València","Articulos del blog/montanas-cerca-de-valencia.txt"
"¿Cuáles son algunos de los puntos de interés en la ruta al Monte Picayo?","Los principales puntos de interés de la ruta al Monte Picayo son los abrigos prehistóricos del Barranc del Llop y las vistas desde la cumbre, así como la ermita a la Virgen Milagrosa.","Los principales puntos de interés de esta ruta son los abrigos prehistóricos del Barranc del Llop y las vistas desde la cumbre, así como la ermita a la Virgen Milagrosa.","Articulos del blog/montanas-cerca-de-valencia.txt"
"¿Dónde se encuentra el Alto del Besori y qué características tiene?","El Alto del Besori se encuentra en Llombai y es la primera elevación montañosa en esta zona desde la costa, ofreciendo magníficas vistas hacia la llanura litoral mediterránea y los valles del Marquesat. Alcanza una altura máxima de 360 metros y en la cumbre hay una torre de vigilancia de prevención de incendios forestales.","Es la primera elevación montañosa en esta zona desde la costa, por lo que ofrece unas magníficas vistas hacia la llanura litoral mediterránea y los valles del Marquesat. Está en un entorno natural privilegiado y su fauna, flora y paisaje le han merecido la declaración de Paraje Natural Municipal del Tello. La montaña en sí alcanza una altura máxima de 360 metros, y en la cumbre hay una torre de vigilancia de prevención de incendios forestales, lo que denota la incomparable situación del monte.","Articulos del blog/montanas-cerca-de-valencia.txt"
"¿Cuánto tiempo se tarda en subir al Alto del Besori?","El tiempo de subida al Alto del Besori oscila entre los 45 y los 75 minutos.","El tiempo de subida oscila entre los 45 y los 75 minutos.","Articulos del blog/montanas-cerca-de-valencia.txt"
"¿Cómo puedo llegar a la Montaña de Cullera desde Valencia en transporte público?","Se puede llegar a Cullera desde la Estación del Norte de Valencia en tren de cercanías (línea C1. València – Gandía), tardando aproximadamente 35 minutos. Una vez en la estación de Cullera, se puede tomar el autobús local y acercarse al casco urbano, concretamente a la Rambla San Isidro para después acercarse a los jardines del Mercado y empezar el ascenso a la montaña por el Camino del Calvario.","Otra opción es el tren de cercanías (línea C1. València – Gandía) desde la Estación del Norte y lleva aproximasamente 35 minutos. Una vez en la estación de Cullera, se puede tomar el autobús local y acercarse al casco urbano, concretamente a la Rambla San Isidro para después acercarse a los jardines del Mercado y empezar el ascenso a la montaña por el Camino del Calvario.","Articulos del blog/montanas-cerca-de-valencia.txt"
"¿Qué atractivos naturales y culturales puedo encontrar en la Montaña de Cullera?","En la Montaña de Cullera se pueden encontrar atractivos como la Bassa de Sant Llorenç, el Racó de Santa Marta, el Castillo, el Museo de Historia y Arqueología, el recinto amurallado de la segunda albacara con sus cinco torres y murallas, el camino del Calvario con sus estaciones del siglo XVIII, y la Cueva del Volcán del Faro.","La montaña de Cullera posee varios atractivos naturales y culturales: la Bassa de Sant Llorenç; el Racó de Santa Marta; el Castillo, el Museo de Historia y Arqueología; y el recinto amurallado de la segunda albacara con sus cinco torres y murallas; el camino del Calvario con sus estaciones del siglo XVIII; la Cueva del Volcán del Faro, etcétera.","Articulos del blog/montanas-cerca-de-valencia.txt"
"¿Cuál es el pico más elevado cerca de Valencia y cómo puedo llegar?","El pico más elevado es el Pico Caroche o Caroig, con 1.126 metros sobre el nivel del mar. Uno de los accesos es a través del municipio de Teresa de Cofrentes, llegando en coche por la carretera nacional N-330 desde Requena o Almansa, y luego por una pista forestal de unos 50 minutos desde el núcleo urbano. También se puede acceder por Bicorp.","Es el pico más elevado del Macizo de Caroche (1.126 metros sobre el nivel del mar), una zona montañosa que se extiende entre el Valle de Ayora-Cofrentes, La Canal de Navarrés y parte de La Costera y Hoya de Buñol. [...] Uno de los accesos al Pico Caroche es a través del municipio de Teresa de Cofrentes. Puedes llegar en coche a través de la carretera nacional N-330 desde Requena o Almansa y atravesar el municipio en dirección al Pico Caroche por una pista forestal, que dura unos 50 minutos desde el núcleo urbano. También se puede acceder por el municipio colindante de Bicorp, en la Canal de Navarrés, por la carretera comarcal CV-580 y a través de otra pista forestal que asciende por el río Cazuma hasta el mismo pico, por su vertiente oriental.","Articulos del blog/montanas-cerca-de-valencia.txt"
"¿Qué puedo ver desde la cima del Pico Caroche?","Desde la cima del Pico Caroche se puede observar gran parte de las comarcas valencianas, y en los días más claros, la localidad de Cullera e incluso el mar.","En la cima se encuentra un puesto de vigilancia de incendios y un mirador desde donde se observa gran parte de las comarcas valencianas, siendo visible, durante los días más claros, la localidad de Cullera e incluso el mar.","Articulos del blog/montanas-cerca-de-valencia.txt"
"¿Qué monumentos naturales se pueden visitar cerca del Pico Caroche?","Cerca del Pico Caroche se pueden visitar los monumentos naturales de la Barchilla, la Media Barchilla y el Celemín, además de fuentes naturales que emanan agua limpia y fresca todo el año.","Desde el Pico Caroche se observan tres monumentos naturales: la Barchilla, la Media Barchilla y el Celemín, tres prominencias rocosas que se suceden y que también se pueden visitar a pie desde la base del pico, donde se encuentra la balsa de Collado. También hay fuentes naturales que emanan agua limpia y fresca todo el año.","Articulos del blog/montanas-cerca-de-valencia.txt"
"¿Qué es el Mosaico Nolla?","El Mosaico Nolla es un tipo de gres cerámico valenciano que se fabricó durante aproximadamente cien años, desde 1860, y que se utilizó para crear alfombras multicolores en pavimentos de todo el mundo. Era considerado un símbolo de distinción debido a sus materiales y diseños, y hoy en día se considera una joya histórica.","Si el séptimo arte elevó los pavimentos a la categoría de mito con el camino de baldosas amarillas del Mago de Oz, València contó durante cien años con un preciado gres cerámico que creó alfombras multicolores sobre pavimentos de todo el mundo. [...] Geometrías que recibieron el nombre de Miguel Nolla, el empresario que empezó a fabricarlas en 1860 en Meliana. En su día, sus materiales y diseños hicieron del Mosaico Nolla un símbolo de distinción. El paso del tempo ha convertido sus alfombras cerámicas en joyas históricas.","Articulos del blog/mosaico-nolla-valencia.txt"
"¿Dónde puedo ver ejemplos de Mosaico Nolla en Valencia?","En la ciudad de Valencia, puedes encontrar Mosaico Nolla en el Ayuntamiento, el Teatro Principal, el edificio de Correos, el Palacio de la Exposición, el Mercado Central y en numerosas fachadas de viviendas del barrio del Cabanyal.","En la ciudad de València, existen numerosas posibilidades de descubrir las cualidades del Mosaico Nolla. El Ayuntamiento, el Teatro Principal, el edificio de Correos, el Palacio de la Exposición, el Mercado Central y numerosas fachadas de viviendas del barrio del Cabanyal exhiben esta joya cerámica.","Articulos del blog/mosaico-nolla-valencia.txt"
"¿Cuál es la diferencia entre el Mosaico Nolla y los suelos hidráulicos?","Aunque pueden parecer similares, el Mosaico Nolla es de mayor calidad y coste que los suelos hidráulicos. El Mosaico Nolla se compone de pequeñas piezas de gres cerámico mate cocidas a alta temperatura, mientras que los suelos hidráulicos están hechos de una capa de cemento pigmentado sobre una base de cemento, prensados y secados al aire.","El Mosaico Nolla es diferente de los suelos hidráulicos, que surgieron posteriormente. Pueden parecer similares a la vista, pero su calidad y coste son menores. Son piezas compuestas por una capa de cemento pigmentado, sobre una base de cemento. Todo se prensa y se seca al aire.","Articulos del blog/mosaico-nolla-valencia.txt"
"¿Dónde se fabricaba originalmente el Mosaico Nolla?","El Mosaico Nolla se fabricaba originalmente en Meliana, un municipio de la huerta norte muy próximo a Valencia.","Tesela a tesela, década tras década, el mosaico Nolla abrió en el tránsito entre los siglos XIX y XX una senda para la cerámica valenciana desde Meliana, municipio de la huerta norte, muy próximo a València, rumbo al resto de España y del mundo.","Articulos del blog/mosaico-nolla-valencia.txt"
"¿Quién fue Miguel Nolla?","Miguel Nolla fue el empresario que comenzó a fabricar el Mosaico Nolla en 1860 en Meliana.","Geometrías que recibieron el nombre de Miguel Nolla, el empresario que empezó a fabricarlas en 1860 en Meliana.","Articulos del blog/mosaico-nolla-valencia.txt"
"¿Qué es el Palauet Nolla?","El Palauet Nolla es una antigua alquería en las inmediaciones de la fábrica de Mosaico Nolla que Miguel Nolla y sus hijos utilizaban para exponer sus productos a los visitantes. Fue donado al Ayuntamiento de Meliana y, tras un proyecto de restauración, abrió sus puertas al público en julio de 2020.","En las inmediaciones de la fábrica, se ubica el que actualmente es el emblema de esta joya modernista en el mundo, el Palauet Nolla. Una antigua alquería que Miguel Nolla, y posteriormente sus hijos, empleaban para exponer sus productos y mostrarlos a sus visitantes, como si de un ‘showroom’ se tratara. Tras años pasando de mano en mano, el Palauet fue donado al Ayuntamiento de Meliana y en 2010 comenzó un proyecto de restauración que sigue en marcha en la actualidad [...] Abrió sus puertas al público en julio de 2020.","Articulos del blog/mosaico-nolla-valencia.txt"
"¿Existe algún lugar donde pueda obtener información sobre la historia del Mosaico Nolla y su restauración?","Sí, el Centro de Investigación y Difusión de la Cerámica de Nolla (CIDCeN) conserva catálogos originales de la época y un muestrario de piezas. También contribuye a corroborar la autenticidad de los pavimentos y asesora acerca de la recuperación y el cuidado de las piezas.","El Centro de Investigación y Difusión de la Cerámica de Nolla (CIDCeN), creado en 2015, conserva varios catálogos originales de la época y un muestrario de piezas, de diseños y patrones que los maestros restauradores pueden consultar para su trabajo. Además, contribuye a corroborar la autenticidad de los pavimentos y asesora acerca de la recuperación y el cuidado de las piezas.","Articulos del blog/mosaico-nolla-valencia.txt"
"¿Cuál es el mejor momento para visitar las playas de Valencia en otoño?","Si visitas Valencia entre septiembre y octubre, es recomendable llevar traje de baño, ya que las playas, tanto las urbanas como las de los alrededores, son un imprescindible por su fina arena y sus limpias aguas. Incluso si vas más tarde, todavía hay muchos días en los que te puedes bañar.","Si vienes entre septiembre y octubre, pon el bañador en la maleta, que las playas de València, tanto las urbanas como las de los alrededores, son un imprescindible por su fina arena y sus limpias aguas.
¿Y si vienes más tarde? Trae traje de baño también, que hay muchos días en los que te puedes bañar tranquilamente, practicar deportes náuticos o coger una moto de agua.","Articulos del blog/otono-en-valencia.txt"
"¿Dónde puedo comer un buen arroz con vistas al mar en Valencia?","Si deseas comer un arroz con vistas al Mediterráneo, algunos de los mejores restaurantes para probar especialidades valencianas están ubicados desde la Marina de València hasta la playa de la Patacona.","Si quieres hacerlo con vistas al Mediterráneo, algunos de los mejores restaurantes para probar especialidades valencianas están ubicados desde la Marina de València hasta la playa de la Patacona.","Articulos del blog/otono-en-valencia.txt"
"¿Qué es el Agua de Valencia y dónde puedo probarla?","El Agua de Valencia es un cóctel con Denominación de Origen que lleva zumo de naranja y algunos ingredientes más como vodka, ginebra y cava. Se puede probar en muchos lugares, pero dos clásicos son el Café Lisboa y el Café de Las Horas.","Allí no te puedes perder la auténtica agua de València, el cóctel con Denominación de Origen que lleva zumo de naranja y algunos ingredientes más como vodka, ginebra y cava que, combinados en su justa medida, dan como resultado una bebida con mucha personalidad.
¿Dónde probarla?
Hay muchos lugares donde la sirven, pero si nos preguntas por dos clásicos que la bordan para debutar en esto del cóctel más valenciano, el Café Lisboa y el Café de Las Horas son un símbolo.","Articulos del blog/otono-en-valencia.txt"
"¿Dónde es recomendable tomar horchata en Valencia en otoño?","Si estás en Valencia en otoño, es recomendable acercarte a tomar horchata a su lugar de origen: la huerta de València. Puedes visitar el Museo de la Horchata y disfrutar de la horchata con fartons en horchaterías como Daniel o Bertal.","Aunque tomar horchata fresca y artesanal en el centro de la ciudad también se puede, si estás en València en otoño deberías acercarte a tomarla a su lugar de origen: la huerta de València. Y ya de paso visitar el Museo de la Horchata.
Si eres de bicicleta, en otoño se dan las condiciones ideales para hacer una rutita por el campo para acabar en cualquiera de las horchaterías de la zona como Daniel o Bertal.
Y no olvides tomarla con sus fartons.","Articulos del blog/otono-en-valencia.txt"
"¿Qué puedo hacer en el Jardín del Turia?","El Jardín del Turia es un espacio verde que cruza la ciudad con un carril bici, zonas lúdicas para niños, campos de fútbol y quioscos. Puedes recorrerlo en bicicleta o a pie.","El Jardín del Turia es un espacio verde que cruza la ciudad de punta a punta por el antiguo cauce del río, con un carril bici en perfecto estado y con accesos a la ciudad en muchos puntos de su recorrido.

Sus 9 kilómetros de longitud combinan un paisajismo muy cuidado con zonas lúdicas para niños, campos de fútbol y algunos quioscos donde hacer un alto en el camino para reponer fuerzas.","Articulos del blog/otono-en-valencia.txt"
"¿Qué museos se recomiendan visitar en Valencia?","Se recomiendan el Museo de Bellas Artes (San Pío V), que contiene la segunda mayor pinacoteca de España, y el IVAM (Instituto Valenciano de Arte Moderno) para los amantes del arte contemporáneo.","Una de ellas es visitar alguno de sus museos, como el de Bellas Artes o el IVAM.

El primero, el Museo de Bellas Artes, también conocido como San Pío V, contiene la segunda mayor pinacoteca de España y exhibe obras de los siglos XV al XIX, incluida una buena muestra de Sorolla y Goya.
Y para los que sois más de arte contemporáneo, el Instituto Valenciano de Arte Moderno no decepciona, palabra.","Articulos del blog/otono-en-valencia.txt"
"¿Qué actividades deportivas puedo disfrutar en Valencia en otoño?","Puedes asistir a partidos de fútbol del Valencia CF en el estadio de Mestalla o ver partidos de baloncesto del Valencia Basket Club en La Fonteta.","En el estadio del València CF puedes vivir la mejor liga de fútbol y el ambiente de la afición «che» en cualquiera de sus partidos o sumergirte en su historia en el Mestalla Forever Tour, una ruta guiada por los secretos del estadio más antiguo de España.
Y para espíritu deportivo potente, la cultura del esfuerzo del València Basket Club, que atesora numerosos galardones nacionales e internacionales tanto en la modalidad femenina como en la masculina.
Ponte la camiseta taronja —naranja en valenciano—y disfruta del mejor basket en algún partido de la Liga Endesa o de la Euroliga en «La Fonteta».","Articulos del blog/otono-en-valencia.txt"
"¿Dónde puedo hacer senderismo cerca de Valencia?","A menos de 30 kilómetros de Valencia, puedes hacer rutas de senderismo como la Ruta del Agua de Buñol o la del Castillo de Serra.","En menos de 30 kilómetros a la redonda de la ciudad tienes la oportunidad de recargar las pilas haciendo alguna de las mejores rutas de senderismo cerca de València como la Ruta del Agua de Buñol o la del Castillo de Serra.","Articulos del blog/otono-en-valencia.txt"
"¿Cuál es la mejor manera de terminar un día de otoño en Valencia?","La mejor manera de terminar un día de otoño en Valencia es visitar el Parque Natural de l’Albufera y ver el atardecer desde una barca típica llamada albuferenc.","Pues no, acabamos con la experiencia estrella: ver el atardecer desde una barca típica conocida como albuferenc; un festival de degradados que van desde el azul al naranja más potente con los sonidos de sus aves como banda sonora.","Articulos del blog/otono-en-valencia.txt"
"¿Qué es El Cabanyal y qué puedo hacer allí?","El Cabanyal es el antiguo barrio de pescadores al borde del mar, ahora una zona trendy donde tapear es un éxito asegurado. Puedes encontrar desde platos tradicionales hasta cocina de autor.","El Cabanyal es el antiguo barrio de pescadores al borde del mar cuya luz inmortalizó el pintor Joaquín Sorolla.
Pues esa luz ahí sigue. Y muchas de sus casas también.
Lo que ha cambiado es que El Cabanyal se ha convertido en una zona de lo más trendy en la que ir de tapas es un éxito asegurado.
Tanto para comer como para marcarse un tardeo con propuestas gastronómicas de lo más variadas, el barrio del Cabanyal es una gran visita: vas a encontrar desde los platos más tradicionales hasta locales de cocina de autor.","Articulos del blog/otono-en-valencia.txt"
"¿Qué barrios son imprescindibles visitar en Valencia en otoño?","El Carmen y Ruzafa son dos barrios imprescindibles de Valencia, especialmente en otoño cuando recobran su tono habitual.","València en otoño es sinónimo de calle y sus barrios recobran su tono habitual, especialmente el Carmen y Ruzafa, dos imperdibles de la capital.","Articulos del blog/otono-en-valencia.txt"
"¿Cuáles son algunos platos típicos de Valencia que puedo intentar cocinar en casa?","Puedes intentar cocinar paella valenciana, horchata y esgarraet.","Paella, horchata o esgarraet: Recetas valencianas para hacer en casa","Articulos del blog/paella-horchata-esgarraet-recetas-valencianas-para-hacer-desde-casa.txt"
"¿Dónde puedo comprar ingredientes valencianos auténticos si no puedo encontrarlos en mi supermercado local?","Puedes comprar ingredientes en la tienda Original CV, que es especialista en productos gastronómicos valencianos y ofrece arroz con Denominación de Origen Valencia, aceites valencianos o azafrán. También puedes comprar chufas en tiendas online como Original CV o Monorxata.","Si no puedes conseguir alguno, la tienda Original CV es especialista en productos gastronómicos valencianos y ofrece arroz con Denominación de Origen Valencia, aceites valencianos o azafrán.

un saquito de chufas de 250 gramos, que se puede adquirir en cualquiera de los mercados municipales de la ciudad si estás por aquí o en tiendas online, como Original CV o Monorxata, si tienes que comprar desde casa.","Articulos del blog/paella-horchata-esgarraet-recetas-valencianas-para-hacer-desde-casa.txt"
"¿Qué ingredientes necesito para hacer horchata casera?","Necesitas 250 gramos de chufas, 1 litro de agua, una batidora y azúcar o endulzante al gusto.","Necesitas:

un saquito de chufas de 250 gramos, que se puede adquirir en cualquiera de los mercados municipales de la ciudad si estás por aquí o en tiendas online, como Original CV o Monorxata, si tienes que comprar desde casa.
1 litro de agua
Una batidora
Azúcar o endulzante al gusto","Articulos del blog/paella-horchata-esgarraet-recetas-valencianas-para-hacer-desde-casa.txt"
"¿Con qué se suele acompañar la horchata en Valencia?","En Valencia, la horchata se toma como merienda, acompañada de un dulce denominado fartón, que se moja en la horchata.","En València la tomamos como merienda, acompañada de un dulce denominado fartón y que mojamos en la horchata, pero puedes usar pan o cualquier otro dulce.","Articulos del blog/paella-horchata-esgarraet-recetas-valencianas-para-hacer-desde-casa.txt"
"¿Qué significa la palabra 'esgarraet'?","La palabra 'esgarraet' viene de la palabra valenciana 'esgarrar', que significa desgarrar, y alude a la forma de cortar con los dedos los dos principales ingredientes del plato: bacalao y pimientos rojos.","Su nombre viene de la palabra valenciana esgarrar, que significa desgarrar y alude a la forma de cortar con los dedos los dos principales ingredientes de este plato: bacalao y pimientos rojos.","Articulos del blog/paella-horchata-esgarraet-recetas-valencianas-para-hacer-desde-casa.txt"
"¿Cuáles son los ingredientes principales del esgarraet?","Los ingredientes principales del esgarraet son pimientos rojos asados y migas de bacalao seco.","Su nombre viene de la palabra valenciana esgarrar, que significa desgarrar y alude a la forma de cortar con los dedos los dos principales ingredientes de este plato: bacalao y pimientos rojos.

Para elaborarlo necesitas:

250 gramos de pimiento rojo asado
80 gramos de migas de bacalao seco","Articulos del blog/paella-horchata-esgarraet-recetas-valencianas-para-hacer-desde-casa.txt"
"¿Cómo debo servir el esgarraet?","El esgarraet debe servirse templado, aunque es mejor dejarlo reposar en la nevera tapado el día anterior para que macere en el aceite.","Guárdalo tapado en la nevera, pero sírvelo templado.","Articulos del blog/paella-horchata-esgarraet-recetas-valencianas-para-hacer-desde-casa.txt"
"¿Qué puedo hacer si cocino alguna de estas recetas valencianas y quiero compartirla?","Puedes compartir las fotos de tu paella, horchata o esgarraet en tus perfiles sociales con el hashtag #recetasvisitvalencia.","Si te lanzas con cualquiera de estas recetas, nos encantaría conocer el resultado. Comparte las fotos de tu paella, horchata o esgarraet en tus perfiles sociales con el hashtag #recetasvisitvalencia, ¡porque seguro nos van a gustar mucho!","Articulos del blog/paella-horchata-esgarraet-recetas-valencianas-para-hacer-desde-casa.txt"
"¿Qué es la paella valenciana?","La paella valenciana es un plato elaborado a base de arroz cultivado en l’Albufera de València, cocinado con ingredientes procedentes de la despensa natural de la zona, en una sartén con dos asas y sobre fuego de llama.","La paella valenciana es un plato elaborado a base de arroz cultivado en l’Albufera de València, cocinado con ingredientes procedentes de la despensa natural de la zona, en una sartén con dos asas y sobre fuego de llama.","Articulos del blog/paella-valenciana.txt"
"¿Cuáles son los ingredientes principales de la paella valenciana auténtica?","Los ingredientes principales de la paella valenciana auténtica son pollo y conejo, judía ferradura, garrofó y tomate.","Ingredientes principales: pollo y conejo, judía ferradura, garrofó y tomate.","Articulos del blog/paella-valenciana.txt"
"¿Qué tipo de arroz se recomienda para la paella valenciana?","Se recomienda usar variedades de arroz con la Denominación de Origen de Arroz de Valencia cultivadas en el Parque Natural de l’Albufera, como Senia, Bomba y Albufera. Si no se encuentran, se debe usar arroz redondo.","Con cualquiera de las variedades de la Denominación de Origen de Arroz de Valencia cultivadas en el Parque Natural de l’Albufera —Senia, Bomba y Albufera— no fallas porque todas son grandes conductoras del sabor. Si por lo que sea no encuentras este tipo de arroz escoge otro, pero que sea redondo como los de l’Albufera; jamás de los jamases arroz largo tipo oriental ni el pequeño que se utiliza para el sushi.","Articulos del blog/paella-valenciana.txt"
"¿Dónde nació la paella valenciana?","La paella valenciana nació en l’Albufera de València.","La paella valenciana nace en l’Albufera de València allá por el S. XVI, aunque no se tiene documentación que lo acredite de antes del S. XVIII.","Articulos del blog/paella-valenciana.txt"
"¿Qué significa la palabra 'paella'?","La palabra 'paella' proviene del valenciano y significa sartén. A su vez, proviene del latín 'patella', que se utilizaba para denominar a una especie de plato metálico grande.","El nombre del plato viene del valenciano, lengua en la que «paella» significa sartén y que, a su vez, proviene del latín «patella», término que se utilizaba para denominar a una especie de plato metálico grande.","Articulos del blog/paella-valenciana.txt"
"¿Cuándo se celebra el World Paella Day?","El World Paella Day se celebra cada 20 de septiembre.","¿Sabías que tiene incluso un certamen propio? El #WorldPaellaDay se celebra cada 20 de septiembre con acciones en diferentes países, un torneo en el que chefs de todo el planeta compiten por el título de la mejor paella del mundo.","Articulos del blog/paella-valenciana.txt"
"¿Qué otros arroces se cocinan en paella además de la paella valenciana?","Otros arroces que se cocinan en paella son el arroz a banda, la paella de marisco y el arroz del senyoret.","Los más conocidos son:
• El arroz a banda, llamado así porque se servía aparte después del plato principal, que solía ser pescado cocido con patata y cebolla; con el caldo del guiso se cocía el arroz y se servía después. Actualmente se sirve todo junto en la paella.• La paella de marisco, elaborada con gamba y bogavante u otro marisco disponible cada temporada como cangrejos, galeras o cigalas.• El arroz del senyoret, el más «cómodo» de comer porque el marisco viene ya limpio, sin cáscara.","Articulos del blog/paella-valenciana.txt"
"¿Cómo se come tradicionalmente la paella en Valencia?","Tradicionalmente, la paella se come directamente del recipiente con una cuchara de madera, y cada persona come de la porción que tiene delante.","Y que no te sorprenda si dejan la paella en el centro de la mesa, no te ponen plato o te ofrecen una cuchara de madera, porque son tres de las costumbres más valencianas que existen.
Como lo oyes: se come directamente de la paella y con cuchara de madera. Y ojo, que las normas del buen valenciano dictan que puedes comer solo de la porción que recae delante de ti.","Articulos del blog/paella-valenciana.txt"
"¿Qué tipo de ayuda turística se está implementando en Valencia?","Se están implementando pictogramas turísticos para personas con déficit cognitivo, con el objetivo de mejorar la atención al visitante y hacer de la accesibilidad universal uno de los distintivos de Valencia.","Pictogramas turísticos para personas con déficit cognitivo

En el continuo empeño por seguir mejorando la atención al visitante y hacer de la accesibilidad universal uno de los distintivos de València, avanzamos un paso más acercando la oferta turística a personas con dificultades de comunicación o lenguaje, propias del trastorno de espectro autista (TEA).","Articulos del blog/pictogramas-autismo-turismo-valencia.txt"
"¿A quiénes están dirigidos estos pictogramas turísticos?","Estos pictogramas están dirigidos a personas con dificultades de comunicación o lenguaje, especialmente aquellas con trastorno del espectro autista (TEA).","avanzamos un paso más acercando la oferta turística a personas con dificultades de comunicación o lenguaje, propias del trastorno de espectro autista (TEA).","Articulos del blog/pictogramas-autismo-turismo-valencia.txt"
"¿Cuál es el objetivo principal de esta iniciativa turística en Valencia?","El objetivo principal es mejorar la atención al visitante y hacer de la accesibilidad universal uno de los distintivos de Valencia, facilitando el acceso a la oferta turística a personas con dificultades de comunicación.","En el continuo empeño por seguir mejorando la atención al visitante y hacer de la accesibilidad universal uno de los distintivos de València, avanzamos un paso más acercando la oferta turística a personas con dificultades de comunicación o lenguaje, propias del trastorno de espectro autista (TEA).","Articulos del blog/pictogramas-autismo-turismo-valencia.txt"
"¿Dónde puedo encontrar más información sobre esta iniciativa de pictogramas turísticos?","Puedes acceder a toda la información en el enlace proporcionado en el documento.","Accede a toda la información aquí.","Articulos del blog/pictogramas-autismo-turismo-valencia.txt"
"¿Qué fecha tiene el documento informativo?","El documento informativo tiene fecha del 12 de enero de 2021.","12/01/21 8:54","Articulos del blog/pictogramas-autismo-turismo-valencia.txt"
"¿Qué tipo de actividades alternativas se pueden disfrutar en los conventos y monasterios de Valencia?","Varios conventos y monasterios ofrecen planes alternativos como exposiciones, muestras de arte, presentaciones de libros y música en directo.","¿Qué pensarías si te decimos que varios de estos conventos y monasterios te ofrecen planes alternativos a los habituales? Queremos llevarte a ver exposiciones, muestras de arte, presentaciones de libros… ¡pero también a escuchar música en directo!","Articulos del blog/planes-en-los-conventos-de-valencia.txt"
"¿Qué es ahora el antiguo monasterio de San Miguel de los Reyes?","El antiguo monasterio de San Miguel de los Reyes es ahora la sede de la Biblioteca Valenciana.","Porque el antiguo monasterio de San Miguel de los Reyes es ahora la sede de la Biblioteca Valenciana.","Articulos del blog/planes-en-los-conventos-de-valencia.txt"
"¿Qué puedo encontrar en la Biblioteca Valenciana?","En la Biblioteca Valenciana, podrás encontrar las obras de diversos autores valencianos y otras que se han producido en esta comunidad autónoma. También puedes asistir a talleres y encuentros literarios.","En cuanto a la actual Biblioteca Valenciana, en ella podrás encontrar las obras de diversos autores valencianos y otras que se han producido en esta comunidad autónoma (podrás acceder a sus fondos consiguiendo un pase temporal o la tarjeta de investigación). De forma libre, podrás asistir a distintos talleres y encuentros literarios.","Articulos del blog/planes-en-los-conventos-de-valencia.txt"
"¿Dónde se encuentra el Centre del Carme de Cultura Contemporánea?","El Centre del Carme de Cultura Contemporánea se encuentra en la calle Museo, 2, en el casco histórico de la ciudad de Valencia.","¿Dónde? En la calle Museo, 2.","Articulos del blog/planes-en-los-conventos-de-valencia.txt"
"¿Qué tipo de actividades puedo encontrar en el Centre del Carme?","El Centre del Carme acoge exposiciones, música, cine, talleres, actividades educativas y encuentros asociativos relacionados con la cultura valenciana contemporánea.","El Centre del Carme acoge diversos eventos relacionados con el mundo artístico contemporáneo. No puedes dejar de pasarte por alguna de sus exposiciones. También música y cine se dan cita habitualmente en sus instalaciones, sumados a diversos talleres, actividades educativas y encuentros asociativos, que cubren un amplio espectro de la cultura valenciana.","Articulos del blog/planes-en-los-conventos-de-valencia.txt"
"¿Hay actividades para niños en el Centre del Carme?","Sí, el Centre del Carme cuenta con una sala permanente para niños y niñas de 0 a 3 años llamada «Espai de Telles».","Además, si viajas a València con los peques, te interesará saber que este antiguo convento es el único centro de arte español que cuenta con una sala permanente para niños y niñas de 0 a 3 años, llamada «Espai de Telles».","Articulos del blog/planes-en-los-conventos-de-valencia.txt"
"¿Qué puedo ver en el Real Colegio Seminario del Corpus Christi, o del Patriarca?","En el Real Colegio Seminario del Corpus Christi, o del Patriarca, puedes pasear por un patio renacentista, disfrutar de los frescos del pintor Bartolomé Matarana o recrearte en las obras de artistas como El Greco o Caravaggio.","En el que tendrás la oportunidad de pasear por un patio renacentista, disfrutar de los frescos del pintor Bartolomé Matarana o recrearte en las obras de artistas como El Greco o Caravaggio.","Articulos del blog/planes-en-los-conventos-de-valencia.txt"
"¿Dónde está ubicado el Real Colegio Seminario del Corpus Christi (El Patriarca)?","El Real Colegio Seminario del Corpus Christi (El Patriarca) está ubicado en la calle de la Nau, 1, frente al centro cultural del mismo nombre.","¿Dónde? En la calle de la Nau, 1.","Articulos del blog/planes-en-los-conventos-de-valencia.txt"
"¿El monasterio de San Miguel de los Reyes ofrece visitas guiadas?","Sí, el monasterio de San Miguel de los Reyes ofrece visitas guiadas para conocer su historia. Puedes consultar los horarios en su web.","Si quieres saber más de la historia del monasterio de San Miguel de los Reyes, podrás hacerlo apuntándote a alguna de sus visitas guiadas. Consulta todos los horarios disponibles y la información completa en su web.","Articulos del blog/planes-en-los-conventos-de-valencia.txt"
"¿Qué evento benéfico se celebra en el Mercado de Tapinería antes de Halloween?","En el Mercado de Tapinería se celebra la València Zombi Party del 25 al 27 de octubre, un evento terrorífico y benéfico que busca ayudar económicamente y dar a conocer a distintas ONG’s y proyectos solidarios. Culmina con la invasión zombi del centro de València el sábado 26 a las 21:00 h desde la Plaza del Ayuntamiento.","El Mercado de Tapineria se anticipa unos días a Halloween y acoge del 25 al 27 de octubre la València Zombi Party, un evento terrorífico y benéfico que busca ayudar económicamente y dar a conocer a distintas ONG’s y proyectos solidarios.
Un fin de semana repleto de talleres, charlas, feria cultural y maquillajes aterradores que culminará con la invasión zombi del centro de València, el sábado 26 a las 21:00 h desde la Plaza del Ayuntamiento.","Articulos del blog/planes-para-la-noche-mas-terrorifica-en-valencia.txt"
"¿Qué actividades ofrece el Hard Rock Café para Halloween en Valencia?","El Hard Rock Café ofrece disfraces, decoración, maquillaje en familia, música de DJ Karla Meksoub y un taller de decoración de calabazas para niños el 31 de octubre desde las 19:00 hasta la medianoche.","Hard Rock Café se suma a la noche más terrorífica del año: disfraces, decoración y muchas más sorpresas para que te lo pases en grande.
El 31 de octubre, desde las 19:00 y hasta la medianoche, podéis maquillaros en familia y escuchar a la DJ Karla Meksoub. Los niños tendrán también un taller de decoración de calabazas.","Articulos del blog/planes-para-la-noche-mas-terrorifica-en-valencia.txt"
"¿Qué opciones de entretenimiento hay en teatros en Valencia para la noche de Halloween?","Para la noche del 31 de octubre, puedes disfrutar de 'La Tabernera del Puerto', una zarzuela en tres actos, o 'Por los pelos', una comedia policíaca interactiva en el Teatro Talia donde el público decide quién es el asesino.","La noche del 31 será perfecta para disfrutar de La Tabernera del Puerto, una zarzuela en tres actos que derrocha amor. Hay entradas entre 18 y 60 euros.
Si lo tuyo no es el terror, sino la risa, no te pierdas en el Teatro Talia Por los pelos, una comedia policíaca en la que el público decide cada día quién es el asesino.","Articulos del blog/planes-para-la-noche-mas-terrorifica-en-valencia.txt"
"¿Dónde puedo bailar en Valencia la noche de Halloween?","Puedes bailar en los pubs y discotecas del Grupo Salamandra, que se transforman con ambientación de Halloween y ofrecen la mejor música. Puedes conseguir tu lista o entrada anticipada en www.gruposalamandra.com o en la APP de Grupo Salamandra.","Puedes pasar la noche más tenebrosa del año en alguna de las salas del Grupo Salamandra. Todos sus pubs y discotecas se transformarán en lugares más oscuros aún, con ambientación de Halloween y, sobre todo, con la mejor música para que te lo pases como nunca antes. Consigue tu lista o tu entrada anticipada en www.gruposalamandra.com o en la APP de Grupo Salamandra.","Articulos del blog/planes-para-la-noche-mas-terrorifica-en-valencia.txt"
"¿Qué experiencia única ofrece el Oceanogràfic para Halloween?","El Oceanogràfic ofrece una experiencia en la que los participantes resuelven un enigma a través de pistas, guiados por calaveras mexicanas y actores, cenan en el restaurante Océanos y duermen bajo la atenta mirada de más de 30 tiburones. Se realiza las noches del 31 de octubre y 1 de noviembre a partir de las 20:00 horas. Puedes reservar llamando al 960 47 06 47.","Las noches del 31 de octubre y 1 de noviembre, a partir de las 20:00 horas, el acuario más grande de Europa se abre en exclusiva para un grupo de valientes dispuestos a resolver un enigma a través de pistas escondidas por todo el Oceanogràfic. Para ello, las calaveras mexicanas y un grupo de actores caracterizados, guiarán a los asistentes durante la experiencia.
Para reponer fuerzas, una cena en el restaurante Océanos, antes de llegar a la parte más impactante de la noche... conciliar el sueño bajo la atenta mirada de más de 30 tiburones. Nodrizas, grises, toro… todos ellos con dientes afilados y siluetas temibles, compartiendo espacio con los participantes durante toda una noche. Puedes reservar tu noche de miedo llamando al 960 47 06 47.","Articulos del blog/planes-para-la-noche-mas-terrorifica-en-valencia.txt"
"¿Qué actividades puedo hacer con niños en el Hotel Olympia para Halloween?","El Hotel Olympia ofrece una fiesta de Halloween con cena buffet especial, música hasta las tres de la madrugada y monitores para los más pequeños. La fiesta tiene un precio de 23 euros para adultos y 12 euros para niños de entre 2 y 12 años.","Una cena buffet especial dará el pistoletazo de salida a la fiesta de Halloween que el Hotel Olympia ha preparado para la noche del 31. Habrá música hasta las tres de la madrugada para los más trasnochadores, pero también monitores para los más pequeños. La fiesta está ya a la venta, por 23 euros para los adultos y 12 para los niños de entre 2 y 12 años.","Articulos del blog/planes-para-la-noche-mas-terrorifica-en-valencia.txt"
"¿Dónde puedo aprender sobre los monstruos valencianos tradicionales en Halloween?","Puedes visitar el Museo de Etnología, que ha organizado actividades para celebrar Halloween explorando las leyendas e historias sobre monstruos tradicionales valencianos, como el Hombre del Saco, y ofrece un Escape Room.","Si quieres conocer los monstruos valencianos, no te pierdas las actividades que el Museo de Etnología ha organizado para celebrar el Halloween en su vertiente más local. Conoce las leyendas e historias sobre nuestros monstruos tradicionales, como el Hombre del Saco; descubre la indumentaria realizada por la Escuela de Arte y Superior de Diseño de Valencia o participa en un Escape Room.","Articulos del blog/planes-para-la-noche-mas-terrorifica-en-valencia.txt"
"¿Qué plan romántico se puede realizar en L'Albufera al atardecer?","Se puede dar un paseo en barca al atardecer por L'Albufera. Es un paraje romántico a solo 10 kilómetros de la ciudad que ofrece instantes espectaculares al caer el sol.","Pocas cosas hay más especiales si estás en Valencia que poder dar un paseo en barca al atardecer por L'Albufera. Sorprende a tu pareja con una tarde única en este romántico paraje, un marco que ha servido de inspiración para grandes obras de la literatura. La naturaleza y la tradición conviven a solo 10 kilómetros de la ciudad ofreciendo instantes espectaculares al caer el sol…","Articulos del blog/planes-para-un-san-valentin-en-valencia.txt"
"¿Qué jardines se recomiendan visitar para un plan romántico en Valencia?","Se recomienda visitar los Jardines de Monforte, considerados uno de los jardines más bellos de España, ideales para pasear de la mano.","El encanto de los Jardines de Monforte es algo que tampoco deberíais pasar por alto. Considerado como uno de los jardines más bellos de España, es ideal para perderte de la mano de tu persona favorita en el mundo. Su Palacete, sus estatuas y estanques, y sus cientos de flores, os conquistarán. Romanticismo en estado puro.","Articulos del blog/planes-para-un-san-valentin-en-valencia.txt"
"¿Qué tipo de tratamientos de bienestar se pueden disfrutar en pareja en Valencia?","Se pueden compartir masajes relajantes, sesiones de spa o cualquier tratamiento de belleza a dúo. Algunos lugares recomendados son el spa para dos del Hospes Palau de la Mar, los tratamientos faciales de la clínica Dr. Gabriel Serrano, el centro de bienestar Al Amira o los masajes en pareja del Balneario Las Arenas, el hotel Westin Valencia, o el Hotel Olympia.","Sin duda, algo muy TOP y un plan inmejorable es compartir un masaje relajante, una sesión de spa o cualquier tratamiento de belleza a dúo. Prueba el spa para dos del Hospes Palau de la Mar, los tratamientos faciales de la clínica Dr. Gabriel Serrano, el centro de bienestar Al Amira o los masajes en pareja del Balneario Las Arenas, el hotel Westin Valencia, o el Hotel Olympia.","Articulos del blog/planes-para-un-san-valentin-en-valencia.txt"
"¿Dónde puedo comprar flores para mi pareja en Valencia?","Puedes comprar flores en las míticas casetas de la Plaza del Ayuntamiento.","Una ruta por el centro histórico con final en la Plaza del Ayuntamiento es la excusa perfecta para comprar flores en alguna de las míticas casetas.","Articulos del blog/planes-para-un-san-valentin-en-valencia.txt"
"¿Qué joyerías se recomiendan para comprar un regalo?","Se recomiendan las joyerías Vicente Gracia, Siete Jewels, Torres o Barack.","Si se te ha echado el tiempo encima y necesitas ayuda, pásate por Vicente Gracia, Siete Jewels, Torres o Barack. Con sus originales y exclusivos muestrarios seguro que aciertas.","Articulos del blog/planes-para-un-san-valentin-en-valencia.txt"
"¿Dónde puedo comprar chocolates personalizados en Valencia?","Puedes comprar chocolates personalizados en Utopick.","Ojo con Utopick. ¿Cómo verías sorprender a tu pareja con productos personalizados de chocolate, a su gusto, con mensajes muy especiales?… Pues eso, un triunfo asegurado.","Articulos del blog/planes-para-un-san-valentin-en-valencia.txt"
"¿Qué opciones de restaurantes de moda hay en Valencia para una cena romántica?","Se recomienda considerar los menús de Ricard Camarena Restaurant. También se menciona la opción de un cheque regalo para disfrutar de estos restaurantes.","Si, en cambio, es más “de salado”, puedes conquistarle con un cheque regalo para saborear los deliciosos menús de alguno de los restaurantes más de moda de la ciudad, como los de Ricard Camarena Restaurant.","Articulos del blog/planes-para-un-san-valentin-en-valencia.txt"
"¿Qué restaurantes ofrecen menús especiales para San Valentín?","El Casino Cirsa organiza un menú especial para enamorados en su restaurante ONE VLC, disponible los días 10, 11 y 14 de febrero.","En cenas con amor tiene experiencia el Casino Cirsa, que cada San Valentín organiza un menú especial para enamorados en su restaurante ONE VLC. ¡Pero date prisa en reservar! Solo estará disponible los días 10, 11 y 14 de febrero, con un maridaje especial de vinos de la DO Valencia.","Articulos del blog/planes-para-un-san-valentin-en-valencia.txt"
"¿Qué otra opción de cena especial ofrece el Casino Cirsa para San Valentín?","El sábado 11 de febrero, el Casino Cirsa ofrece una cena espectáculo dedicada a Frank Sinatra, además del menú especial de San Valentín.","El sábado 11 además tienes otra opción: celebrar San Valentín con una cena espectáculo dedicada a Frank Sinatra y un menú delicioso.","Articulos del blog/planes-para-un-san-valentin-en-valencia.txt"
"¿Qué puedo esperar del clima en Valencia durante el invierno?","Aunque estemos en invierno, en Valencia apenas hace frío y casi siempre luce el sol.","En la capital del Turia apenas hace frío, aunque estemos en invierno y casi siempre luce el sol.","Articulos del blog/planes-para-una-escapada-de-invierno-a-valencia.txt"
"¿Dónde puedo encontrar una buena panorámica de la ciudad?","Puedes descubrir una de las mejores panorámicas de la ciudad desde las Torres de Serrano o el Miguelete.","Descubre una de las mejores panorámicas de la ciudad desde las Torres de Serrano o el Miguelete.","Articulos del blog/planes-para-una-escapada-de-invierno-a-valencia.txt"
"¿Qué bebida y dulce típicos puedo probar en Valencia?","Puedes pedir horchata con fartons en Santa Catalina.","¿Una parada en Santa Catalina? Pide horchata con fartons y disfruta de un buen bocado de “terreta”.","Articulos del blog/planes-para-una-escapada-de-invierno-a-valencia.txt"
"¿Qué puedo visitar en la Ciudad de las Artes y las Ciencias?","En la Ciudad de las Artes y las Ciencias puedes visitar el Museo Príncipe Felipe, el Oceanogràfic, el Hemisfèric o el Palau de les Arts.","Descubre los secretos de la ciencia en el Museo Príncipe Felipe, la fauna marina en el Oceanogràfic, ve alguna de las películas del Hemisfèric o visita el Palau de les Arts, hay visitas guiadas al edificio, una aproximación muy interesante al mundo de la ópera que puedes contemplar si el día de tu visita no hay programación en este espacio.","Articulos del blog/planes-para-una-escapada-de-invierno-a-valencia.txt"
"¿Qué playas son recomendables para visitar en Valencia?","Son recomendables las playas de Las Arenas o La Malvarrosa.","Recorre el Paseo Marítimo de las playas de Las Arenas o La Malvarrosa o acércate al edificio Veles e Vents y tómate un aperitivo en alguna de las terrazas de la zona.","Articulos del blog/planes-para-una-escapada-de-invierno-a-valencia.txt"
"¿Dónde puedo comer una buena paella en la playa?","Puedes degustar una buena paella en Casa Carmela, en la playa de la Malvarrosa.","Casa Carmela, en la playa de la Malvarrosa, para degustar una buena paella o Bodega Montaña, en el Cabanyal, para las tapas, son solo dos propuestas de una extensa lista…","Articulos del blog/planes-para-una-escapada-de-invierno-a-valencia.txt"
"¿Qué es Ruzafa?","Ruzafa es el soho valenciano, donde encontrarás galerías de arte, pequeñas tiendas de diseño y cafés-librería.","Para el tardeo acércate a Ruzafa, el soho valenciano. Galerías de arte, pequeñas tiendas de diseño y cafés-librería te esperan allí.","Articulos del blog/planes-para-una-escapada-de-invierno-a-valencia.txt"
"¿Qué puedo hacer en los Jardines del Turia?","En los Jardines del Turia puedes pasear y descubrir lugares como el Museo de Bellas Artes o los Jardines de Viveros.","Pasea sin prisas y fíjate en todo lo que puedes descubrir gracias a él, como el Museo de Bellas Artes o los Jardines de Viveros.","Articulos del blog/planes-para-una-escapada-de-invierno-a-valencia.txt"
"¿Qué iglesia es conocida como la Capilla Sixtina valenciana?","La Iglesia de San Nicolás está considerada como la Capilla Sixtina valenciana.","Desayuna en una de las animadas cafeterías de la Plaza del Tossal y dirígete a la Iglesia de San Nicolás. ¿Sabías que está considerada como la Capilla Sixtina valenciana? En cuanto entres sabrás por qué.","Articulos del blog/planes-para-una-escapada-de-invierno-a-valencia.txt"
"¿Qué puedo hacer en el barrio de El Cabanyal?","En el Cabanyal, puedes encontrar alegres y coloridas construcciones de modernismo popular y disfrutar de la gastronomía valenciana.","Retoma tu paseo con vistas al mar y dirígete al tradicional barrio de pescadores: El Cabanyal. Allí encontrarás alegres y coloridas construcciones de modernismo popular y más lugares donde disfrutar de la gastronomía valenciana.","Articulos del blog/planes-para-una-escapada-de-invierno-a-valencia.txt"
"¿Qué tipo de actividades puedo realizar durante la Semana Santa en Valencia?","Durante la Semana Santa en Valencia, puedes conocer los rincones más bonitos de la ciudad, realizar excursiones de proximidad, disfrutar de la programación cultural, descubrir la Semana Santa Marinera, practicar deporte al aire libre y disfrutar de una variada oferta gastronómica.","Si visitas València y dispones de días libres, prepárate, porque contamos con un programa de actividades de lo más completo.
¿Qué será?
Puedes ocupar tu tiempo en conocer los rincones más bonitos de la ciudad o apostar por alguna de las muchas excursiones de proximidad.
También disfrutar de la programación cultural, descubrir nuestra Semana Santa Marinera, practicar deporte al aire libre y un largo etcétera de posibilidades.
Y habrá que comer, ¿no?
Pues de eso también tenemos, para que te relamas con una oferta gastronómica de rechupete.","Articulos del blog/planes-semana-santa-pascua-valencia.txt"
"¿Qué puedo hacer en una escapada de un día desde Valencia?","Puedes realizar un paseo en barca por l'Albufera de València y comer en el restaurante El Palmar, sumergirte en la cultura del vino valenciano en Requena y Utiel con cata de vinos y gastronomía local, o visitar el mirador del Garbí en la Serra Calderona para disfrutar de vistas panorámicas.","Paseo en barca por l'Albufera de València y comida en el restaurante El Palmar
Sumérgete en la cultura del vino valenciano
Lugares que quitan el hipo: el mirador del Garbí.","Articulos del blog/planes-semana-santa-pascua-valencia.txt"
"¿Qué es la Semana Santa Marinera y qué tradiciones tiene?","La Semana Santa Marinera se celebra en los barrios marítimos de Valencia. Destacan las procesiones, la nocturna del Viernes Santo, la alegría del Domingo de Resurrección, el encuentro de los Cristos del Salvador y de la Palma, y la tradición del Sábado de Gloria con la ""trencà de perols"", donde los vecinos tiran pucheros de barro desde sus balcones.","Si nunca has vivido la Semana Santa Marinera seguro que te sorprende. Las procesiones recorren los barrios marítimos de València, dotando a esta festividad de un aroma y un colorido especiales. No te puedes perder citas tan impactantes como la nocturna del Viernes Santo, la alegría desbordante del Domingo de Resurrección o el encuentro de los Cristos del Salvador y de la Palma, que lleva a los participantes hasta las mismas orillas del Mediterráneo. Otra tradición que tienes que conocer es la del Sábado de Gloria y su ""trencà de perols"". Los vecinos de estos barrios marítimos tiran de madrugada pucheros de barro desde sus balcones y ventanas como expresión de júbilo ante la vuelta a la vida triunfal de Cristo.","Articulos del blog/planes-semana-santa-pascua-valencia.txt"
"¿Dónde puedo probar platos típicos de Semana Santa en Valencia?","Puedes probar platos típicos de Semana Santa en restaurantes del Cabanyal, como Casa Montaña, donde puedes pedir un ""Pepito"" (una versión marinera del bocadillo), titaina o albóndigas de bacalao.","Nos acercamos a los fogones de los restaurantes del Cabanyal con propuestas gastronómicas únicas durante la Semana Santa.
¡Anímate a probar los platos típicos! Un buen ejemplo es Casa Montaña, todo un templo de la tradición. Sumérgete en su peculiar atmósfera, el de una taberna en el barrio de los pescadores por excelencia. ¡Aprovecha que solo lo hacen en estos días y pide un Pepito, la versión más particular y marinera del tradicional bocadillo! Decántate si lo prefieres por la tradicional titaina o las clásicas albóndigas de bacalao.","Articulos del blog/planes-semana-santa-pascua-valencia.txt"
"¿Qué tipo de dulces son típicos de la Pascua valenciana?","Los dulces típicos de la Pascua valenciana son la Mona de Pascua, el panquemao y la torta de pasas y nueces.","Prepáratelo como quieras, pero que no falten los clásicos de la Pascua valenciana: las longanizas de Pascua en lo salado, y en lo dulce, toda la tradición: la Mona de Pascua, el panquemao y la torta de pasas y nueces.","Articulos del blog/planes-semana-santa-pascua-valencia.txt"
"¿Qué puedo hacer en Valencia si busco actividades originales?","Puedes jugar al geocaching ""Tras las pistas del Santo Grial"", hacer un tour nocturno por la Valencia menos conocida, o ir a un escape room.","Vive la tuya en familia jugando al geocaching “Tras las pistas del Santo Grial”.
Aunque para misterios y leyendas, nada como las de la luna de Valencia, que podrás descubrir en un tour nocturno por la València menos conocida.
Vale, vale, que buscas algo original de verdad. Pues vete de escape room.","Articulos del blog/planes-semana-santa-pascua-valencia.txt"
"¿Qué evento gastronómico popular tiene lugar en Valencia después de Semana Santa?","Del 11 al 21 de abril se celebra València Cuina Oberta, donde puedes degustar menús de restaurantes de Valencia capital y provincia a un precio módico.","Del 11 al 21 de abril regresa València Cuina Oberta, la mejor manera de paladear los menús de los restaurantes más ilustres de València capital y provincia a un módico precio.","Articulos del blog/planes-semana-santa-pascua-valencia.txt"
"¿Qué opciones de actividades deportivas hay en Valencia durante la Semana Santa?","Puedes montar en bicicleta por la ciudad, realizar visitas guiadas en bici por el Jardín del Turia y la Ciutat de les Arts i les Ciències, o ir en bici hasta las playas del sur. También puedes practicar actividades náuticas como paddle surf, windsurf o alquilar una moto acuática.","Cualquier día constituye una maravillosa oportunidad para montar en bicicleta por la ciudad y disfrutar del clima suave que nos acompaña todo el año. Esta época es ideal para lanzarte a conocer la ciudad a dos ruedas. Apuesta por una de las visitas guiadas en bici, que hay bastantes opciones. Hay una que te lleva el Jardín del Turia y la Ciutat de les Arts i les Ciències. Y si le das fuerte a los pedales, atrévete con las rutas que te llevarán hasta las playas al sur de la ciudad.
Puedes elegir entre varias opciones. ¿Clases de paddle surf, windsurf, banana boat o alquilar una moto acuática?","Articulos del blog/planes-semana-santa-pascua-valencia.txt"
"¿Dónde puedo encontrar dulces de Pascua de calidad en Valencia?","La Tahona del Abuelo (Plaza de España, 1) y el Forn Llatzer (Aparicio Albiñana, 5) son hornos galardonados por el Gremio de Panaderos de Valencia como los mejores productores de dulces de Pascua.","La Tahona del Abuelo (Plaza de España, 1) y el Forn Llatzer (Aparicio Albiñana, 5) son los últimos hornos galardonados por el Gremio de Panaderos de Valencia como los mejores productores de dulces de Pascua, con la mona y la torta de nueces y pasas a la cabeza.","Articulos del blog/planes-semana-santa-pascua-valencia.txt"
"¿Qué tipo de actividades nocturnas puedo realizar en Valencia durante la Semana Santa?","Valencia ofrece una efervescente oferta de ocio nocturno con opciones para bailar o para ir de forma más tranquila. Puedes tomarte una copa o refresco contemplando la luna de Valencia.","Si tanto deporte no te ha quitado las ganas de marcha, enhorabuena, porque estás en una de las ciudades con una oferta de ocio nocturno más efervescente de cuantas hay. Y existe cantidad y variedad de opciones y garitos. Desde aquellos en los que podrás bailar sin parar hasta para cuando prefieras ir de tranqui. Y, aunque estemos en todavía a principios de la primavera, nuestra climatología privilegiada hará que la opción de tomarte una copa o refresco contemplando la mítica luna de València sea una de las posibilidades más atractivas que te encuentres.","Articulos del blog/planes-semana-santa-pascua-valencia.txt"
"¿Qué tipo de playas puedo encontrar en Valencia?","En Valencia puedes encontrar tanto playas urbanas como el Cabanyal, la Malvarrosa o la Patacona, como opciones más salvajes en las afueras, como la Devesa y la Garrofera.","Con casi veinte kilómetros de costa, València cuenta con playas urbanas como el Cabanyal, la Malvarrosa o la Patacona y con opciones más salvajes en las afueras, como la Devesa y la Garrofera.","Articulos del blog/planes-verano-valencia.txt"
"¿Qué actividades acuáticas puedo realizar en Valencia?","Valencia ofrece diversas actividades acuáticas, como clases de paddle surf, conducir una moto de agua o disfrutar de una comida en alta mar. Estas actividades se pueden disfrutar de mayo a octubre.","Una clase de paddle surf, quizás sentir la velocidad conduciendo una moto de agua o degustar una deliciosa comida en alta mar son solo algunas de las experiencias que puedes disfrutar en València de mayo a octubre, que el Mediterráneo tiene una temperatura muy amable.","Articulos del blog/planes-verano-valencia.txt"
"¿Qué puedo beber en las terrazas de Valencia?","En las terrazas de Valencia puedes disfrutar de cervezas fresquitas, cócteles, horchata o el clásico local: el Agua de Valencia.","Cualquier excusa es buena para quedar en alguna de las terrazas que llenan la ciudad y disfrutar de unas cervezas fresquitas, un buen cóctel, una deliciosa horchata o del clásico local: el Agua de València.","Articulos del blog/planes-verano-valencia.txt"
"¿Qué discotecas hay en Valencia para salir de fiesta?","En Valencia puedes encontrar discotecas como Umbracle, Akuarela o Marina Beach para alargar la fiesta hasta el amanecer.","Entonces tienes discotecas perfectas para poner el broche final a la noche como Umbracle, en plena Ciutat de les Arts, Akuarela o Marina Beach, que está a pie de playa.","Articulos del blog/planes-verano-valencia.txt"
"¿Qué eventos culturales hay en Valencia durante el verano?","Durante el verano, Valencia acoge eventos varios que llenan cada rincón de música y arte, de danza y teatro, de fiesta y diversión. En julio se celebra la Gran Fira de València.","Durante todo el año la ciudad acoge eventos varios, pero cuando llega el verano las propuestas salen a la calle y llenan cada rincón de música y arte, de danza y teatro, de fiesta y diversión.
En el mes de julio, la Gran Fira de València se instala en el centro de la capital del Turia para deleitar al público con espectáculos, fuegos artificiales y folclore valenciano.","Articulos del blog/planes-verano-valencia.txt"
"¿Qué puedo hacer en Valencia si hace mucho calor?","Si hace mucho calor en Valencia, puedes ir a la playa, disfrutar de actividades acuáticas, refrescarte en una piscina de un hotel o visitar un museo.","Aquí tienes unas cuantas ideas pasadas por agua para disfrutar de la ciudad durante los días más calurosos :)
Si te gusta tumbarte en la arena fina y dejarte mecer por las olas; si eres de los que se relaja dando un paseo por la orilla del mar y si te encantan el olor a salitre y el calor del sol… estás en tu destino ideal.
Cerrar la jornada con un baño para ir a dormir bien fresquito, no tiene precio. Y para eso tenemos en la ciudad un catálogo de hoteles con piscina que es gloria bendita.
Y oye, que un museo siempre es un buen lugar en el que refugiarte del calor… ¡Y de paso te culturizas un poquito!","Articulos del blog/planes-verano-valencia.txt"
"¿Hasta cuándo dura el verano en Valencia?","El verano en Valencia se alarga hasta bien entrado octubre.","Y todo esto con un fantástico clima que alarga el verano hasta bien entrado octubre; así que no te preocupes, que tienes tiempo de sobra de venir a València y disfrutar de tooodo lo que está pasando.","Articulos del blog/planes-verano-valencia.txt"
"¿Qué tipo de terrazas hay en Valencia?","En Valencia hay terrazas con vistas como Àtic o Sky Bar, y lugares peculiares como el Mercabañal, el Nou Racó o la Coctelería al Nú.","desde locales con vistas como Àtic o Sky Bar, hasta lugares peculiares como el Mercabañal, el Nou Racó o la Coctelería al Nú.","Articulos del blog/planes-verano-valencia.txt"
"¿Qué tipo de productos de temporada son populares en los mercados valencianos durante la primavera?","Durante la primavera, son populares en los mercados valencianos productos como las habas, los ajos tiernos, las zanahorias, los puerros, las alcachofas, las lechugas, los rábanos y la remolacha.","El 20 de marzo la primavera da el pistoletazo de salida y es cuando en los mercados se vuelven a ver los productos valencianos de primavera tan populares como las habas, los ajos tiernos, las zanahorias, los puerros, las alcachofas, las lechugas, los rábanos y la remolacha.","Articulos del blog/primavera-gastronomica-valencia.txt"
"¿Qué frutas de temporada se pueden encontrar en Valencia durante la primavera?","En primavera, se pueden encontrar frutas de temporada como la mandarina, el pomelo, las fresas, el albaricoque y la ciruela.","También les siguen frutas como la mandarina, el pomelo, las fresas, el albaricoque y la ciruela.","Articulos del blog/primavera-gastronomica-valencia.txt"
"¿Qué Denominaciones de Origen Protegidas de frutas hay en la Comunitat Valenciana?","En la Comunitat Valenciana, algunas Denominaciones de Origen Protegidas de frutas son los nísperos de Callosa d’En Sarrià, el kaki de la Ribera del Xúquer, la uva de mesa embolsada del Vinalopó, las cerezas de la Montaña de Alicante y los cítricos valencianos.","Los nísperos de Callosa d’En Sarrià, el kaki de la Ribera del Xúquer, la uva de mesa embolsada del Vinalopó, las cerezas de la Montaña de Alicante y los cítricos valencianos.","Articulos del blog/primavera-gastronomica-valencia.txt"
"¿Qué hortalizas cuentan con distinción de calidad en Valencia?","Algunas hortalizas con distinción de calidad en Valencia son la alcachofa de Benicarló, la chufa y el arròs de València.","Pero ojo, que también tienen distinción algunas hortalizas, como la alcachofa de Benicarló, o la chufa y el arròs de València.","Articulos del blog/primavera-gastronomica-valencia.txt"
"¿Qué mariscos son ideales para degustar en primavera en Valencia?","En primavera, es un buen momento para degustar almejas, mejillones y ostras. También los cangrejos de mar y de río están en su punto óptimo, al igual que las cigalas, el bogavante, las quisquillas y el pulpo.","Nos vamos al mar, donde la primavera trae el mejor momento para degustar almejas, mejillones y ostras. También los cangrejos de mar y de río están en su punto óptimo, al igual que las cigalas, el bogavante, las quisquillas y el pulpo.","Articulos del blog/primavera-gastronomica-valencia.txt"
"¿Qué pescados de temporada se pueden disfrutar en primavera en Valencia?","En primavera, se pueden disfrutar pescados de temporada como el besugo, la lubina, el lenguado, el salmón, las bacaladillas y las anchoas.","En cuanto a los pescados, vas a disfrutar de lo lindo con el besugo, la lubina, el lenguado, el salmón, las bacaladillas y las anchoas, entre otros.","Articulos del blog/primavera-gastronomica-valencia.txt"
"¿Qué tipos de carne son recomendables para consumir en primavera en Valencia?","En primavera, se pueden disfrutar platos elaborados con cerdo, conejo, cordero (el lechal y el pascual), gallina, pollo, pato salvaje, pavo, pichones, pulardas, ternera y vaca.","Pasamos a las carnes para recordarte que en primavera puedes regalar a tu paladar deliciosos platos elaborados con cerdo, conejo, cordero (el lechal y el pascual), gallina, pollo, pato salvaje, pavo, pichones, pulardas, ternera y vaca.","Articulos del blog/primavera-gastronomica-valencia.txt"
"¿Qué tipos de miel artesana se pueden encontrar en Valencia durante la primavera?","En primavera, se pueden encontrar mieles artesanas de azahar, de tomillo, de milflores, de romero, de lavanda (espliego), de cantueso y de limón.","La tienes de azahar, de tomillo, de milflores, de romero, de lavanda (espliego), de cantueso y de limón.","Articulos del blog/primavera-gastronomica-valencia.txt"
"¿Qué platos de arroz valencianos son ideales para la primavera?","Para la primavera, los platos de arroz ideales son la paella valenciana, el arroz a banda, el arroz negro meloso de pescado, el arròs amb fesols i naps y la paella de verduras preparada con productos de temporada.","Arroces: para esta época del año los platos ideales son la paella valenciana, el arroz a banda, el arroz negro meloso de pescado, el arròs amb fesols i naps y la paella de verduras preparada con productos de temporada.","Articulos del blog/primavera-gastronomica-valencia.txt"
"¿Qué es el esgarret?","El esgarret es una ensalada a base de pimiento asado, bacalao en salazón, ajo y aceite.","Esgarret: esa deliciosa y fresquita ensalada a base de pimiento asado, bacalao en salazón, ajo y aceite.","Articulos del blog/primavera-gastronomica-valencia.txt"
"¿Qué postres de temporada se pueden disfrutar en la primavera valenciana?","En la primavera valenciana se pueden disfrutar postres de temporada como el arnadí valenciano, la repostería caramelizada, los buñuelos de calabaza, los buñuelos de higos secos, la mona de pascua, la coca de pasas y nueces, la coca de llanda con un toque de naranja, yogur y/o miel, y las cocas de Sant Joan dulces y saladas.","Arnadí valenciano, un antiquísimo postre a base de calabaza, boniato y almendra, que se le conoce también como carabassa santa o moniato sant.
Repostería caramelizada. 
Buñuelos de calabaza, tipiquísimos en Fallas.
Buñuelos de higos secos.
Mona de Pascua.
Coca de pasas y nueces.
Coca de llanda con un toque de naranja, yogur y/o miel.
Las cocas de Sant Joan dulces y saladas.","Articulos del blog/primavera-gastronomica-valencia.txt"
"¿Qué opciones de transporte tengo para llegar a Valencia?","Puedes llegar a Valencia por carretera, tren o avión gracias a las buenas comunicaciones de la ciudad con el resto de España.","Para llegar a València puedes optar por el transporte que vaya más contigo. Gracias a las buenas comunicaciones de la ciudad con el resto de España es posible llegar cómodamente por carretera, tren o avión.","Articulos del blog/puente-del-pilar-valencia.txt"
"¿Qué puedo visitar en el centro histórico de Valencia?","En el centro histórico de Valencia puedes visitar la Catedral de Santa María, la Plaza de la Virgen, la Fuente del Turia, las Torres de Serranos, el Mercado Central, la Lonja de la Seda, el Palacio del Marqués de Dos Aguas, la Plaza del Ayuntamiento, el Mirador del Ateneo Mercantil y la Estación del Norte.","Comenzamos con un completo itinerario por el centro histórico de València para visitar los enclaves más importantes y no perderte nada. La Catedral de Santa María es un monumento imprescindible en tu visita. [...] En esta ruta, los amantes de la gastronomía no pueden dejar de visitar el Mercado Central; y en la misma zona es imprescindible a la impresionante Lonja de la Seda. Siguiendo con los edificios monumentales, apunta: el Palacio del Marqués de Dos Aguas, la Plaza del Ayuntamiento, el Mirador del Ateneo Mercantil y sus espectaculares vistas 360° de la ciudad y la Estación del Norte.","Articulos del blog/puente-del-pilar-valencia.txt"
"¿Qué es la Ciudad de las Artes y las Ciencias?","La Ciudad de las Artes y las Ciencias es un lugar impresionante en Valencia donde puedes ver una proyección 3D en el Hemisfèric, visitar las exposiciones interactivas del Museo de las Ciencias, hacer un viaje submarino por el Oceanogràfic, admirar los impresionantes edificios del Palau de les Arts y el Àgora o dar un paseo por el Umbracle.","Empieza por la Ciudad de las Artes y las Ciencias, un lugar realmente impresionante. [...] En sus instalaciones tienes una amplia variedad de actividades culturales: ver una proyección 3D en el Hemisfèric; visitar las exposiciones interactivas del Museo de las Ciencias; hacer un viaje submarino por el Oceanogràfic; admirar los impresionantes edificios del Palau de les Arts y el Àgora o dar un paseo por el Umbracle.","Articulos del blog/puente-del-pilar-valencia.txt"
"¿Dónde puedo comer una auténtica paella valenciana?","Puedes degustar una auténtica paella valenciana en alguno de los restaurantes que puedes encontrar por la zona del centro histórico de Valencia.","Para completar el primer día te sugerimos degustar una auténtica paella valenciana en alguno de los restaurantes que puedes encontrar por la zona, seguido de una relajante sesión de tratamientos de bienestar en el hotel.","Articulos del blog/puente-del-pilar-valencia.txt"
"¿Qué actividades acuáticas puedo realizar en la Marina de Valencia?","En la Marina de Valencia puedes practicar deportes náuticos como surf, salidas en catamarán o alquilar una moto de agua.","Este inmenso espacio ofrece un sinfín de deportes náuticos y como el tiempo sigue siendo benevolente a las puertas del otoño, no te lo pienses y dale al surf, haz una salida en catamarán o alquila una moto de agua ¡lo que haga falta!","Articulos del blog/puente-del-pilar-valencia.txt"
"¿Qué puedo hacer en el Parque Natural de l'Albufera?","En el Parque Natural de l'Albufera puedes dar un paseo en barca tradicional, comer una paella, observar aves migratorias y hacer rutas a pie o en bici.","Tu último día en València (de momento!) puedes dedicarlo a conocer el Parque Natural de l’Albufera. Aquí te proponemos un plan de lo más popular: un paseo en barca tradicional seguido de una exquisita paella. Este hermoso humedal es hogar de numerosas especies y zona de paso de un buen número de aves migratorias. Tienes unas cuantas rutas que puedes hacer a pie o en bici para pasar el día en plena naturaleza.","Articulos del blog/puente-del-pilar-valencia.txt"
"¿Dónde puedo encontrar hoteles con spa en Valencia?","El Hotel Westin Valencia, el Hotel Valencia Las Arenas, el Hotel Palau del Mar, el Hotel Olympia, el Hotel SH Valencia Palace y el Hotel Neptuno son algunos hoteles con spa en Valencia.","El Hotel Westin Valencia ofrece una amplísima variedad de programas de bienestar con todo lujo de detalles para, como ellos mismos dicen, «despertar lo mejor de ti mismo en todos los sentidos». El Hotel Valencia Las Arenas ofrece su «Ritual Malvarrosa», con un completo circuito de spa y masaje. Otra opción que te recomendamos es el Hotel Palau del Mar, que ha preparado una magnífica experiencia gourmet con spa. Seguimos con el Hotel Olympia, con un pack de spa con almuerzo o cena con el que degustar una gran variedad de platos. También puedes disfrutar de tu escapada relax en el Hotel SH Valencia Palace, con la opción de añadir una estupenda cena; y el Hotel Neptuno, que cuenta con una coqueta zona de aguas con gimnasio.","Articulos del blog/puente-del-pilar-valencia.txt"
"¿Qué es el Jardín del Turia?","El Jardín del Turia es una enorme zona verde de 9 kilómetros de longitud situada en el antiguo cauce del río Turia. Discurre en paralelo por diferentes puntos de interés de la ciudad y cuenta con zonas para practicar deportes o dar un agradable paseo.","Si te queda tiempo no dudes en pasear por el Jardín del Turia, una enorme zona verde de 9 kilómetros de longitud situada en el antiguo cauce del río Turia. Este enorme pulmón verde discurre en paralelo por diferentes puntos de interés de la ciudad y cuenta con zonas para practicar deportes o dar un agradable paseo.","Articulos del blog/puente-del-pilar-valencia.txt"
"¿Qué es típico beber en Valencia?","Es típico degustar la horchata, acompañada de los típicos fartons, unos bollitos alargados para mojar en esta exquisita bebida.","¡Ah! Y no olvides hacer una parada para degustar la horchata, acompañada de los típicos fartons, unos bollitos alargados para mojar en esta exquisita bebida.","Articulos del blog/puente-del-pilar-valencia.txt"
"¿Qué festividad se celebra en Valencia en 2023, haciendo de este año un momento especial para visitar la ciudad?","En 2023 se celebra el Año Sorolla por el centenario de la muerte del pintor, lo que hace que la visita a Valencia sea especialmente interesante este año.","Aprovecha para venir a València y disfrutar de la agenda que tenemos, especialmente este año en el que celebramos por todo lo alto el Año Sorolla por el centenario de la muerte del pintor y que estamos en vísperas de ser Capital Verde Europea.","Articulos del blog/puente-diciembre-valencia.txt"
"¿Qué actividades relacionadas con la Navidad se pueden disfrutar en Valencia durante el puente de diciembre?","Durante el puente de diciembre, se puede disfrutar de la iluminación navideña, los belenes en plazas y mercados, la Feria de atracciones para los niños, y los mercadillos, especialmente el del Mercado de Colón y la Feria de Artesanía de la plaza de la Reina.","A estas alturas, en el puente de diciembre, la iluminación navideña tiñe de color las calles, los belenes más emblemáticos empezarán a poblar plazas y mercados y la Feria de atracciones alegrará la vida de los más pequeños.
También volverán los mercadillos, especialmente el del Mercado de Colón, que se engalana de manera especial en el periodo navideño y la Feria de Artesanía de la plaza de la Reina.","Articulos del blog/puente-diciembre-valencia.txt"
"¿Qué es el 'esmorzaret' y dónde puedo disfrutarlo en Valencia?","El 'esmorzaret' es una costumbre valenciana que consiste en tomar un elaborado bocata acompañado de encurtidos, ensalada y cacahuetes a media mañana. Se puede disfrutar en muchos sitios, y se recomienda elegir uno que ostente el Cacau d’Or, el galardón al mejor almuerzo.","Empezando por el típico esmorzaret, una costumbre con pedigrí valenciano que puede ser una experiencia gourmet, aunque vaya disfrazada de desayuno.
Hay montones de sitios donde practicar este noble arte de tomar elaborados bocatas acompañados por encurtidos varios, ensalada y cacahuetes con su cáscara a media mañana. Si dudas, escoge uno que ostente el Cacau d’Or, el galardón al mejor almuerzo que se entrega cada año, y aciertas seguro.","Articulos del blog/puente-diciembre-valencia.txt"
"¿Qué museos interesantes puedo visitar en Valencia durante el puente de diciembre?","Durante el puente de diciembre se pueden visitar 34 museos en Valencia, incluyendo la Fundación Bancaja con cuadros de Sorolla, el Museo de las Ciencias con la exposición «La Ciencia de Pixar», el Museo de Bellas Artes, el Museo Fallero y el Centro de Arte Hortensia Herrero.","Tanto si eres de València como si vienes a la ciudad por ocio, este puente de diciembre prográmate ir a uno de sus 34 museos, especialmente este año que es el Año Sorolla y hay exposiciones relacionadas con su obra por toda la ciudad.
Por ejemplo, en la Fundación Bancaja puedes admirar 40 de sus cuadros y en La Marina de València hay una muestra de artes digitales inmersiva e interactiva que da para mucho.
Este año también está disponible en el Museo de las Ciencias de València la exposición «La Ciencia de Pixar»; una manera muy divertida de entender los principios científicos que se encuentran ocultos en las películas de animación más populares.
También tenemos los habituales como el Museo de Bellas Artes, que contiene la segunda pinacoteca más grande de España. O el Museo Fallero, donde aprender sobre la historia de nuestra fiesta más internacional de una forma entretenida.
Y el recién estrenado Centro de Arte Hortensia Herrero...","Articulos del blog/puente-diciembre-valencia.txt"
"¿Por qué Valencia ha sido nombrada Capital Verde Europea y qué espacios verdes puedo visitar?","Valencia ha sido nombrada Capital Verde Europea en 2024 por su compromiso con el medio ambiente y la sostenibilidad. Se pueden visitar el Jardín del Turia, los Jardines del Real, el Parque de Cabecera, el Jardín de Monforte, el Parque Natural de l’Albufera y el Parque Natural del Turia.","València ha sido nombrada Capital Verde Europea en 2024 por su compromiso con el medio ambiente y la sostenibilidad.
Cuando vengas, te darás cuenta de que este título está bien merecido por la gran cantidad de espléndidos jardines y espacios verdes que tiene en el casco urbano y alrededores.
Como máximo representante de nuestra naturaleza urbana, tenemos el Jardín del Turia: nueve kilómetros de jardines non stop que cruzan la ciudad por el antiguo cauce del río Turia donde puedes pasear, hacer una ruta en bici, descansar y hasta escalar.
Además de este enorme jardín, puedes visitar otros parques y jardines de València como los históricos Jardines del Real, el Parque de Cabecera o el neoclásico Jardín de Monforte.
Aparte de estas zonas verdes de la ciudad, tenemos dos Parques Naturales a un tiro de piedra.
Por un lado, el Parque Natural de l’Albufera...Y, por otro, las 8.000 hectáreas de bosque mediterráneo del Parque Natural del Turia...","Articulos del blog/puente-diciembre-valencia.txt"
"¿Qué espectáculos puedo ver en Valencia durante el puente de diciembre de 2023?","Durante el puente de diciembre de 2023, se puede ver el musical «Charlie y la fábrica de chocolate» en el Teatro Olympia, la ópera «María Stuarda» en el Palau de les Arts el día 10, y el Dreamhack València, un festival de videojuegos, del 8 al 10 de diciembre.","En el Teatro Olympia puedes ver el musical «Charlie y la fábrica de chocolate», el clásico de Roal Dahl cuya película habrás visto y ahora llega al teatro en formato musical, llenando de magia y colorido el patio de butacas. 
Si te gusta más la lírica, el día 10 es la primera representación de la ópera «María Stuarda» en el Palau de les Arts...
Y cambiando de registro absolutamente, si eres amante de los videojuegos, del 8 al 10 de diciembre se celebra el Dreamhack València en su edición de invierno: un festival pensado por y para gamers de todos los niveles, incluidos los niños.","Articulos del blog/puente-diciembre-valencia.txt"
"¿Dónde puedo comprar ingredientes de calidad para cocinar en Valencia?","Se pueden comprar ingredientes de calidad en cualquiera de los mercados municipales de Valencia, como el Mercado Central, donde siempre encontrarás productos de proximidad.","¿Sois más de cocinar? Pues estás de enhorabuena porque en cualquiera de los mercados municipales de València puedes comprar la mejor materia prima para tus propias creaciones.
El Mercado Central o el que quieras; todos ellos tienen siempre lo mejor del producto de proximidad. S-I-E-M-P-R-E.","Articulos del blog/puente-diciembre-valencia.txt"
"¿Cuántos días de sol tiene Valencia al año?","Valencia es una ciudad con 300 días de sol al año.","València es una ciudad con 300 días de sol al año, pero de vez en cuando también llueve.","Articulos del blog/que-hacer-en-valencia-cuando-llueve.txt"
"¿Qué puedo hacer en la Ciudad de las Artes y las Ciencias si llueve?","En la Ciudad de las Artes y las Ciencias, puedes visitar el Oceanogràfic para descubrir el mundo marino, el Museo de las Ciencias para aprender experimentando, y L’Hemisfèric para ver proyecciones digitales en gran formato.","La Ciudad de las Artes y las Ciencias es un plan perfecto tanto para adultos, como para toda la familia, ya que todos sus edificios son cubiertos y están muy próximos. En el Oceanogràfic podrás divertirte descubriendo todas las curiosidades del mundo marino; el Museo de las Ciencias dispone de diferentes exposiciones para que aprendas experimentando y L’Hemisfèric ofrece proyecciones digitales en gran formato con una pantalla cóncava de 900 metros.","Articulos del blog/que-hacer-en-valencia-cuando-llueve.txt"
"¿Qué monumentos históricos puedo visitar en Valencia para resguardarme de la lluvia?","Puedes visitar La Lonja de la Seda, la Catedral de València, la Iglesia de San Nicolás y el Palacio del Marqués de Dos Aguas.","Dispones de diferentes monumentos históricos como La Lonja de la Seda o la Catedral de València que puedes visitar sin tener que mojarte.
También puedes descubrir La Iglesia de San Nicolás y ponerte a buen recaudo bajo uno de los techos más bonitos de València o acercarte al Palacio del Marqués de Dos Aguas y enamorarte de la cerámica valenciana.","Articulos del blog/que-hacer-en-valencia-cuando-llueve.txt"
"¿Dónde puedo ver una película en Valencia si está lloviendo?","Puedes ir a los ABC Park o los Cines Yelmo en el centro de Valencia, o acercarte en coche a Kinépolis en Heron City o CINESA en Bonaire. Si prefieres cine clásico, puedes ir a La Filmoteca.","Los ABC Park o los Cines Yelmo son algunas de las opciones más céntricas que continúan abiertos, aunque también puedes acercarte en coche a los cines de Kinépolis en Heron City, con proyecciones en 4DX o CINESA en Bonaire.
Si prefieres una opción más alternativa, puedes elegir alguna película de cine clásico en La Filmoteca.","Articulos del blog/que-hacer-en-valencia-cuando-llueve.txt"
"¿Qué centros comerciales cubiertos hay en Valencia para ir de compras en un día de lluvia?","Algunas opciones accesibles son El Saler, Aqua Multiespacio, Nuevo Centro o Arena Multiespacio. Todos disponen de aparcamiento y oferta de ocio y restauración.","Los centros comerciales El Saler, Aqua Multiespacio, Nuevo Centro o Arena Multiespacio, son algunas de las opciones más accesibles, tanto en transporte público como en coche, ya que todos disponen de aparcamiento y, además, disponen de oferta de ocio y restauración.","Articulos del blog/que-hacer-en-valencia-cuando-llueve.txt"
"¿Dónde puedo tomar un chocolate caliente con churros en Valencia?","Puedes acercarte al Mercado de Colón para tomar un chocolate caliente con churros o buñuelos. También puedes probar la horchata con fartons en Daniel.","Si lo que quieres es combatir el frío, acércate al Mercado de Colón. ¿El menú? Chocolate bien caliente acompañado de churros o, más valenciano aún, de buñuelos. Y si prefieres una horchata con fartons el sitio es Daniel, un lugar icónico para la bebida más valenciana.","Articulos del blog/que-hacer-en-valencia-cuando-llueve.txt"
"¿Qué teatros hay en Valencia que ofrezcan espectáculos variados?","Puedes ir al Teatro Olympia o al Teatre Talia, en el centro de Valencia, o acercarte a La Rambleta o a la Sala Russafa.","El Teatro Olympia o el Teatre Talia, en el centro de València, ofrecen una amplia programación que pasa por monólogos, espectáculos de flamenco y actuaciones musicales. También puedes acercarte a La Rambleta donde podrás disfrutar de teatro en estado puro, hipnosis o funciones infantiles o disfrutar de obras más originales en la Sala Russafa.","Articulos del blog/que-hacer-en-valencia-cuando-llueve.txt"
"¿Qué platos típicos valencianos puedo probar en un día lluvioso?","Puedes probar paella valenciana, anguilas en all i pebre, fideuà, clotxinas o esgarraet.","Paella valenciana, anguilas en all i pebre, fideuà, clotxinas, esgarraet…  Numerosos platos tradicionales valencianos inundan las cartas de restaurantes y bares de la ciudad, ¡anímate a probarlos bajo techo!","Articulos del blog/que-hacer-en-valencia-cuando-llueve.txt"
"¿Dónde puedo comprar productos gastronómicos frescos y de calidad en Valencia?","Debes acudir al Mercat Central, donde podrás encontrar los ingredientes perfectos para hacer tu propia paella.","Si prefieres comprar productos gastronómicos de la terreta, frescos y de gran calidad, tienes que acudir al Mercat Central, donde podrás encontrar los ingredientes perfectos para hacer tu propia paella.","Articulos del blog/que-hacer-en-valencia-cuando-llueve.txt"
"¿Dónde puedo disfrutar de ópera o música de cámara en Valencia?","Puedes acudir al Palau de Les Arts o del Palau de la Música.","Pero si lo que te gusta es la ópera o la música de cámara tienes que acudir al Palau de Les Arts o del Palau de la Música y disfrutar de sus fantásticos conciertos.","Articulos del blog/que-hacer-en-valencia-cuando-llueve.txt"
"¿Qué barrios de Valencia son conocidos por celebrar la Semana Santa Marinera?","Los barrios del Cabanyal, Canyamelar y El Grao son los que más pasión ponen a las tradiciones de la Semana Santa Marinera.","Si quieres comprobar esa atmósfera en primera persona, acércate al Cabanyal, Canyamelar o El Grao, los tres barrios a un paso del mar que más pasión ponen a las tradiciones de la Semana Santa.","Articulos del blog/recetas-semana-santa-valencia.txt"
"¿Cuál es la tapa estrella de la Semana Santa valenciana?","La tapa estrella de la Semana Santa valenciana son las croquetas de bacalao, también encontradas como buñuelos, albóndigas de bacalao o mandonguilles d’abaetxo.","Nos atrevemos a afirmar que estamos ante la tapa estrella de la Semana Santa valenciana. Tanto que, afortunadamente, se han hecho un merecido lugar en las cartas de los restaurantes todo el año.
También las encontrarás como buñuelos, albóndigas de bacalao o mandonguilles d’abaetxo, su versión en valenciano.","Articulos del blog/recetas-semana-santa-valencia.txt"
"¿Dónde puedo probar el escabeche de sardina en Valencia?","Puedes probar el escabeche de sardina en la Bodega Casa Montaña del Cabanyal.","En la Bodega Casa Montaña del Cabanyal las preparan deliciosas.","Articulos del blog/recetas-semana-santa-valencia.txt"
"¿Qué es la titaina de tollina o atún?","La titaina de tollina o atún, también conocido como el pisto valenciano, consiste en una fritada de tomate, pimiento rojo y verde con piñones y sazonado con ajo, e incluye tonyina o tollina de sorra, que es ventresca de atún en salazón.","También conocido como el pisto valenciano, consiste en una fritada de tomate, pimiento rojo y verde con piñones y sazonado con ajo, aunque hay quien prefiere omitirlo y, aquí viene lo realmente especial: incluye tonyina o tollina de sorra, que es ventresca de atún en salazón.","Articulos del blog/recetas-semana-santa-valencia.txt"
"¿Qué son los pepitos valencianos de Pascua?","Los pepitos son panecillos rellenos de titaina que se bañan en leche, se pasan por huevo y se fríen. Se pueden encontrar en Casa Montaña y La Sastrería en el Cabanyal.","Es un panecillo al que se le quita una de las puntas, la miga y se rellena de titaina.
Esto no acaba aquí: luego se tapan con un palillo tradicional y la punta que habíamos quitado para que no se salga el relleno, se bañan en leche, se pasan por huevo y se fríen. Casi nada.
Lo sabemos: mueres por probarlos.
Dirígete a dos pesos pesados del Cabanyal: Casa Montaña y La Sastrería.","Articulos del blog/recetas-semana-santa-valencia.txt"
"¿Qué ingredientes lleva el potaje de vigilia?","El potaje de vigilia lleva garbanzos, bacalao, espinacas y huevo duro picado.","Este guiso a base de garbanzos, bacalao, espinacas y coronado por huevo duro picado es perfecto para la habitual fría humedad de la época: calienta el cuerpo, es nutritivo, sabroso y no incluye carne.","Articulos del blog/recetas-semana-santa-valencia.txt"
"¿Dónde puedo probar el suquet de congrio en Valencia?","Puedes probar el suquet de congrio en la taberna marinera Destino Puerto, en la Marina Real a orillas del canal y frente al Veles e Vents.","Un buen lugar para probarlo es la taberna marinera Destino Puerto, en la Marina Real a orillas del canal y frente al Veles e Vents.","Articulos del blog/recetas-semana-santa-valencia.txt"
"¿Qué es la sardina de bota y cómo se prepara?","La sardina de bota o sardina xafada a la porta es una sardina en salazón que tradicionalmente se pisaba con la bisagra de la puerta para soltar las escamas y espina. Se acompaña de pimientos verdes y huevos fritos.","En una lista de platos típicos valencianos de Semana Santa no puede faltar la sardina de bota o sardina xafada a la porta, que significa que se pisa con la bisagra de la puerta.
En serio; esta tradición viene de muy lejos y se hacía para que se soltaran las escamas y espina de esta sardina en salazón que se envolvía en papel de estraza.
Sí, los salazones son un elemento básico en la gastronomía tradicional valenciana.
Pero no se toma sola sino acompañada de pimientos verdes y huevos fritos. Una locura.","Articulos del blog/recetas-semana-santa-valencia.txt"
"¿Cómo se preparan las torrijas en Valencia?","La versión valenciana de las torrijas se sumerge en horchata en lugar de leche antes de freírla.","¿qué dirías si te contásemos que la versión de la terreta no se sumerge en leche sino en horchata antes de freírla?","Articulos del blog/recetas-semana-santa-valencia.txt"
"¿Qué es la coca de llanda y cómo se suele comer en Pascua?","La coca de llanda es un bizcocho que se hace sobre un molde de latón. En Pascua se suele tomar mojándola en una taza de chocolate espeso o acompañándola de una onza de chocolate.","Otro emblema de la gastronomía valenciana en Semana Santa y ya todo el año es la coca de llanda, llamada así porque se hace sobre un molde de latón de toda la vida.
No hay receta de postre más deliciosa y fácil de hacer que este bizcocho tan sencillo como versátil. En Pascua la tradición manda tomarla mojando en una taza de chocolate bien espeso o, al menos, acompañarlo de una onza para desayunar o merendar.","Articulos del blog/recetas-semana-santa-valencia.txt"
"¿Qué es la longaniza de Pascua?","La longaniza de Pascua es una longaniza alargada y especiada que se deja secar para comerla en crudo, y es un elemento esencial en las meriendas pascueras.","La longaniza o llonganissa de Pascua no es un embutido cualquiera: es eso, una longaniza, pero alargada y bastante especiada que se deja secar para comerla en crudo.
No hay merienda pascuera que no incluya al menos un cachito de este manjar: bocadillo en una mano y longaniza en la otra, esa es la estampa de la felicidad en las reuniones con amigos en Pascua.","Articulos del blog/recetas-semana-santa-valencia.txt"
"¿Qué diferencia hay entre la mona de Pascua y el panquemao?","La mona de Pascua es un bizcocho redondo con un huevo duro incrustado en el centro y anisetes por encima. El panquemao o panou es similar, pero solo lleva un poco de azúcar por encima y puede ser individual o para compartir.","Su forma es redonda y en el centro lleva un huevo duro incrustado, aunque en los últimos años a veces se sustituye por uno de chocolate.
Si lleva huevo en el centro, anisetes por encima y su tamaño es para una persona, hablamos de la mona de Pascua.
Y si viene solo con un poco de azúcar por encima, panquemao o panou; en este caso puede ser individual o para compartir porque los hay de muchos tamaños.","Articulos del blog/recetas-semana-santa-valencia.txt"
"¿Qué tipo de cosméticos valencianos puedo regalar para el Día de la Madre?","Puedes regalar cosmética natural con ingredientes como el aceite de oliva o miel de la Cooperativa de Viver. También puedes sorprenderla con productos de Origen cosmetics, realizados con uva bobal, la autóctona de València. Otra opción es regalar velas o mikados con olor a azahar o naranjas.","Pónselo fácil a tu madre para que se cuide y régalale cosmética natural, con ingredientes como el aceite de oliva o miel de la Cooperativa de Viver. Y si quieres sorprenderla, mándale a casa los productos de Origen cosmetics, realizados con uva bobal, la autóctona de València. O haz que su casa se inunde a olor de azahar o naranjas con velas o mikados.","Articulos del blog/regalos-dia-de-la-madre-valencia.txt"
"¿Dónde puedo comprar un fular o chal de seda pintado a mano en Valencia?","Puedes encontrar fulares, mantones o chales de seda pintados a mano por Eva Escamilla en su tienda online, Ensedarte.","La singularidad de Eva Escamilla es la de pintar a mano fulares, mantones o chales de seda hasta convertirlos en piezas únicas para madres únicas. Puedes encontrar toda su obra en su tienda online, Ensedarte.","Articulos del blog/regalos-dia-de-la-madre-valencia.txt"
"¿Qué tipo de aperitivo valenciano puedo preparar o regalar?","Puedes preparar o regalar un aperitivo con Moscatel Orange de las bodegas Valsangiacomo, anguila en conserva, patés de aceitunas de la Sierra de Espadán, embutidos y quesos valencianos. Para el toque dulce, puedes incluir trufas de Martínez o tabletas de chocolate de Utopick.","Prueba el Moscatel Orange de las bodegas Valsangiacomo, la anguila en conserva, patés de aceitunas de la Sierra de Espadán o los mejores embutidos y quesos valencianos. Para acabar, un puntito dulce con los creadores de las trufas más conocidas de toda València, las de Martínez. Acierta con sus cajas de trufas o bombones, las rosas o el original zapato de tacón con perfume hechos de chocolate. También puedes optar por las tabletas de la firma Utopick, chocolate made in Valencia, con recetas muy de la tierra como la de naranja y almendras, leche merengada o sal mediterránea.","Articulos del blog/regalos-dia-de-la-madre-valencia.txt"
"¿Qué restaurante en Valencia ofrece cajas familiares para celebrar el Día de la Madre?","El restaurante Habitual de Ricard Camarena ha preparado cajas familiares para celebrar el Día de la Madre, con opciones como lubina al vapor, costilla de Angus o cordero asado a la brasa.","El restaurante Habitual de Ricard Camarena ha preparado cajas familiares para celebrar el Día de la Madre por todo lo alto (y sin cocinar!). Puedes elegir entre la lubina al vapor, la costilla de Angus o el cordero asado a la brasa como plato principal.","Articulos del blog/regalos-dia-de-la-madre-valencia.txt"
"¿Dónde puedo encontrar joyas artesanas inspiradas en la cultura islámica y la historia de Valencia?","Puedes encontrar joyas de Vicente Gracia, inspiradas en la cultura islámica hispana y la historia de Valencia, en su taller de la calle de la Paz, cerca de la Catedral de Valencia.","Inspiradas en la cultura islámica hispana y en la poesía sufí, pero también en la ciudad de València y su historia, las joyas de Vicente Gracia están llenas de color y rezuman feminidad. Son piezas artesanas, elaboradas en su pequeño taller de la calle de la Paz, muy cerca de la Catedral de València.","Articulos del blog/regalos-dia-de-la-madre-valencia.txt"
"¿Dónde puedo comprar ropa vintage de marca en Valencia?","Puedes encontrar piezas de segunda mano de grandes marcas como Prada, Michael Kors, Ralph Lauren o Hermès en El Vestidor Vintage, ubicado en Gran Via de les Germanies, 14.","Si buscas una prenda o un bolso único, pásate por El Vestidor Vintage (Gran Via de les Germanies, 14), con piezas de segunda mano de grandes marcas como Prada, Michael Kors, Ralph Lauren o Hermès.","Articulos del blog/regalos-dia-de-la-madre-valencia.txt"
"¿Qué tipo de sombreros puedo comprar en Valencia para protegerme del sol?","Puedes comprar un sombrero de Albero para protegerte del sol. Actualmente tienen un 30% de descuento especial para el Día de la Madre.","Para que esté preparada cuando empiece el calor, regálale un palmito de Abanicos Carbonell o un sombrero de Albero para protegerse del sol (ahora con un 30% de descuento especial para el Día de la madre).","Articulos del blog/regalos-dia-de-la-madre-valencia.txt"
"¿Qué tipo de regalo puedo encontrar en Origen Cosmetics?","Origen Cosmetics ofrece packs superoriginales que incluyen una botella de vino de la bodega valenciana Chozas Carrascal acompañada de varios productos de cosmética orgánica.","Con esa intención, Origen Cosmetics llega esta Navidad con cuatro packs superoriginales que incluyen una botella de vino de la bodega valenciana Chozas Carrascal acompañada de varios productos de cosmética orgánica.","Articulos del blog/regalos-valencianos-navidad.txt"
"¿Qué puedo comprar si busco productos hechos en Valencia?","Puedes encontrar regalos muy valencianos hechos en la terreta. Esto incluye gastronomía, artesanía y moda de València, como sombreros de Albero, moda masculina de Blackape, ropa sostenible para niños de Miralindo, fulares pintados a mano de Ensedarte y joyas de Orfebres Peris Roca.","Pues no te preocupes, porque nos hemos empleado a fondo para traerte esta propuesta con regalos muy pero que muy valencianos. Hechos en la terreta, con esa manera de ser (y vivir) tan nuestra, que se impregna en todo lo que hacemos aquí.
[...] Una buena opción para acercarse a lo mejor de la gastronomía, la artesanía y la moda de València.
[...] Albero, una sombrerería que desde hace 200 años viste con estilo las cabezas valencianas.
Blackape, moda masculina de sello italiano.
Miralindo, para vestir a los más peques de manera sostenible.
Ensedarte, con fulares, mantones y chales pintados a mano, convertidos en obras de arte de la mano de Eva Escamilla.
Orfebres Peris Roca te ofrece un siglo de historia trabajando los materiales con el respeto a lo tradicional para crear verdaderas joyas.","Articulos del blog/regalos-valencianos-navidad.txt"
"¿Qué actividades culturales puedo regalar en Valencia?","Puedes regalar visitas guiadas para descubrir rincones de Valencia, entradas para espectáculos en el Teatro Olympia, el Teatro Talia y el Palau de les Arts.","Visitas guiadas para descubrir el ADN valenciano
[...] Otra idea original es regalar alguno de los espectáculos que tienen preparados el Teatro Olympia, el Teatro Talia y el Palau de les Arts, por ejemplo.","Articulos del blog/regalos-valencianos-navidad.txt"
"¿Dónde puedo comprar turrón y otros dulces navideños en Valencia?","Puedes encontrar turrones de chocolate, almendras o yemas con naranja en establecimientos como Trufas Martínez, Mantequerías Ferrero y Original CV.","En establecimientos como Trufas Martínez, Mantequerías Ferrero y Original CV saben bien lo que se hacen y cada año, por Navidad, llenan las despensas valencianas con ricos turrones de chocolate, de almendras o de yemas con naranja.","Articulos del blog/regalos-valencianos-navidad.txt"
"¿Qué denominaciones de origen de vino valenciano puedo probar en un tour?","Puedes degustar vinos de las D.O. Requena, D.O. Utiel-Requena y la D.O. València.","Con los caldos valencianos, concretamente los de la D.O. Requena, D.O. Utiel-Requena y la D.O. València que puedes degustar en el tour de vinos valencianos y tapas por la ciudad.","Articulos del blog/regalos-valencianos-navidad.txt"
"¿Qué tipo de experiencia gastronómica ofrecen los chefs valencianos como regalo?","Algunos restaurantes como el Restaurante Riff ofrecen cheques regalo con diferentes opciones de menú e incluso la posibilidad de pasar un día entre sus fogones. Ricard Camarena y Quique Dacosta también ofrecen opciones similares, además de tener libros de recetas publicados.","Algunos establecimientos, como el Restaurante Riff, ofrece la opción de cheques regalo con diferentes opciones de menú e, incluso, ¡pasar un día entre sus fogones!
Una buenísima idea que también han puesto en práctica los restaurantes de Ricard Camarena y los de Quique Dacosta.","Articulos del blog/regalos-valencianos-navidad.txt"
"¿Qué tipo de joyas puedo encontrar en Valencia para regalar?","Puedes encontrar piezas únicas elaboradas a mano con inspiración en la cultura mediterránea y poesía sufí de Vicente Gracia, diseños de Rafael Torres, y joyas de Barack by Zelma, una firma que ha sido lucida por celebridades como la reina Letizia.","No encontrarás nada igual en las obras de Vicente Gracia, piezas únicas elaboradas a mano con una historia detrás inspirada en las raíces de la cultura mediterránea de tradición oriental y en la poesía sufí.
Pásate también a ver los diseños en la línea especial del joyero Rafael Torres, o las joyas de otras firmas que también puedes ver en su web.
Echa un vistazo a las joyas de Barack by Zelma para regalar joyas de una auténtica celebrity. La reina Letizia, Sofía Vergara o Salma Hayeck han lucido piezas de esta firma.","Articulos del blog/regalos-valencianos-navidad.txt"
"¿Dónde puedo comprar un regalo original relacionado con la paella valenciana?","Puedes comprar el kit gastronómico Take Valencia, que contiene todo lo necesario para hacer una buena paella y viene en una caja decorada.","La segunda propuesta es Take Valencia, un kit gastronómico con todo lo que necesitas para hacer una buena paella que viene en una caja con una decoración que te encantará.","Articulos del blog/regalos-valencianos-navidad.txt"
"¿Qué regalo original puedo comprar que esté relacionado con las Fallas?","Puedes comprar el juego de cartas La Fallera Calavera, en el que los jugadores deben aplacar la ira de una fallera convertida en zombie con una buena paella.","Uno de ellos es La Fallera Calavera, un juego de cartas muy muy valenciano en el que los jugadores tienen una misión: aplacar la ira de una fallera reconvertida en zombie con una buena paella.","Articulos del blog/regalos-valencianos-navidad.txt"
"¿Dónde puedo comprar joyas de marcas valencianas para regalar en San Valentín?","Puedes encontrar Pendientes de hojas de palma en Peris Roca Orfebres, el anillo Pompeya y los pendientes Balls crisoprasa en Barack by Zelma, y anillos de peces esmaltados en Vicente Gracia Joyas.","Para esta ocasión hemos seleccionado unas joyas de marcas valencianas que le van a encantar. La primera son unos sencillos y elegantes Pendientes de hojas de palma (25€) de Peris Roca Orfebres. Seguimos con las joyas de Barack by Zelma que nos traen dos de sus piezas más especiales para regalar en este San Valentín. El anillo Pompeya es una sortija espectacular, hecha de plata de ley acabado en oro de 18 quilates y piedra natural de Prehnita (98 €). La segunda propuesta de esta joyería son los pendientes Balls crisoprasa (99 €) de plata de ley y oro rosa de 18 quilates y piedra natural de Crisoprasa. Otro regalazo es este original anillo único de peces esmaltados de Vicente Gracia Joyas, con un aguamarina central que representa la Danza de los Peces en medio de los Tesoros del Mar.","Articulos del blog/regalos-valencianos-san-valentin.txt"
"¿Qué actividades acuáticas puedo regalar en Valencia para San Valentín?","Puedes regalar clases de windsurf o paddle surf en la Playa de la Malvarrosa con Ocean Republik, una salida en velero para dos con Rent Yacht World (180€), una excursión en velero con consumición desde 35€ con Quicksail, o alquilar motos de agua desde 80€ con Fun and Quads para una excursión en la Malvarrosa. También puedes optar por una salida en kayak desde 35€ para visitar los arrecifes en la Malvarrosa.","Ocean Republik os da la oportunidad de iniciaros en el windsurf o el paddle surf en la Playa de la Malvarrosa. Sin salirnos del agua nos vamos con Rent Yacht World a una salida en velero para dos (180€). Quicksail también te ofrece una excursión en velero con una pequeña consumición (desde 35€) para visitar la Marina de València y salir a mar abierto para ver la costa valenciana desde otra perspectiva. Si lo vuestro es surcar los mares, Fun and Quads os trae un plan de lo más trepidante: alquilar unas motos de agua (desde 80€) para hacer una emocionante excursión por la Malvarrosa. Aunque si prefieres un plan más relajado igual puedes regalarle por San Valentín una salida en kayak (desde 35€) para visitar los arrecifes, también en la Malvarrosa.","Articulos del blog/regalos-valencianos-san-valentin.txt"
"¿Dónde puedo encontrar packs de spa para parejas en Valencia?","Puedes encontrar una sesión de 90 minutos en el spa del Hotel Olympia desde 22,00€, o un pack de lujo en Nava Thai que incluye ritual de lavado de pies, masaje corporal, baño privado aromatizado, cava y bombones.","En el Hotel Olympia tienen una sesión de 90 minutos de relax en su spa (desde 22,00€). Sí, has leído bien: 90 minutos para relajarte en un circuito termal con piscina de chorros, tonificación, camas de hidromasaje, pediluvio y todos esos aparatitos que tanto os gustan. En Nava Thai podrás disfrutar en pareja de un pack de lujo diseñado para el disfrute. Incluye un ritual de lavado de pies, 90 minutos de masaje corporal con aceite esencial y 30 minutos de baño privado aromatizado, junto a dos copas de cava y bombones.","Articulos del blog/regalos-valencianos-san-valentin.txt"
"¿Qué hoteles en Valencia ofrecen planes románticos para San Valentín?","El Hotel Las Arenas 5* ofrece habitación para 2 con desayuno y recorrido bienestar en el SPA con masaje. El Hotel Palau del Mar 5* ofrece escapada romántica con masaje oriental, cena, acceso al spa y cava. El Hotel Olympia Alboraya ofrece alojamiento, desayuno y cena especial para parejas.","El Hotel Las Arenas 5* tiene un plan de habitación para 2 con desayuno y un recorrido bienestar de 60 minutos en el SPA, seguido de un masaje de 50 minutos a elegir entre relajante o revitalizante. ¿Y qué tal una escapada romántica con masaje oriental para los dos con cena en el restaurante Ampar, acceso al spa y cava en vuestra habitación? Es lo que ha preparado el Hotel Palau del Mar 5*, con algún detallito más que descubriréis a vuestra llegada. Terminamos este trío de planes romanticones con el pack de San Valentín del Hotel Olympia Alboraya con alojamiento, desayuno y una cena especial para parejas.","Articulos del blog/regalos-valencianos-san-valentin.txt"
"¿Dónde puedo comprar regalos gastronómicos valencianos para San Valentín?","Puedes comprar colecciones de 'libros' de chocolate con sabores valencianos en Trufas Martínez, o cajas de regalo con productos valencianos en Original CV (desde 34 €).","Si te quieres decantar por otro clásico de esos que no fallan pásate en persona o por la web de Trufas Martínez para hacerte con una colección de ""libros"" un tanto especiales, pues combinan el origen de los mosaicos Nolla y su conexión con el cacao, unidos a sabores puramente valencianos como la chufa, la naranja, la cazalla o el ""cremaet"". En Original CV te proponen diferentes cajas de regalo (desde 34 €) perfectas para disfrutar de una cenita en pareja.","Articulos del blog/regalos-valencianos-san-valentin.txt"
"¿Dónde puedo encontrar un 'scape room' para una cita original en Valencia?","Moment Scape ofrece 'scape rooms' con salas de película, efectos digitales y diferentes grados de dificultad, con temáticas de magia, fantasía, misterio y terror.","A nosotros nos enamora Moment Scape. Tienen salas de película, muy reales y con efectos digitales muy pro. Puedes elegir el grado de dificultad o escoger entre magia, fantasía, misterio y terror.","Articulos del blog/regalos-valencianos-san-valentin.txt"
"¿Dónde puedo comprar un regalo de diseño valenciano?","En La Postalera puedes encontrar joyería artesanal, ilustraciones de parejas o cerámica. Puedes encontrar láminas desde 9€, joyitas desde 29,90€ u objetos de cerámica desde 6€.","Encontrarás desde joyería artesanal, ilustraciones de parejas o hasta cerámica en La Postalera, una tienda que no puede faltar en tu visita a València. Mira si no estas láminas (desde 9€), estas joyitas (desde 29,90€) u objetos de cerámica (desde 6€).","Articulos del blog/regalos-valencianos-san-valentin.txt"
"¿Qué tipo de prenda de moda valenciana puedo regalar?","Puedes regalar un fular Corets de seda natural pintado a mano (50€) de Ensedarte, o una boina o sombrero de Sombreros Albero, que tiene tiendas frente a Plaza de Toros (Xàtiva, 21) y junto al Mercado Central (Plaza del mercado, 9).","Por ejemplo, en Ensedarte han seleccionado una pieza muy especial: el fular Corets de seda natural y pintado a mano (50€). Finalizamos este paseo por la moda valenciana en Sombreros Albero, casa fundada en 1820, con una tienda frente a Plaza de Toros (Xàtiva, 21) y otra junto al Mercado Central (Plaza del mercado, 9), donde encontrarás una gran variedad de descuentos en una selección de artículos de mujer, desde boinas en toda gama de colores y sombreros tipo fedora de ala ancha.","Articulos del blog/regalos-valencianos-san-valentin.txt"
"¿Qué dos denominaciones de origen (DO) prestigiosas se encuentran en la provincia de Valencia?","Las dos denominaciones de origen (DO) prestigiosas que se encuentran en la provincia de Valencia son la de Utiel-Requena y la de València.","¿Sabías que aquí existe tradición vitivinícola desde la época de los íberos? ¿Que dos prestigiosas denominaciones de origen (DO), la de Utiel-Requena y la de València, se encuentran en nuestra provincia?","Articulos del blog/ruta-vino-de-valencia.txt"
"¿Cuántas DO de pago hay en España y cuántas de ellas están en Valencia?","En España hay dieciocho DO de pago, y cuatro de ellas se encuentran en Valencia.","¿Que de las dieciocho DO de pago que hay en España, las equivalentes a los terroirs franceses, cuatro se encuentran en València?","Articulos del blog/ruta-vino-de-valencia.txt"
"¿Dónde puedo degustar vinos valencianos en la ciudad de Valencia?","Puedes degustar vinos valencianos en bodegas, en las oficinas de turismo preguntando por la Ruta del Vino, o en vinotecas como Original CV, El Corte Inglés o Mantequería Vicente Ferrero, todas ubicadas en la ciudad de Valencia.","Tranquilo, pregunta en las oficinas de turismo por la Ruta del Vino y degústalos in situ. También puedes acudir a estas vinotecas, todas en València ciudad, y comprarlos o disfrutarlos en una divertida cata: Original CV, El Corte Inglés o Mantequería Vicente Ferrero.","Articulos del blog/ruta-vino-de-valencia.txt"
"¿Cuál es la uva autóctona de la región de Valencia?","La uva autóctona de la región de Valencia es la Bobal.","Aunque se abra ante ti un sinfín de ofertas enológicas, no dejes pasar la oportunidad de conocer los vinos hechos con la uva autóctona, la Bobal. ¡No la encontrarás en ninguna otra parte del mundo!","Articulos del blog/ruta-vino-de-valencia.txt"
"¿Qué beneficios para la salud tiene la uva Bobal?","La uva Bobal tiene un alto contenido en resveratrol, una sustancia química cardiosaludable y anticancerígena presente en el vino tinto.","La ciencia nos dice que la Bobal es una de las variedades de uva con mayor contenido en resveratrol, sustancia química cardiosaludable y anticancerígena presente en el vino tinto.","Articulos del blog/ruta-vino-de-valencia.txt"
"¿Qué zona se conoce como la Toscana Valenciana?","Las Terres dels Alforins, en plena área, se conocen como la Toscana Valenciana.","Tras el rafting, la siguiente etapa nos lleva a explorar las autodenominadas Terres dels Alforins, en plena área conocida como la Toscana Valènciana.","Articulos del blog/ruta-vino-de-valencia.txt"
"¿Qué puedo hacer en Valencia si no quiero salir de la ciudad?","Si no quieres salir de Valencia, puedes disfrutar de una experiencia gastronómica de primer orden como el maridaje entre vinos y tapas, o visitar bodegas medievales como el Celler Proava o el espacio museístico Bombas Gens.","Sin abandonar su entramado urbanístico, podrás entregarte a una experiencia gastronómica de primer orden: el maridaje entre vinos y tapas. No hay mejor complemento para una de las propuestas más singulares de la tradición culinaria española que regarlas con un tinto, un rosado, un blanco... o lo que se tercie.","Articulos del blog/ruta-vino-de-valencia.txt"
"¿Cuáles son las cuatro DO de Pago en Valencia?","Las cuatro DO de Pago en Valencia son Finca El Terrerazo, Chozas Carrascal, Vera de Estenas y Pago de Los Balagueses.","Finca El Terrerazo, Chozas Carrascal, Vera de Estenas y Pago de Los Balagueses completan tan destacado ramillete.","Articulos del blog/ruta-vino-de-valencia.txt"
"¿Qué bodega organiza una vendimia nocturna?","La Bodega Pago de Tharsys organiza una vendimia nocturna de la variedad blanca Albariño.","¡Qué mejor manera que hacerlo con los amigos de la Bodega Pago de Tharsys y la tradicional vendimia nocturna de la variedad blanca Albariño!","Articulos del blog/ruta-vino-de-valencia.txt"
"¿Qué vinos valencianos han sido premiados por Robert Parker?","Vinos como ""Maduresa"" (Celler del Roure), ""Simeta"" y ""Micalet"" (Javier Revert Viticultores), ""Los Frailes 1771"" (Bodega Los Frailes) o ""Mestizaje 2017"" (Bodegas Mustiguillo) han sido premiados con más de 90 puntos por Robert Parker en su guía The Wine Advocate.","Su archifamosa guía, The Wine Advocate, premia con más de 90 puntos ""Maduresa"" (Celler del Roure), ""Simeta"" y ""Micalet"" (Javier Revert Viticultores), ""Los Frailes 1771"" (Bodega Los Frailes)  o ""Mestizaje 2017"" (Bodegas Mustiguillo) entre otros muchos magníficos ejemplos.","Articulos del blog/ruta-vino-de-valencia.txt"
"¿Qué son los árboles monumentales o singulares?","Son aquellos árboles que destacan por su tamaño, forma, edad, rareza, origen biológico, belleza o por formar parte de mitos o tradiciones. Están protegidos por legislaciones especiales y se consideran un patrimonio forestal.","Hay árboles y árboles. Por eso, todos aquellos que destacan de entre los demás por su tamaño, forma, edad, rareza, origen biológico, belleza o por formar parte de mitos o tradiciones, son catalogados como árboles monumentales o singulares. Protegidos por legislaciones especiales, son un auténtico patrimonio forestal que merece una visita.","Articulos del blog/rutas-arboles-valencia.txt"
"¿Cuántos árboles monumentales hay en Valencia?","Valencia cuenta con más de 500 árboles monumentales.","València cuenta con más de 500 árboles monumentales, ¡pero no te agobies!","Articulos del blog/rutas-arboles-valencia.txt"
"¿Cómo puedo encontrar los árboles monumentales en Valencia?","Puedes encontrar los árboles monumentales geolocalizados y agrupados en 5 rutas en la APP València Green Routes. Puedes descargarla y usarla para explorar los recorridos.","València cuenta con más de 500 árboles monumentales, ¡pero no te agobies! Porque los tienes todos geolocalizados y agrupados en 5 rutas en la APP València Green Routes. Descárgatela y diviértete con las gymkhanas llenas de minijuegos en un mapa en tres dimensiones que te llevarán por todos los recorridos.","Articulos del blog/rutas-arboles-valencia.txt"
"¿Qué puedo hacer con la APP València Green Routes?","Con la APP puedes descubrir árboles singulares, recorrer València de forma diferente, hacerte selfies, subir en el ranking con minijuegos, recoger monedas de agua, buscar árboles cercanos en el mapa, hacer check-in en los árboles y puntuar los árboles que visitas.","Descubre árboles alucinantes. Probablemente pasarías por su lado sin apreciar su singularidad, y por eso  la APP Green Routes va a ser tu gran aliada para descubrir ejemplares dignos de museo y crear tu propio álbum digital con tu colección de árboles. Elige una de las cinco rutas y recorre de forma diferente València para conocer algunos de los mejores jardines de la ciudad, como los Viveros, la Rambleta o los de Monforte. Y aprovecha para visitar otros atractivos turísticos que te pillarán de paso. Hazte selfies en los árboles monumentales más espectaculares, compártelos en tus redes sociales y conviértete en el influencer de la sostenibilidad, contribuyendo a difundir los Objetivos de Desarrollo Sostenible. Sube en el ranking. Cuantos más puntos consigas con los minijuegos de los árboles, más alto estarás en el ranking de València Green Routes. Recoge todas las monedas de agua que vayan saliendo por el camino, busca los árboles que necesiten que los riegues y completa las misiones. Busca los árboles más cercanos en el mapa, cuando llegues a uno podrás hacer un check-in y confirmar que has estado. ¿Te ha gustado lo que has visto? Puntúa cada árbol y deja tu opinión para los futuros visitantes.","Articulos del blog/rutas-arboles-valencia.txt"
"¿Cuáles son las cinco rutas disponibles en la APP València Green Routes?","Las cinco rutas son: Testigos de la Historia, La Vuelta al mundo, Viaje por el Mediterráneo, Un paseo por la Alameda y Más allá de los mares.","Tienes la ruta Testigos de la Historia, que puedes hacer en bici rodeando el centro histórico. Por los Jardines del Real transcurre la ruta La Vuelta al mundo, con ejemplares de todo el globo terráqueo. Puedes hacer también un Viaje por el Mediterráneo explorando el Parque de La Rambleta, disfrutar de la sombra de las higueras australianas de la ruta Un paseo por la Alameda y llegar hasta el frente marítimo de la ciudad con el itinerario Más allá de los mares, para contemplar los ejemplares que llegaron hasta la ciudad de la mano de los conocidos como Los Indianos.","Articulos del blog/rutas-arboles-valencia.txt"
"¿Qué ruta es recomendable para hacer en bicicleta?","La ruta Testigos de la Historia es recomendable para hacer en bicicleta, ya que rodea el centro histórico.","Tienes la ruta Testigos de la Historia, que puedes hacer en bici rodeando el centro histórico.","Articulos del blog/rutas-arboles-valencia.txt"
"¿Qué ruta me permite ver árboles de todo el mundo?","La ruta La Vuelta al mundo, que transcurre por los Jardines del Real, te permite ver ejemplares de todo el globo terráqueo.","Por los Jardines del Real transcurre la ruta La Vuelta al mundo, con ejemplares de todo el globo terráqueo.","Articulos del blog/rutas-arboles-valencia.txt"
"¿Dónde puedo encontrar higueras australianas en Valencia?","Puedes disfrutar de la sombra de las higueras australianas en la ruta Un paseo por la Alameda.","Puedes hacer también un Viaje por el Mediterráneo explorando el Parque de La Rambleta, disfrutar de la sombra de las higueras australianas de la ruta Un paseo por la Alameda","Articulos del blog/rutas-arboles-valencia.txt"
"¿Qué ruta me lleva al frente marítimo de Valencia?","El itinerario Más allá de los mares te lleva hasta el frente marítimo de la ciudad, donde puedes contemplar ejemplares que llegaron a la ciudad de la mano de los conocidos como Los Indianos.","y llegar hasta el frente marítimo de la ciudad con el itinerario Más allá de los mares, para contemplar los ejemplares que llegaron hasta la ciudad de la mano de los conocidos como Los Indianos.","Articulos del blog/rutas-arboles-valencia.txt"
"¿Qué debo llevar para hacer senderismo cerca de Valencia?","Para hacer senderismo cerca de Valencia, es recomendable preparar ropa y calzado cómodo, y unos buenos bastones.","Prepara ropa y calzado cómodo y unos buenos bastones, ¡vamos a ello!","Articulos del blog/rutas-senderismo-valencia.txt"
"¿Dónde se encuentra la Ruta del Castillo de Serra y cuál es su dificultad?","La Ruta del Castillo de Serra se encuentra en el término municipal de Serra, a 36 minutos de Valencia, y es de dificultad baja, muy recomendable para hacer en familia.","Esta hermosa ruta que se encuentra en el término municipal de Serra, es circular y de dificultad baja, muy recomendable para hacer en familia.","Articulos del blog/rutas-senderismo-valencia.txt"
"¿Qué atractivos puedo encontrar en la Ruta del Agua de Buñol?","En la Ruta del Agua de Buñol puedes disfrutar de un agradable paseo fluvial, ver la Cueva Turche con una caída de agua de 60 metros, y disfrutar del Mirador de la Cueva del Turche.","Disfruta del agradable paseo fluvial y las huellas que el agua ha dejado en el paisaje, con esta ruta circular de 7,2 km. [...] El paseo discurre junto al río Buñol y el sendero os llevará a la cueva, una espectacular formación geológica. Allí, sobre una gran pared de roca se precipita una caída de agua de 60 metros sobre un lago, formando un gran anfiteatro de roca y una pequeña playa fluvial. Otro de los enclaves que os sorprenderá a vuestro paso es el Mirador de la Cueva del Turche, una atalaya privilegiada que ofrece las mejores panorámicas de este entorno natural típico mediterráneo.","Articulos del blog/rutas-senderismo-valencia.txt"
"¿Cuál es la duración aproximada de la Ruta de la Dehesa de Soneja y cuál es su nivel de dificultad?","La Ruta de la Dehesa de Soneja dura aproximadamente dos horas y media y tiene un nivel de dificultad medio.","Esta ruta de Soneja es circular y tiene un nivel de dificultad medio. Se trata del sendero PR-CV 320. Es de 13,8 km y tardaréis aproximadamente dos horas y media en realizarla.","Articulos del blog/rutas-senderismo-valencia.txt"
"¿Qué eran los Puentes Colgantes de Chulilla originalmente?","Los Puentes Colgantes de Chulilla son una reconstrucción de las pasarelas de madera y cuerdas que los obreros que trabajaban en la construcción del Embalse de Loriguilla utilizaban para desplazarse en los años 50.","Se trata del antiguo camino que recorrían los obreros que trabajaban en la construcción del Embalse de Loriguilla para desplazarse desde la población de Chulilla hasta su lugar de trabajo en los años 50. Los puentes son una reconstrucción de las pasarelas de madera y cuerdas que éstos construyeron, al igual que unas escaleras algo empinadas que dan acceso hacia los puentes.","Articulos del blog/rutas-senderismo-valencia.txt"
"¿Qué tipo de ruta es la Ruta del Agua de Chelva y para quién es ideal?","La Ruta del Agua de Chelva es un itinerario turístico circular y autoguiado que combina naturaleza y cultura, ideal para un público familiar debido a su dificultad mínima.","Esta ruta es un itinerario turístico circular y autoguiado que combina naturaleza y cultura en un agradable paseo. La dificultad es mínima, ideal para un público familiar.","Articulos del blog/rutas-senderismo-valencia.txt"
"¿Qué puedo encontrar en la Ruta del Agua de Chelva?","En la Ruta del Agua de Chelva puedes encontrar el área recreativa de Molino Puerto, con una zona de picnic con instalaciones deportivas y juegos infantiles, la Playeta, con cascadas y remanso, y el túnel de Olinches.","A lo largo de la Ruta del Agua de Chelva encontraréis el área recreativa de Molino Puerto, con una zona de picnic con instalaciones deportivas y juegos infantiles. Y también parajes tan singulares como la Playeta; cuyas cascadas y remanso se convierten en una zona tradicional de baño; o el túnel de Olinches, excavado en la montaña, que os llevará hasta uno de los parajes más abruptos del río Chelva.","Articulos del blog/rutas-senderismo-valencia.txt"
"¿Aproximadamente cuánto tiempo se tarda en llegar en coche a la Ruta del Agua de Chelva desde Valencia?","Se tarda aproximadamente 50 minutos en coche desde Valencia.","Ruta del Agua de Chelva, a 50 minutos de València","Articulos del blog/rutas-senderismo-valencia.txt"
"¿Qué puedo ver desde el mirador de la Peña la Cagá en la Ruta de la Dehesa de Soneja?","Desde el mirador de la Peña la Cagá en la Ruta de la Dehesa de Soneja, se pueden obtener espectaculares vistas de la Sierra de Espadán.","Antes de alcanzar El Arenal, hay que destacar el mirador de la Peña la Cagá, que ofrece espectaculares vistas de la Sierra de Espadán.","Articulos del blog/rutas-senderismo-valencia.txt"
"¿Qué tipo de cocinas internacionales puedo encontrar en Valencia?","En Valencia puedes encontrar restaurantes de comida argentina, italiana, mexicana y asiática, entre otras.","Comida argentina, italiana, mexicana, asiática… Hay para todos los gustos. ¡Toma nota y reserva antes de que se te haga la boca agua!","Articulos del blog/sabores-del-mundo-en-los-mejores-restaurantes-internacionales.txt"
"¿Dónde puedo encontrar un restaurante que me transporte a la otra orilla del Mediterráneo?","Puedes visitar Baalbec, un restaurante que ofrece platos libaneses, egipcios, israelíes y turcos.","Los platos de Baalbec te trasladan a la otra orilla del mediterráneo en un momento.  En su carta encontrarás platos libaneses, egipcios, israelíes y turcos, con el mejor producto de temporada.","Articulos del blog/sabores-del-mundo-en-los-mejores-restaurantes-internacionales.txt"
"¿Qué tipo de experiencia gastronómica ofrece el restaurante Canalla Bistro?","Canalla Bistro, de Ricard Camarena, ofrece un viaje gastronómico por el mundo, con platos que trasladan a distintos lugares que enamoraron al chef con su comida.","El restaurante más ecléctico de Ricard Camarena es lo más parecido a un viaje gastronómico por el mundo. Anclado en el valenciano barrio de Ruzafa, los platos de Canalla Bistro trasladan a distintos lugares que enamoraron al chef con su comida.","Articulos del blog/sabores-del-mundo-en-los-mejores-restaurantes-internacionales.txt"
"¿Dónde puedo encontrar comida asiática en un entorno prestigioso en Valencia?","En el Mercado de Colón, Ma Khin Café ofrece productos locales e ingredientes asiáticos en un entorno espacioso, luminoso y con estilo.","En el Mercado de Colón, Ma Khin Café, de Steve Anderson, te ofrece productos locales e ingredientes asiáticos para crear unos platos sabrosos y originales, equilibrados y sanos. El entorno del restaurante es inmejorable: espacioso, luminoso y con estilo, en uno de los lugares más prestigiosos de la ciudad, el Mercado de Colón.","Articulos del blog/sabores-del-mundo-en-los-mejores-restaurantes-internacionales.txt"
"¿Dónde puedo sentirme como en Bali sin salir de Valencia?","Puedes visitar el restaurante Voltereta, bienvenido a Bali, que ha creado un espacio que te hace sentir como en Bali.","Sí, València te da la bienvenida a Bali con el nuevo restaurante de Voltereta. Un rincón en el centro de València que no te dejará indiferente. No solo te impresionarán sus sabores, también el entorno, ya que realmente han conseguido crear un espacio en el que te puedes llegar a sentir como en el mismísimo Bali.","Articulos del blog/sabores-del-mundo-en-los-mejores-restaurantes-internacionales.txt"
"¿Qué restaurante japonés en Valencia ha sido seleccionado como uno de los más bonitos del mundo?","Nozomi Sushi Bar ha sido seleccionado como uno de los 10 restaurantes más bonitos del mundo.","En València no nos podemos quejar porque contamos con algunos de los mejores restaurantes japoneses de España y nuestro querido Nozomi es uno de ellos. Además, ha sido seleccionado como uno de los 10 restaurantes más bonitos del mundo.","Articulos del blog/sabores-del-mundo-en-los-mejores-restaurantes-internacionales.txt"
"¿Qué restaurante japonés con estrella Michelin puedo encontrar en Valencia?","Puedes encontrar Komori, con una estrella Michelin de Ricardo Sanz.","En 2012 aterrizó en la ciudad Komori, con una estrella Michelin de Ricardo Sanz. Desde entonces no ha parado de crecer e impresionar a sus comensales.","Articulos del blog/sabores-del-mundo-en-los-mejores-restaurantes-internacionales.txt"
"¿Dónde puedo disfrutar de ostras y sushi de temporada en Valencia?","Puedes visitar Momiji, una sofisticada ostrería y barra de sushi de temporada ubicada en el Mercado de Colón.","Momiji se ha sumado a la competencia por el japonés número 1 en València. Tenemos la suerte de contar en València con uno de los rincones que más nos acercan a Nipón y sus hojas rojas. Momiji se caracteriza por ser una sofisticada ostrería y barra de sushi de temporada en un espacio único: el Mercado de Colón.","Articulos del blog/sabores-del-mundo-en-los-mejores-restaurantes-internacionales.txt"
"¿Dónde puedo encontrar auténtica comida italiana en Valencia?","San Tommaso es un restaurante que ofrece cocina tradicional italiana con una gran variedad de pizzas, pasta fresca artesanal y delicatessen italianas. Está situado en el centro histórico.","¿Quieres disfrutar de la bella Italia en València? San Tommaso es nuestro rinconcito más tradicional de Italia en la ciudad. Sus platos están increíbles y el lugar es de ensueño. Carismático de cocina tradicional con una gran variedad de pizzas, pasta fresca artesanal y excelentes delicatessen italianas. Situado en pleno corazón del centro histórico.","Articulos del blog/sabores-del-mundo-en-los-mejores-restaurantes-internacionales.txt"
"¿Dónde puedo probar comida argentina en Valencia?","Puedes visitar Doña Petrona, un lugar perfecto para cualquier momento del día, que sirve desayunos, almuerzos, aperitivos, comidas y copas.","Viaja a Argentina de un bocado visitando el restaurante Doña Petrona en València. Es el lugar perfecto para cualquier momento del día, ya que sirven desayunos, almuerzos, aperitivo, comidas, copas… ¡Siempre es un buen plan!","Articulos del blog/sabores-del-mundo-en-los-mejores-restaurantes-internacionales.txt"
"¿Dónde puedo disfrutar de comida americana en Valencia?","Puedes visitar Hard Rock Café Valencia, que ofrece una variedad de entrantes, hamburguesas, ensaladas, sándwiches, carnes, pescado y pasta.","Si eres un apasionado de la comida americana, Hard Rock Café València te cautivará. Ingredientes frescos y recetas propias. Desde una gran variedad de entrantes: nachos, alitas, etc. A platos principales como hamburguesas, ensaladas, sándwiches, carnes, pescado, y pasta. ¡Ve a vivir una auténtica noche americana!","Articulos del blog/sabores-del-mundo-en-los-mejores-restaurantes-internacionales.txt"
"¿Qué días hay fiesta en el restaurante Voltereta?","Los jueves, viernes y sábados puedes bailar y tomar copas hasta las tres de la mañana en el restaurante Voltereta.","Además, si vas a cenar un jueves, viernes o sábado podrás bailar y tomar copas hasta las tres de la mañana. ¡Fiesta en Bali! ¿Te lo vas a perder?","Articulos del blog/sabores-del-mundo-en-los-mejores-restaurantes-internacionales.txt"
"¿Qué tipo de productos certificados puedo encontrar en Valencia para comprar como souvenir?","En Valencia, puedes encontrar productos con Denominación de Origen Protegida (D.O.P.) como arroz, aceite, naranja, chufa, alcachofa de Benicarlò, kaki de la Ribera o turrón de Xixona.","Evidentemente puedes comprarte una bolsa de arroz, y mejor si lleva el sello de la Denominación de Origen Protegida (D.O.P.), pero quizá te interese saber que la Comunitat cuenta con otros muchos productos certificados. Es el caso del aceite, la naranja o la chufa, así como la alcachofa de Benicarlò, el kaki de la Ribera o el turrón de Xixona.","Articulos del blog/souvenirs-valencianos-no-compres-mas-imanes-de-falleras.txt"
"¿Dónde puedo comprar vinos de Utiel-Requena en Valencia?","Puedes comprar vinos de Utiel-Requena en tiendas históricas como Navarro Bodeguero o Bodegas Baviera.","Si hablamos de D.O., es imposible olvidar los vinos de Utiel-Requena, ya sean de grandes bodegas o pequeños productores. En la ciudad hay tiendas históricas, como Navarro Bodeguero, que dispensa cientos de referencias locales, o Bodegas Baviera, una casa fundada en 1870 que merece una visita de por sí.","Articulos del blog/souvenirs-valencianos-no-compres-mas-imanes-de-falleras.txt"
"¿Dónde puedo encontrar cerámica tradicional valenciana?","Puedes encontrar cerámica tradicional valenciana en el Centro de Artesanía de la Comunitat, en comercios históricos de productores locales y en la Plaza Redonda, que celebra un mercadillo los domingos por la mañana. También puedes visitar Manises o Paterna, focos de alfarería importantes.","No obstante, también es posible adquirir souvenirs más económicos en el Centro de Artesanía de la Comunitat, cercano al IVAM, o en los comercios históricos de los productores locales. La Plaza Redonda, que celebra un mercadillo todos los domingos por la mañana, concentra la mayoría: la histórica Casa de los Botijos, Colla Monlleó o Chez Ramón, entre otros.","Articulos del blog/souvenirs-valencianos-no-compres-mas-imanes-de-falleras.txt"
"¿Qué tiendas de arte contemporáneo puedo visitar en Ruzafa?","En Ruzafa, puedes visitar Espai Tactel o Pepita Lumier, esta última dedicada al mundo del dibujo y el cómic.","La ciudad también cuenta con galerías que dan impulso a los nuevos creadores, con dos ejemplos claros en Ruzafa como son Espai Tactel o Pepita Lumier, esta última dedicada al mundo del dibujo y el cómic.","Articulos del blog/souvenirs-valencianos-no-compres-mas-imanes-de-falleras.txt"
"¿Dónde puedo comprar recuerdos relacionados con el Valencia CF?","Puedes comprar recuerdos del Valencia CF en la tienda oficial en el estadio de Mestalla o en la megastore en la Plaza del Ayuntamiento.","El Valencia CF tiene su tienda oficial en el estado de Mestalla, pero también una megastore en plena Plaza del Ayuntamiento. Se pueden encontrar equipaciones, botas y balones, pero también un brazo robótico que entrega camisetas serigrafiadas en mano.","Articulos del blog/souvenirs-valencianos-no-compres-mas-imanes-de-falleras.txt"
"¿Qué tipo de bebida alcohólica típica de Valencia puedo comprar como souvenir?","Puedes comprar mistela, cazalla o Agua de Valencia, además de licores destilados con productos típicos como el licor de chufa.","También ejercen de licorerías, con productos tan característicos como mistela, cazalla o Agua de València, además de variedades destiladas con los productos más típicos, como el licor de chufa.","Articulos del blog/souvenirs-valencianos-no-compres-mas-imanes-de-falleras.txt"
"¿Dónde puedo encontrar alpargatas valencianas tradicionales?","Puedes comprar alpargatas en tiendas como L’Espardenyeria Valenciana o en las inmediaciones de la plaza de la Merced.","En un rango de precios menor, otro accesorio típico es la alpargata, que puede comprarse en tiendas como L’Espardenyeria Valenciana o en las inmediaciones de la plaza de la Merced.","Articulos del blog/souvenirs-valencianos-no-compres-mas-imanes-de-falleras.txt"
"¿Qué puedo comprar si quiero un souvenir original relacionado con las Fallas?","En Atypical Valencia, puedes encontrar camisetas ilustradas de la mascletà, juegos de construcción del Miguelete o recortables de fallera.","Una propuesta muy original es la de Atypical Valencia, tienda de regalos especialmente vinculada al diseño, donde hay camisetas ilustradas de la mascletà, juegos de construcción del Miguelete o recortables de fallera, que elevan el concepto del suvenir arquetípico a una categoría superior.","Articulos del blog/souvenirs-valencianos-no-compres-mas-imanes-de-falleras.txt"
"¿Qué puedo comprar en la Calle de las Cestas?","En la Calle de las Cestas, cuyo nombre real es Músico Peydró, puedes encontrar productos de mimbre, bolsos y zapatos de esparto.","Tal vez hayas oído hablar de la ‘Calle de las Cestas’, cuyo nombre auténtico es Músico Peydró, pero debe el apodo a los productos de mimbre que exhiben sus tiendas y sus puestos a pie de calle. Si bien la cestería es el reclamo fundamental, también hay bolsos y zapatos de esparto.","Articulos del blog/souvenirs-valencianos-no-compres-mas-imanes-de-falleras.txt"
"¿Qué es 'workation'?","Workation es un término en inglés que combina 'work' (trabajo) y 'vacation' (vacaciones), refiriéndose a la práctica de trabajar mientras se está de vacaciones.","Llámalo como quieras: workation ―del inglés work + vacation: trabajo + vacaciones―, nomadismo digital o teletrabajo vacacional, pero en València tienes el lugar ideal para ganarte la vida y desconectar a la vez.","Articulos del blog/teletrabajar-en-valencia.txt"
"¿Cuántos días al año se puede disfrutar de buen clima para hacer deporte o trabajar al aire libre en Valencia?","En Valencia, el buen clima permite hacer deporte o trabajar al aire libre aproximadamente 300 días al año.","Porque el mar lo mejora todo, el buen clima te permite hacer deporte o trabajar al aire libre 300 días al año y la gastronomía valenciana está en un momento de crecimiento imparable que te hacen sentir de vacaciones en cuanto apagas el ordenador.","Articulos del blog/teletrabajar-en-valencia.txt"
"¿Cómo de fácil es viajar a Valencia?","Es muy fácil entrar y salir de Valencia por tierra, mar y aire. El Aeropuerto Internacional de Valencia conecta la ciudad a diario con las principales capitales europeas y ciudades españolas. También hay conexiones por tren, incluyendo la estación del AVE Joaquín Sorolla que te lleva a Madrid en hora y media.","Entrar y salir de València es muy fácil por tierra, mar y aire. El Aeropuerto Internacional de València conecta la ciudad a diario con las principales capitales europeas y, por supuesto, un buen número de ciudades españolas. Lo mismo ocurre con las conexiones por tren, con dos estaciones: la Estación del AVE Joaquín Sorolla, que es una gozada porque te plantas en Madrid en hora y media y la Estación del Norte, con conexión a todos puntos de la provincia","Articulos del blog/teletrabajar-en-valencia.txt"
"¿Qué opciones de transporte público hay disponibles en Valencia?","Dentro de la ciudad de Valencia, puedes moverte en autobús, metro, tranvía, taxi, bici o patinete. Valencia tiene 160 kilómetros de carril bici.","¿Y dentro de la ciudad? Puedes moverte en autobús, metro, tranvía, taxi y, si te gusta ir a dos ruedas, incluso en bici o patinete, que València es muy llana y tiene 160 kilómetros de carril bici para moverte cómodamente de lado a lado.","Articulos del blog/teletrabajar-en-valencia.txt"
"¿Cuáles son algunos de los lugares emblemáticos de Valencia?","Algunos de los tesoros más apreciados de Valencia son la Ciudad de las Artes y las Ciencias, La Lonja, el Mercado Central y su Catedral.","Además de ser relevante por ser la tercera más poblada, lo es porque en ella se encuentran algunos de los tesoros más apreciados del país como la Ciudad de las Artes y las Ciencias, La Lonja, el Mercado Central o su Catedral.","Articulos del blog/teletrabajar-en-valencia.txt"
"¿Qué puedo hacer en Valencia si necesito atención médica?","En Valencia, tienes a tu disposición los mejores médicos, centros con todas las especialidades y prestigiosos hospitales que cuentan con la mejor tecnología e investigación.","Si vienes a València y necesitas tratamiento médico o reponerte de alguna dolencia, tienes a tu disposición los mejores médicos, centros con todas las especialidades y prestigiosos hospitales que cuentan con la mejor tecnología e investigación.","Articulos del blog/teletrabajar-en-valencia.txt"
"¿Qué tipo de productos puedo comprar en Valencia que sean locales?","Si teletrabajas desde Valencia, puedes comprar pañuelos de seda de diseño exclusivo, piezas de cerámica original o aperitivos valencianos como embutidos, quesos, paté de aceitunas autóctonas o anguila en conserva.","Si teletrabajas desde València, seguro que no te resistirás a sumar a tus outfits pañuelos de seda de diseño exclusivo, a comprarte alguna pieza de cerámica original o a hacerte fan de los aperitivos valencianos, que por aquí llamamos «la hora del vermut»: prueba los embutidos y quesos, paté de aceitunas autóctonas o uno de los bocados más especiales, la anguila en conserva, todo regadito con una cerveza, vino o vermut made in Valencia.","Articulos del blog/teletrabajar-en-valencia.txt"
"¿Qué opciones de alojamiento existen en Valencia para teletrabajadores?","En Valencia, existen opciones como Singular Stays, que ofrece apartamentos por días, semanas o meses en diferentes ubicaciones de la ciudad. También puedes encontrar colivings como MyCo Living, que proporciona viviendas equipadas con espacios comunes.","Tienen apartamentos en los principales lugares de la ciudad, desde el barrio de Ruzafa hasta la Ciudad de las Artes y las Ciencias, pasando, por supuesto, por la zona centro.
Si lo que buscas es un coliving en el que trabajar y alojarte con las comodidades de vivir solo pero con compañía, en MyCo Living es justo lo que ofrecen: viviendas totalmente equipadas con habitaciones individuales o compartidas con espacios comunes como la cocina o las salas de estar.","Articulos del blog/teletrabajar-en-valencia.txt"
"¿Qué actividades náuticas puedo realizar en Valencia?","En Valencia, puedes realizar actividades náuticas como cursos de navegación, salidas en veleros, motoras, barcos sin licencia, motos de agua y banana boat ride.","Aprovecha que estás en la costa para hacer actividades náuticas y, por qué no, sacarte algún título para navegar por tu cuenta. La empresa Alfa Náutica, además de cursos de navegación ofrece desde salidas con veleros, motoras, barcos sin licencia, motos de agua hasta los divertidos banana boat ride.","Articulos del blog/teletrabajar-en-valencia.txt"
"¿Qué ciudades cercanas a Valencia puedo visitar?","Puedes visitar ciudades llenas de historia como Xàtiva, Sagunto, Cullera, Gandia, Penyíscola o Bocairent.","Pero todo esto es una pequeña muestra, porque te esperan otras ciudades llenas de historia como Gandia, por donde también pasaron los Borgia y donde puedes visitar su Palacio Ducal, Penyíscola o Bocairent, por citar algunos ejemplos.","Articulos del blog/teletrabajar-en-valencia.txt"
"¿Qué ofrece The Orange Guide para teletrabajadores en Valencia?","The Orange Guide se encarga de buscar todo lo que necesitas para teletrabajar en Valencia, incluyendo el alojamiento, el espacio para trabajar e incluso la cena.","Si no tienes tiempo para organizar nada no te preocupes, que aquí se ocupan por ti. Te buscan todo lo que necesitas para teletrabajar en València: el alojamiento, el espacio para trabajar e, incluso, te organizan la cena.","Articulos del blog/teletrabajar-en-valencia.txt"
"¿Quién fue Javier Goerlich?","Javier Goerlich fue el arquitecto mayor de Valencia durante 25 años, responsable de la remodelación, construcción y diseño de calles y edificios que definieron el perfil de la ciudad. Era hijo de Franz Goerlich, cónsul del Imperio austrohúngaro, y de la valenciana Asunción Lleó.","La ciudad de València, tal y como la conocemos y la vivimos hoy en día, no puede entenderse sin la figura de Javier Goerlich. Hijo de Franz Goerlich, cónsul del Imperio austrohúngaro en la capital del Turia y de la valenciana Asunción Lleó, ejerció durante 25 años como arquitecto mayor de València, siendo responsable de la remodelación, construcción y diseño de calles y edificios que definieron el perfil de la ciudad.","Articulos del blog/tras-los-pasos-de-javier-goerlich-arquitecto-diseno-nueva-valencia.txt"
"¿Qué tipo de revolución lideró Javier Goerlich en Valencia?","Javier Goerlich lideró una revolución urbanística que transmitía la historia y la vida cotidiana de la ciudad. Ideó y diseñó la remodelación del centro histórico de Valencia con dos claves: belleza y usabilidad. Moldeó una ciudad para reflejar los cambios sociales del momento y adaptarse a las necesidades de la población.","Goerlich lideró una revolución urbanística que transmite la historia y la vida cotidiana de una ciudad. Ideó y diseñó la remodelación del centro histórico de València con dos claves: belleza y usabilidad. Moldeó una ciudad para reflejar los cambios sociales del momento y adaptarse a las necesidades de la población.","Articulos del blog/tras-los-pasos-de-javier-goerlich-arquitecto-diseno-nueva-valencia.txt"
"¿Qué estilos arquitectónicos caracterizan la obra de Goerlich?","Los estilos que caracterizan la obra de Goerlich son el ecléctico, neobarroco valenciano, neogótico, casticista y racionalista.","Los estilos ecléctico, neobarroco valenciano, neogótico, casticista y racionalista, dan forma a un recorrido con el sello personal de uno de los mejores arquitectos del siglo XX y en un momento histórico de grandes y prósperos cambios en la ciudad.","Articulos del blog/tras-los-pasos-de-javier-goerlich-arquitecto-diseno-nueva-valencia.txt"
"¿Dónde puedo ver la Casa Niederleytner diseñada por Goerlich?","La Casa Niederleytner se encuentra en la esquina de las calles Pascual y Genís y Martínez Cubells, y actualmente es la sede del hotel Palacio Santa Clara.","Uno de los más bellos ejemplos es sin duda la Casa Niederleytner (1916), en la esquina de las calles Pascual y Genís y Martínez Cubells, y sede hoy del hotel Palacio Santa Clara.","Articulos del blog/tras-los-pasos-de-javier-goerlich-arquitecto-diseno-nueva-valencia.txt"
"¿Qué edificio diseñado por Goerlich se considera el 'Flatiron building' de Valencia?","El edificio del Banco de Valencia (1942), en la calle Pintor Sorolla, se considera el 'Flatiron building' de Valencia. Fue un proyecto original de Francisco Almenar Quinzá, al que posteriormente se añadió Javier Goerlich Lleó.","A tan solo unos metros de allí, el edificio del Banco de Valencia (1942) es el emblema de la calle Pintor Sorolla, el Flatiron building de Valencia, un proyecto original de Francisco Almenar Quinzá, al que posteriormente se añadió Javier Goerlich Lleó.","Articulos del blog/tras-los-pasos-de-javier-goerlich-arquitecto-diseno-nueva-valencia.txt"
"¿Qué edificios de la Plaza del Ayuntamiento de Valencia fueron proyectados por Goerlich?","En la Plaza del Ayuntamiento, Goerlich proyectó los edificios Oltra (1927), el del Banco Vitalicio de España (1928), el Gras Bianqui y el Barrachina (ambos de 1930).","La propia plaza del Ayuntamiento de València, cuya reforma proyectó también Goerlich entre 1933 y 1936, cuenta con varios edificios proyectados por él, con un estilo claramente identificable. Hablamos de los edificios Oltra (1927), en el número 4 y sede del hotel Meliá Plaza; el del Banco Vitalicio de España (1928), en el número 29; el Gras Bianqui, en el número 7 o Barrachina, en el 2, ambos de 1930.","Articulos del blog/tras-los-pasos-de-javier-goerlich-arquitecto-diseno-nueva-valencia.txt"
"¿Dónde puedo encontrar el edificio Albors diseñado por Goerlich?","El edificio Albors se encuentra en el número 9 del Paseo de Ruzafa.","También encontrarás su firma en el edificio Albors (1928), en el número 9 del Paseo de Ruzafa.","Articulos del blog/tras-los-pasos-de-javier-goerlich-arquitecto-diseno-nueva-valencia.txt"
"¿Dónde se encuentra el antiguo Cine Metropol, diseñado por Goerlich?","El antiguo Cine Metropol, diseñado por Goerlich, se encuentra en la calle Hernán Cortés.","En la calle Hernán Cortés, el estilo racionalista art-decó del antiguo Cine Metropol (1934) se ha convertido en todo un emblema de la ciudad que ha sido inmortalizado incluso en postales turísticas.","Articulos del blog/tras-los-pasos-de-javier-goerlich-arquitecto-diseno-nueva-valencia.txt"
"¿Dónde puedo ver el edificio Roig Vives diseñado por Goerlich?","El edificio Roig Vives se encuentra en la calle Xàtiva, 4.","La misma línea decó se advierte en el edificio Roig Vives (1944), en la calle Xàtiva, 4.","Articulos del blog/tras-los-pasos-de-javier-goerlich-arquitecto-diseno-nueva-valencia.txt"
"¿Dónde está ubicada la Casa del Médico, una de las obras de Goerlich?","La Casa del Médico está ubicada en la avenida del Puerto, 24.","Uno de los más curiosos y bellos ejemplos de la obra de Javier Goerlich es sin duda la Casa del Médico, en la avenida del Puerto, 24.","Articulos del blog/tras-los-pasos-de-javier-goerlich-arquitecto-diseno-nueva-valencia.txt"
"¿Por qué Valencia fue nombrada Capital Mundial del Diseño en 2022?","Valencia fue nombrada Capital Mundial del Diseño en 2022 debido a su singularidad y el valor que da al trabajo de sus artesanos y artistas.","València es, casi sin quererlo, una ciudad de diseño, y cada vez son más los que buscan esa singularidad y ponen en valor el trabajo de sus artesanos y artistas. No en vano la ciudad es en 2022 Capital Mundial del Diseño.","Articulos del blog/un-dia-de-diseno-en-valencia-por-el-ensanche-y-ruzafa.txt"
"¿Qué se puede encontrar en el barrio de Ruzafa?","En el barrio de Ruzafa se pueden encontrar restaurantes singulares, pequeñas galerías de arte, tiendas de diseño y vintage.","Con el estómago lleno no hay nada mejor que un paseo a pie por una de las zonas más de moda en la ciudad, el barrio de Ruzafa, en el que restaurantes singulares conviven con pequeñas galerías de arte, tiendas de diseño y vintage.","Articulos del blog/un-dia-de-diseno-en-valencia-por-el-ensanche-y-ruzafa.txt"
"¿Qué producto típico valenciano se puede comprar en Utopick?","En Utopick, se pueden comprar chocolates artesanos made in València, como tabletas personalizadas o cajas de bombones.","Los más golosos tendrán una parada obligatoria en Utopick, la tienda de chocolates artesanos made in València que ya son famosos en todo el país. Una tableta personalizada o una caja de sus “bombetes” serán el regalo más dulce que puedes llevarte de la ciudad.","Articulos del blog/un-dia-de-diseno-en-valencia-por-el-ensanche-y-ruzafa.txt"
"¿Dónde se puede disfrutar de una propuesta gastronómica con una estrella Michelin en Valencia?","Se puede disfrutar de una propuesta gastronómica con una estrella Michelin en el restaurante La Salita, liderado por la chef Begoña Rodrigo.","Ubicado en un elegante edificio de dos alturas del siglo XVIII, el restaurante La Salita, con una estrella Michelin y dos soles Repsol, ofrece una propuesta gastronómica para despertar los cinco sentidos de la mano de Begoña Rodrigo, una de las mejores chefs de la ciudad.","Articulos del blog/un-dia-de-diseno-en-valencia-por-el-ensanche-y-ruzafa.txt"
"¿Qué tipo de comercios se encuentran en el Ensanche de Valencia?","En el Ensanche de Valencia, especialmente en la zona entre la calle Colón y la Gran Vía Marqués del Turia, se encuentran comercios de renombre, como joyerías de alta calidad como Sie7e Jewels Gallery.","Simplemente cruzando la avenida Reino de València, pasamos de Ruzafa al Ensanche, una de las zonas más señoriales de la ciudad, poblada de edificios modernistas y comercios de renombre. La zona comprendida entre la calle Colón y la Gran Vía Marqués del Turia es además una de las zonas de shopping más importantes de València. Uno de los mejores ejemplos de este comercio de calidad es Sie7e Jewels Gallery, una empresa familiar dedicada a la alta joyería con diseños únicos que conciben cada pieza como una auténtica obra de arte.","Articulos del blog/un-dia-de-diseno-en-valencia-por-el-ensanche-y-ruzafa.txt"
"¿Qué actividades se pueden realizar en el Mercado Colón?","En el Mercado Colón se puede tomar el aperitivo, disfrutar de la gastronomía de diferentes cocineros en bares y restaurantes, y admirar su arquitectura.","Reinando majestuoso en el centro del barrio del Ensanche encontramos el Mercado Colón. Este antiguo mercado rehabilitado y reconvertido en gastromarket es uno de los puntos de encuentro preferidos por los valencianos para tomar el aperitivo, además de una de las joyas arquitectónicas de la ciudad.","Articulos del blog/un-dia-de-diseno-en-valencia-por-el-ensanche-y-ruzafa.txt"
"¿Dónde puedo encontrar artesanía de porcelana en Valencia?","Puedes encontrar artesanía de porcelana de la firma Lladró en su tienda ubicada en la C/Poeta Querol 9.","De camino al que se conoce como el “soho valenciano” encontramos el escaparate de Lladró, una firma conocida en el mundo entero por sus figuritas de porcelana. Artesanía made in València que lleva decorando hogares desde 1953 y que hoy en día se ha convertido en una insignia de diseño y lujo.","Articulos del blog/un-dia-de-diseno-en-valencia-por-el-ensanche-y-ruzafa.txt"
"¿Dónde se puede desayunar cerca del Palacio del Marqués de Dos Aguas?","Se puede desayunar en la terraza del SH Hotel Inglés, que tiene un restaurante llamado Le Marquis, frente a la fachada barroca del Palacio del Marqués de Dos Aguas.","Es imprescindible comenzar el día con un buen desayuno, así que no podemos dejar de recomendarte que lo hagas en la terraza del SH Hotel Inglés, un hotel boutique junto al majestuoso Palacio del Marqués de Dos Aguas. El hotel tiene un restaurante, Le Marquis, con una encantadora terraza frente a la fachada barroca del palacio, que además es la sede del Museo Nacional de Cerámica.","Articulos del blog/un-dia-de-diseno-en-valencia-por-el-ensanche-y-ruzafa.txt"
"¿Qué ofrece el chef Ricard Camarena en el Mercado Colón?","Ricard Camarena ofrece su visión del Mediterráneo en Habitual, un espacio en el Mercado Colón, con una propuesta gastronómica moderna y vibrante basada en la luz, el color, la huerta de proximidad y todos los sabores del territorio.","Un imprescindible del edificio es Habitual, un sorprendente espacio donde el chef con dos estrellas Michelin y una verde Ricard Camarena, ofrece su visión del Mediterráneo, con una propuesta gastronómica moderna y vibrante basada en la luz, el color, la huerta de proximidad y todos los sabores del territorio.","Articulos del blog/un-dia-de-diseno-en-valencia-por-el-ensanche-y-ruzafa.txt"
"¿Es Valencia un buen destino para familias con niños en verano?","Sí, Valencia es un destino ideal para visitar con niños también en verano, ofreciendo una amplia gama de planes para todas las edades.","València es un destino ideal para visitar con niños también en verano. La oferta de planes hará que pequeños y mayores lo pasen en grande y disfruten de unas vacaciones diferentes.","Articulos del blog/una-ciudad-para-toda-la-familia.txt"
"¿Cuál es el acuario más grande de Europa que se encuentra en Valencia?","El acuario más grande de Europa que se encuentra en Valencia es l’Oceanogràfic, ubicado en la Ciudad de las Artes y las Ciencias.","En la Ciudad de las Artes y las Ciencias se encuentra l’Oceanogràfic, el acuario más grande de Europa, que hasta el 31 de agosto abre también por las noches.","Articulos del blog/una-ciudad-para-toda-la-familia.txt"
"¿Qué tipo de experiencia ofrece Bioparc en Valencia?","Bioparc ofrece una experiencia de zoológico diferente, difuminando las barreras entre la fauna africana y el visitante, permitiendo ver a los animales muy de cerca en su hábitat.","Bioparc se ubica en el Parque de Cabecera del Viejo Cauce del Río y representa un concepto de zoológico como nunca antes has visto. Con más de 150 especies animales de distintas zonas del continente africano, difumina las barreras entre la fauna y el visitante, de manera que los más pequeños podrán ver muy de cerca y en su hábitat a los habitantes de este trozo de África en Valencia.","Articulos del blog/una-ciudad-para-toda-la-familia.txt"
"¿Qué actividades divertidas se pueden realizar en Valencia con niños aparte de visitar el Oceanogràfic y Bioparc?","Además del Oceanogràfic y Bioparc, se puede visitar el Museo de los Soldaditos de Plomo, el Museo de las Ciencias, dar un paseo en tándem por los Jardines del Turia o disfrutar del Parque Gulliver.","Otras opciones muy divertidas son el Museo de los Soldaditos de Plomo en la Calle Caballeros, el Museo de las Ciencias, un paseo en tándem por los Jardines del Turia o disfrutar de las últimas horas de la tarde en el Parque Gulliver también en el antiguo lecho del río. Cualquiera de ellas sorprenderá a toda la familia.","Articulos del blog/una-ciudad-para-toda-la-familia.txt"
"¿Son seguras las playas de Valencia para los niños?","Sí, las zonas de baño de Valencia, como la Malvarrosa, Las Arenas y la Patacona, son seguras y están vigiladas.","De las Arenas ala Patacona, pasando por la Malvarrosa, todas las zonas de baño de València son seguras y están vigiladas.","Articulos del blog/una-ciudad-para-toda-la-familia.txt"
"¿Qué servicios ofrecen las playas de Valencia?","Las playas de Valencia ofrecen una amplia oferta de restauración, como chiringuitos y restaurantes con terraza, y también cuentan con porterías, canastas, redes de voleibol y columpios para jugar.","Tienen también una amplia oferta de restauración, ya sea en forma de chiringuitos sobre la arena o restaurantes con terraza para comer una paella. A la hora de jugar, hay porterías, canastas, redes de voleibol y columpios.","Articulos del blog/una-ciudad-para-toda-la-familia.txt"
"¿Dónde puedo encontrar cines de verano en Valencia?","Hay cine de verano en los barrios, como los Metropol de Campanar; en las terrazas, como la Lumiere en Alboraia; y en la tradicional Filmoteca d’Estiu en los Jardines del Palau de la Música.","También habrá cine de verano en los barrios, como los Metropol de Campanar; en las terrazas, comola Lumiere en Alboraia; y la tradicional Filmoteca d’Estiu en los Jardines del Palau de la Música.","Articulos del blog/una-ciudad-para-toda-la-familia.txt"
"¿Qué tipo de parques acuáticos hay cerca de Valencia?","Cerca de Valencia hay parques acuáticos en Cullera, Benicàssim y Benidorm.","Quienes quieran algo más de adrenalina, pueden viajar a parques acuáticos como los de Cullera, Benicàssim o Benidorm.","Articulos del blog/una-ciudad-para-toda-la-familia.txt"
"¿Qué opciones de cine hay en Valencia además de los cines tradicionales?","Además de los cines tradicionales, se pueden disfrutar proyecciones gratuitas en la arena en varios municipios y cine de verano en barrios y terrazas.","Hasta 17 muncipios (como Sagunt, Puçol, La Pobla… y también València) acogen proyecciones en su arena de forma totalmente gratuita.También habrá cine de verano en los barrios, como los Metropol de Campanar; en las terrazas, comola Lumiere en Alboraia; y la tradicional Filmoteca d’Estiu en los Jardines del Palau de la Música.","Articulos del blog/una-ciudad-para-toda-la-familia.txt"
"¿Qué hace a Valencia la ciudad más saludable del mundo según el estudio?","Según un estudio de Money.co.uk, Valencia es la ciudad más saludable del mundo gracias a su clima, bajos niveles de contaminación, estilo de vida relajado y gastronomía.","Así que vamos directos al grano para contarte cuáles son los secretos (a voces) que hacen de València la ciudad que más cuida de tu salud.","Articulos del blog/valencia-la-ciudad-mas-saludable-del-mundo-para-vivir.txt"
"¿Cuántos días al año se puede disfrutar del sol en Valencia?","En Valencia se puede disfrutar del sol bajo un radiante sol 300 días al año.","Una vida que se refleja en sus parques, en sus terrazas y en sus playas, que se pueden disfrutar bajo un radiante sol 300 días al año.","Articulos del blog/valencia-la-ciudad-mas-saludable-del-mundo-para-vivir.txt"
"¿Qué factores contribuyen a los bajos niveles de contaminación en Valencia?","Los bajos niveles de contaminación en Valencia se deben en gran medida a la brisa marina que purifica el aire y a los 5 millones de metros cuadrados de zonas verdes.","En esto tiene mucho que ver el mar, cuya brisa purifica el aire de la ciudad manteniendo los niveles de contaminación muy por debajo de otras ciudades. Los 5 millones de metros cuadrados de zonas verdes de la ciudad y alrededores también hacen lo suyo.","Articulos del blog/valencia-la-ciudad-mas-saludable-del-mundo-para-vivir.txt"
"¿Qué parques y jardines destacados se pueden encontrar en Valencia?","Entre los parques y jardines de Valencia destacan el Parque de Cabecera, el Parque Central, los Jardines del Real y el Jardín del Turia.","Entre los parques y jardines de València el Parque de Cabecera, el Parque Central, los Jardines del Real o el Jardín del Turia son verdaderos remansos (verdes) de paz donde puedes pararte a descansar rodeado de árboles, flores silvestres, pajarillos revoloteando y alguna que otra ardilla.","Articulos del blog/valencia-la-ciudad-mas-saludable-del-mundo-para-vivir.txt"
"¿Qué centros culturales importantes se encuentran en Valencia?","En Valencia se encuentran centros culturales como el Centre del Carme, la Fundación Bancaja, Bombas Gens, La Filmoteca, el IVAM y la Ciutat de les Arts i les Ciències.","Lugares como el Centre del Carme, la Fundación Bancaja, Bombas Gens, La Filmoteca o el Institut Valencià d’Art Modern (IVAM), entre otros, tienen siempre una agenda repleta a rebosar de buena cultura. No podemos dejarnos en el tintero uno de los mayores centros culturales de toda España que está en València: la Ciutat de les Arts i les Ciències.","Articulos del blog/valencia-la-ciudad-mas-saludable-del-mundo-para-vivir.txt"
"¿Qué productos agrícolas son típicos de la huerta valenciana?","En la huerta valenciana abundan los cultivos de arroz, chufa, naranjos, berenjenas, alcachofas, viñas y olivos.","En l’Horta abundan los cultivos de arroz y de chufa, los campos de naranjos y las plantaciones de berenjenas, alcachofas, viñas y olivos.","Articulos del blog/valencia-la-ciudad-mas-saludable-del-mundo-para-vivir.txt"
"¿Qué plato típico valenciano se originó en L'Albufera?","La paella valenciana se inventó en L'Albufera de Valencia.","En otro de los espacios verdes más importantes del país, en L'Albufera de València, se inventó el plato estrella de nuestra gastronomía y que conoces de sobra.","Articulos del blog/valencia-la-ciudad-mas-saludable-del-mundo-para-vivir.txt"
"¿Cuál es la esperanza de vida promedio en Valencia?","La esperanza de vida en Valencia es de 83,4 años de media.","La esperanza de vida en València está en 83’4 años de media.","Articulos del blog/valencia-la-ciudad-mas-saludable-del-mundo-para-vivir.txt"
"¿Qué premio Michelin recibió Ricard Camarena?","Ricard Camarena recibió la Estrella Verde Michelin en 2020, reconociendo su compromiso con el medioambiente.","Para más inri, en 2020 uno de los chefs valencianos más reconocidos, Ricard Camarena, recibió la Estrella Verde Michelin.","Articulos del blog/valencia-la-ciudad-mas-saludable-del-mundo-para-vivir.txt"
"¿Qué reconocimiento tiene la dieta mediterránea por parte de la UNESCO?","La dieta mediterránea tiene el reconocimiento de la Unesco como Patrimonio Cultural Inmaterial de la Humanidad.","No te olvides que la dieta mediterránea, la nuestra, tiene el reconocimiento de la Unesco como Patrimonio Cultural Inmaterial de la Humanidad, casi nada.","Articulos del blog/valencia-la-ciudad-mas-saludable-del-mundo-para-vivir.txt"
"¿Qué tipo de ambiente nocturno puedo encontrar en Valencia?","Valencia ofrece una gran variedad de opciones para disfrutar de la noche, desde discotecas en la playa hasta pubs tranquilos en la Marina. Puedes encontrar ambientes animados en El Carmen, Ruzafa, Aragón y Cánovas, o disfrutar de la brisa marina en discotecas cerca del mar.","Hay mucha vida nocturna en la ciudad: el Carmen, Ruzafa, Aragón, Cánovas… Además, si vienes en verano tienes una cita con la luna de València en la playa. Hay diversas discotecas cerca del mar para que puedas sentir mejor la brisa de verano y disfrutes de unas noches muy mediterráneas.","Articulos del blog/vive-las-noches-de-verano-la-fiesta-no-para.txt"
"¿Qué discoteca me recomiendan si quiero bailar en un lugar emblemático de Valencia?","L'Umbracle Terraza es una excelente opción, ya que se encuentra en la Ciudad de las Artes y las Ciencias. Tiene un jardín de 4.000 metros cuadrados y ofrece las mejores instalaciones para el ocio nocturno.","Es una de las discotecas que más te impresionará de València, ya que se encuentra en la mismísima Ciudad de las Artes y las Ciencias. Esta terraza tiene un jardín de 4.000 metros cuadrados y las mejores instalaciones para disfrutar del ocio nocturno. ¿Quieres bailar hasta el amanecer en uno de los sitios más emblemáticos de València? ¡En Umbracle puedes!","Articulos del blog/vive-las-noches-de-verano-la-fiesta-no-para.txt"
"¿Qué discoteca en Valencia está abierta desde la mañana hasta la madrugada?","Marina Beach Club está abierto desde las 11:00 de la mañana hasta las 4:00 de la madrugada. Ofrece piscina, restaurante, zona chill out y pista de baile.","Marina Beach Club está abierto desde las 11:00 de la mañana hasta las 4:00 de la madrugada. Piscina, restaurante, zona chill out, pista de baile… Lo tiene todo para que disfrutes de una tarde o noche épica.","Articulos del blog/vive-las-noches-de-verano-la-fiesta-no-para.txt"
"Si prefiero música comercial en lugar de electrónica, ¿qué lugar me recomiendan en Valencia?","High Cube, ubicado frente al edificio de Veles e Vents en la Marina de València, es un pub al aire libre con música comercial y pachangueo. Puedes bailar allí de 23:00 a 3:30 de la mañana.","Si eres más de musiquita comercial y pachangueo que de música electrónica, te recomendamos disfrutar de la fiesta en High Cube. Frente al edificio de Veles e Vents, flotando sobre el mar, se encuentra uno de los pubs al aire libre más exitosos de la Marina de València. Con zonas de chill out o de baile, ¡tú decides! Puedes ir a bailar de 23:00 a 3:30 de la mañana.","Articulos del blog/vive-las-noches-de-verano-la-fiesta-no-para.txt"
"¿Cuál es la discoteca más mítica en la playa de la Malvarrosa en Valencia?","Akuarela Playa es la discoteca más mítica en la playa de la Malvarrosa. Tiene cuatro ambientes distintos: Pop-Rock, Hip Hop, RnB, Funky, electrónica y House internacional, y cierra a las 7:30 de la mañana.","¡La más mítica de todas! En la playa de la Malvarrosa está Akuarela, un indispensable en las noches de verano. Tiene cuatro ambientes distintos: Pop-Rock, Hip Hop, RnB, Funky, electrónica y House internacional. ¿Con cuál te quedas? ¡Elige y baila! En esta discoteca podrás darlo todo hasta que te canses porque cierra a las 7:30 de la mañana.","Articulos del blog/vive-las-noches-de-verano-la-fiesta-no-para.txt"
"¿Qué opciones tengo si busco un ambiente más tranquilo para tomar una copa en Valencia?","En la Marina de València encontrarás pubs con música de fondo como Destino Puerto, Dos Lunas Beach o Vlue. También puedes explorar zonas como Cánovas, El Carmen, Ruzafa, la Alameda o la Avenida de Aragón.","Si prefieres ambientes más tranquilos para disfrutar de la noche valenciana, tienes muchas más opciones. La Marina de València está llena de pubs para disfrutar de una copa con buena música de fondo. Algunos de esos pubs son: Destino Puerto, Dos Lunas Beach o Vlue. Y si no te apetece el plan más playero o las terrazas, hay varias zonas en las que podrás salir de fiesta en València, como: Cánovas, El Carmen, Ruzafa, la Alameda o la Avenida de Aragón.","Articulos del blog/vive-las-noches-de-verano-la-fiesta-no-para.txt"
"¿Dónde está ubicado el Aeropuerto de Valencia?","El Aeropuerto Internacional de Valencia está ubicado a 8 km al oeste de Valencia, entre los términos municipales de Manises y Cuart de Poblet.","Está ubicado a 8 km al oeste de Valencia, entre los términos municipales de Manises y Cuart de Poblet.","Artículos Wikipedia/wiki_Aeropuerto de Valencia_cleaned.txt"
"¿Cómo puedo llegar al centro de Valencia desde el aeropuerto en transporte público?","Puedes llegar al centro de Valencia desde el aeropuerto utilizando las líneas de autobús metropolitano 150 y 106, o las líneas de metro L3 y L5. El metro te dejará en el centro en aproximadamente 25 minutos.","El aeropuerto de Valencia conecta con Valencia a través de dos líneas de autobús metropolitano: la línea 150 y la línea 106. ... Dos líneas de metro, Línea L3 y Línea L5, comunican el Aeropuerto Valencia-Manises con los diferentes puntos de la ciudad de Valencia. ... La duración del trayecto desde el aeropuerto hasta el centro en Metro es de aproximadamente 25 minutos.","Artículos Wikipedia/wiki_Aeropuerto de Valencia_cleaned.txt"
"¿Qué aerolíneas tienen base en el Aeropuerto de Valencia?","Las aerolíneas Air Nostrum (que opera con la franquicia Iberia regional), Vueling y Ryanair tienen base en el Aeropuerto de Valencia.","El Aeropuerto de Valencia alberga la base de la aerolínea regional Air Nostrum (que opera con la franquicia Iberia regional), también tiene base en el aeropuerto Vueling y Ryanair.","Artículos Wikipedia/wiki_Aeropuerto de Valencia_cleaned.txt"
"¿Cuáles son los aeropuertos alternativos al Aeropuerto de Valencia?","Los aeropuertos alternativos al Aeropuerto de Valencia son Alicante, Madrid, Barcelona, Ibiza, Palma de Mallorca y Murcia-San Javier.","Sus aeropuertos alternativos son Alicante, Madrid, Barcelona, Ibiza, Palma de Mallorca y Murcia-San Javier.","Artículos Wikipedia/wiki_Aeropuerto de Valencia_cleaned.txt"
"¿Cuántas terminales tiene el Aeropuerto de Valencia?","El Aeropuerto de Valencia tiene tres terminales: la Terminal Principal (T1), la Nueva Terminal (T2) y la Terminal Regional.","En marzo de 2007 entró en funcionamiento un nuevo edificio terminal para aviación regional, conectado con la Terminal principal (T1). El 31 de julio de 2012 tuvo lugar la inauguración de la Nueva Terminal (T2).","Artículos Wikipedia/wiki_Aeropuerto de Valencia_cleaned.txt"
"¿Qué servicios ofrece el aeropuerto para pasajeros?","El aeropuerto cuenta con quioscos, tiendas libres de impuestos (duty-free), bares y sitios de comida rápida. Además dispone de una sala vip y otros tipos de servicios como cajeros automáticos, teléfonos públicos, internet Wi-Fi, asistencia médica y enfermería, farmacia, ascensores, rampas y baños adaptados para pasajeros minusválidos.","El aeropuerto cuenta con quioscos, tiendas libres de impuestos (duty-free), bares y sitios de comida rápida. Además dispone de una sala vip y otros tipos de servicios como cajeros automáticos, teléfonos públicos, internet Wi-Fi, asistencia médica y enfermería, farmacia, ascensores, rampas y baños adaptados para pasajeros minusválidos.","Artículos Wikipedia/wiki_Aeropuerto de Valencia_cleaned.txt"
"¿Cuál es el horario de servicio del Aeropuerto de Valencia?","El horario de servicio del Aeropuerto de Valencia es de 24 horas, tanto en verano como en invierno.","El horario de servicio según AIP España es de 24 horas tanto en verano como en invierno.","Artículos Wikipedia/wiki_Aeropuerto de Valencia_cleaned.txt"
"¿Qué destinos son los que más pasajeros movilizan desde el aeropuerto de Valencia?","Respecto a los principales destinos del 2013, París encabeza el listado con más de 497 651 pasajeros, aunque Palma de Mallorca (388 277 pasajeros) es el aeropuerto que más pasajeros moviliza. Otros destinos internacionales importantes son Zúrich, Bérgamo-Orio al Serio (situado al noreste de Milán), Londres-Gatwick, Ámsterdam-Schiphol y Roma-Fiumicino. Las ciudades españolas con mayor tráfico de viajeros desde Valencia son Madrid-Barajas, Ibiza (especialmente entre los meses de junio a septiembre), Sevilla y Santiago de Compostela.","Respecto a los principales destinos del 2013, París encabeza el listado con más de 497 651 pasajeros (al sumar los aeropuertos París-Charles de Gaulle, París-Orly y Beauvais-Tillé), aunque Palma de Mallorca (388 277 pasajeros) es el aeropuerto que más pasajeros moviliza. Otros destinos internacionales importantes son Zúrich, Bérgamo-Orio al Serio (situado al noreste de Milán), Londres-Gatwick, Ámsterdam-Schiphol y Roma-Fiumicino. Las ciudades españolas con mayor tráfico de viajeros desde Valencia son Madrid-Barajas, Ibiza (especialmente entre los meses de junio a septiembre), Sevilla y Santiago de Compostela.","Artículos Wikipedia/wiki_Aeropuerto de Valencia_cleaned.txt"
"¿Cuál es el nombre oficial de la estación principal de trenes en Valencia?","La estación principal de ferrocarril de la ciudad española de Valencia es la Estación del Norte (en valenciano Estació del Nord), también conocida como Valencia-Norte o Valencia-Estación del Norte, o históricamente Valencia-Término.","La estación del Norte (en valenciano Estació del Nord), también conocida como Valencia-Norte o Valencia-Estación del Norte, o históricamente Valencia-Término, es la principal estación de ferrocarril de la ciudad española de Valencia.","Artículos Wikipedia/wiki_Estacion del Norte (Valencia)_cleaned.txt"
"¿En qué año fue inaugurada la Estación del Norte?","La Estación del Norte fue inaugurada en 1917.","Es una estación terminal de carácter monumental y estilo modernista valenciano inaugurada en 1917 por la Compañía de los Caminos de Hierro del Norte de España, quien encargó su construcción a uno de los arquitectos de la compañía, Demetrio Ribes.","Artículos Wikipedia/wiki_Estacion del Norte (Valencia)_cleaned.txt"
"¿Quién diseñó la Estación del Norte?","La Estación del Norte fue diseñada por Demetrio Ribes, arquitecto de la Compañía de los Caminos de Hierro del Norte de España.","Es una estación terminal de carácter monumental y estilo modernista valenciano inaugurada en 1917 por la Compañía de los Caminos de Hierro del Norte de España, quien encargó su construcción a uno de los arquitectos de la compañía, Demetrio Ribes.","Artículos Wikipedia/wiki_Estacion del Norte (Valencia)_cleaned.txt"
"¿Cómo puedo llegar a la Estación del Norte en transporte público?","La Estación del Norte dispone de conexiones con las líneas 3, 5, 7, 9 y 10 del metro de la ciudad y con la red de autobuses urbanos.","Dispone de conexiones con las líneas 3, 5, 7, 9 y 10 del metro de la ciudad y con la red de autobuses urbanos.","Artículos Wikipedia/wiki_Estacion del Norte (Valencia)_cleaned.txt"
"¿Qué estilo arquitectónico tiene la Estación del Norte?","La Estación del Norte tiene un estilo modernista valenciano.","Es una estación terminal de carácter monumental y estilo modernista valenciano inaugurada en 1917 por la Compañía de los Caminos de Hierro del Norte de España, quien encargó su construcción a uno de los arquitectos de la compañía, Demetrio Ribes.","Artículos Wikipedia/wiki_Estacion del Norte (Valencia)_cleaned.txt"
"¿Qué tipo de trenes operan desde la Estación del Norte?","Valencia-Norte es el terminal de las líneas C-1, C-2, C-3, C-5 y C-6 de Cercanías. Además, dispone de conexiones de larga distancia que la unen principalmente con Barcelona, Tarragona, Sevilla, Murcia, Cartagena y Lorca. Dichos trayectos se cubren principalmente con trenes Talgo.","Valencia-Norte es el terminal de las líneas C-1, C-2, C-3, C-5 y C-6. [...] La estación del Norte dispone de conexiones de larga distancia que la unen principalmente con Barcelona, Tarragona, Sevilla, Murcia, Cartagena y Lorca. Dichos trayectos se cubren principalmente con trenes Talgo.","Artículos Wikipedia/wiki_Estacion del Norte (Valencia)_cleaned.txt"
"¿Dónde está ubicada la Estación del Norte?","La Estación del Norte está situada en el centro de la ciudad junto a la plaza de toros y a apenas 200 m del ayuntamiento.","La estación del Norte está situada en el centro de la ciudad junto a la plaza de toros y a apenas 200 m del ayuntamiento.","Artículos Wikipedia/wiki_Estacion del Norte (Valencia)_cleaned.txt"
"¿Qué puedo encontrar dentro de la Estación del Norte?","En la planta baja de la estación, destinada al público, se puede encontrar venta de billetes, puntos de información, máquinas de autoventa, aseos, consignas, tiendas de regalos, cafeterías y restaurantes, cajeros, quiosco de prensa, puestos de lotería y una parafarmacia.","La planta baja de la estación del Norte está exclusivamente destinada al público, mientras que el entresuelo y primer piso se destinan a oficinas. Cuenta con venta de billetes, puntos de información, máquinas de autoventa, aseos y consignas. Dispone también de locales comerciales que incluyen tiendas de regalos, cafeterías y restaurantes, cajeros, quiosco de prensa, puestos de lotería y una parafarmacia.","Artículos Wikipedia/wiki_Estacion del Norte (Valencia)_cleaned.txt"
"¿Cómo se reconoce la fachada de la estación del Norte?","La fachada de la estación del Norte, con motivos vegetales, naranjas y flores de azahar, se inspira en la agricultura valenciana e incluye, entre otras referencias a la ciudad, las cuatro barras rojas sobre fondo oro del escudo heráldico valenciano. Destaca la repetición constante del escudo de la ciudad como remate de las marquesinas, así como elementos emblemáticos alusivos a la Compañía de los Caminos de Hierro del Norte de España como la estrella de cinco puntas y el águila, símbolo de la velocidad, que remata el cuerpo central del edificio.","La fachada de la estación del Norte, con motivos vegetales, naranjas y flores de azahar, se inspira en la agricultura valenciana e incluye, entre otras referencias a la ciudad, las cuatro barras rojas sobre fondo oro del escudo heráldico valenciano. Destaca la repetición constante del escudo de la ciudad como remate de las marquesinas, así como elementos emblemáticos alusivos a la Compañía de los Caminos de Hierro del Norte de España como la estrella de cinco puntas y el águila, símbolo de la velocidad, que remata el cuerpo central del edificio.","Artículos Wikipedia/wiki_Estacion del Norte (Valencia)_cleaned.txt"
"¿Qué hace de Valencia un destino perfecto para parejas?","Valencia ofrece un clima suave todo el año, exquisita gastronomía, hoteles y restaurantes con encanto, largas playas de arena, barrios bohemios, arquitectura de contrastes, más de 30 museos, parajes idílicos como La Albufera y locales con buen ambiente para bailar.","València, lejos todavía de la saturación que hay en las grandes capitales, es el destino perfecto. Tenéis de vuestro lado el clima, suave todo el año; su exquisita gastronomía y diversos hoteles y restaurantes con encanto donde disfrutarla; y una luz única que contagia alegría. Pero, además València tiene largas playas de arena, barrios bohemios en los que todavía se percibe la vida local, una espectacular arquitectura de contrastes y más de 30 museos, parajes idílicos como La Albufera y locales con el mejor ambiente en los que bailar hasta el amanecer.","Guias turisticas/004ES-escapada-para-dos-en-valencia.txt"
"¿Qué hoteles céntricos recomiendan para una escapada en pareja?","En la zona centro, se recomiendan el Vincci Palace, el SH Inglés Boutique, el Hotel Caro, el Hotel Dimar, el One Shot Reina Victoria o el NH Collection Valencia Colón.","En la zona centro el Vincci Palace, el SH Inglés Boutique, el Hotel Caro, el Hotel Dimar, el One Shot Reina Victoria o el NH Collection Valencia Colón son perfectos para una escapada en pareja y estaréis a un paso de todo.","Guias turisticas/004ES-escapada-para-dos-en-valencia.txt"
"¿Dónde puedo disfrutar de un masaje relajante en pareja en Valencia?","Puedes disfrutar de un masaje relajante en pareja en el Hospes Palau de la Mar, el Hotel Balneario Las Arenas, el SH Valencia Palace, el Westin Valencia o el Hotel Barceló València.","Podéis hacerlo en el Hospes Palau de la Mar, éste también en el centro; frente al mar en el Hotel Balneario Las Arenas; en el SH Valencia Palace; o en el majestuoso Westin Valencia, todos ellos con la garantía que ofrecen los 5 estrellas. Asimismo, el Hotel Barceló València también cuenta con estos tratamientos, además con unas privilegiadas vistas a la Ciutat de les Arts i les Ciències.","Guias turisticas/004ES-escapada-para-dos-en-valencia.txt"
"¿Qué miradores puedo visitar en Valencia para disfrutar de vistas panorámicas?","Puedes visitar el Miguelete, Veles e Vents, las Torres de Serranos, la terraza 270 Grados del Hotel Barceló, el Mirador del Ateneo, Àtic y el Restaurante Vertical.","El Miguelete: Con más de 50 metros de altura y 207 escalones, la emblemática torre campanario de la Catedral muestra una de las mejores vistas de la ciudad y las huellas que dejaron en su urbanismo las antiguas murallas.
Veles e Vents: Un multiespacio gastronómico con maravillosas vistas al mar Mediterráneo y la Marina de València.
Torres de Serranos: Es otra de las construcciones más representativas e icónicas de València.
Hotel Barceló: Desde su terraza 270 Grados encontraréis una excelente panorámica de la Ciutat de les Arts i les Ciències y el Jardín del Turia.
Mirador del Ateneo: Situado en la plaza del Ayuntamiento, se ha convertido en uno de los sitios favoritos para los valencianos.
Àtic: Esta terraza ubicada en la Alameda es genial para disfrutar de una increíble oferta gastronómica.
Restaurante Vertical: Situado en el centro comercial Aqua, ofrece una exquisita oferta gastronómica y unas increíbles vistas panorámicas a la Ciutat de les Arts i les Ciències y el mar desde su terraza.","Guias turisticas/004ES-escapada-para-dos-en-valencia.txt"
"¿Qué puedo ver en el casco antiguo de Valencia?","En el casco antiguo puedes visitar las Torres de Serranos, el Museo de l’Almoina, la Plaza de la Virgen, la Catedral (que alberga el Santo Cáliz), la Plaza de la Reina, la Iglesia de Santa Catalina, la Plaza Redonda, La Lonja de la Seda y el Mercado Central.","Encontraréis un casco antiguo lleno de rincones con encanto y soleadas plazas en las que reverbera su alma mediterránea. Un buen punto para iniciar el recorrido son las Torres de Serranos, que comenzaron a construirse en 1392 y se emplearon como punto de control mientras la ciudad estuvo amurallada.
Desde aquí, a tan solo cinco minutos caminando, está el Museo de l’Almoina, en el que puede contemplarse el lugar a partir del cual los romanos trazaron la futura Valentia imperial, además de la sede episcopal visigoda o el alcázar islámico.
Muy próxima se encuentra la Plaza de la Virgen, donde, a los pies de la Puerta de los Apóstoles de la Catedral, se celebra cada jueves, a las 12h, el Tribunal de las Aguas, que controla el buen uso del agua para el riego y es Patrimonio Inmaterial de la Humanidad.
Llegados a este punto, preparaos para descubrir uno de los grandes misterios de la humanidad: son los muros de la Catedral de València los que albergan el Santo Cáliz.
El itinerario prosigue por la Plaza de la Reina, en torno a la cual se encuentran algunas de las mejores horchaterías de la ciudad, como Bertal, por si queréis hacer un alto en el camino. Desde aquí, a tan solo un paso encontraréis la Iglesia de Santa Catalina y la Plaza Redonda, una curiosa construcción, rehabilitada hace unos años, con comercios de artesanía tradicional.
Otro de los puntos fuertes del recorrido, al que también se accede rápidamente andando desde la Plaza Redonda es La Lonja de la Seda.
Y frente a La Lonja de la Seda el Mercado Central, una gigantesca despensa de arquitectura modernista, que contiene todos los productos frescos de la huerta y el sabor y olor del Mediterráneo en su interior.","Guias turisticas/004ES-escapada-para-dos-en-valencia.txt"
"¿Qué actividades acuáticas puedo realizar en la playa de la Malvarrosa?","Puedes alquilar un barco con o sin patrón, relajarte viendo una puesta de sol en un paseo en catamarán, alquilar una moto de agua o apuntarte a algún curso de windsurf, paddle surf, surf o kitesurf.","Podréis alquilar un barco con o sin patrón, relajaros viendo una puesta de sol en un paseo en catamarán, alquilar una moto de agua o apuntaros a algún curso de windsurf, paddle surf, surf o kitesurf.","Guias turisticas/004ES-escapada-para-dos-en-valencia.txt"
"¿Qué es el Jardín del Turia?","El Jardín del Turia es el antiguo cauce del Río Turia, transformado en un jardín de 9 kilómetros que une el Parque de Cabecera con la Ciutat de les Arts i les Ciències.","El antiguo cauce del Río Turia es hoy un frondoso jardín de 9 kilómetros que une el Parque de Cabecera con la Ciutat de les Arts i les Ciències. Recorrerlo en bici es un planazo y, además, descubriréis fantásticos museos y monumentos a vuestro paso y a ambos márgenes.","Guias turisticas/004ES-escapada-para-dos-en-valencia.txt"
"¿Dónde puedo comer una auténtica paella valenciana?","Puedes comer una auténtica paella valenciana en el Parque Natural de La Albufera (Restaurante Nou Racó, Casa Quiquet o El Palmar), en la zona de la playa de la Malvarrosa (La Pepica, El Coso, Casa Carmela, Casa Isabel, Destino Puerto o Tridente) o en el centro de la ciudad (Borja Azcutia, Goya Gallery, Palace Fesol o La Cigrona).","En el Parque Natural de La Albufera, donde se cocinó por primera vez, hay unos cuantos, como el Restaurante Nou Racó, Casa Quiquet o El Palmar. Por su parte, en la zona de la playa de la Malvarrosa numerosas terrazas se extienden frente al mar, como La Pepica, El Coso, Casa Carmela, Casa Isabel, Destino Puerto o Tridente. Y para los urbanitas, en el centro también hay lugares en los que recrearse frente a un buen plato de paella: Borja Azcutia, Goya Gallery, Palace Fesol o La Cigrona son algunos de los más afamados.","Guias turisticas/004ES-escapada-para-dos-en-valencia.txt"
"¿Qué museos puedo visitar en Valencia?","Puedes visitar el Museo de Bellas Artes, el IVAM, el MUVIM, el Centre del Carme, el Museo Nacional de Cerámica, el Museo Fallero, el Museo l’Iber (de soldaditos de plomo), el museo dedicado a Conchita Piquer y el Museu de les Ciències.","Desde la segunda mayor pinacoteca de España en el Museo de Bellas Artes, hasta el arte moderno y contemporáneo en el IVAM, MUVIM y Centre del Carme, pasando por el Museo Nacional de Cerámica, el Museo Fallero o el centro de arte Bombas Gens. Tenemos hasta un museo de soldaditos de plomo (Museo l’Iber), uno dedicado a la cantante Conchita Piquer y otro cuyo lema es “prohibido no tocar”, el Museu de les Ciències.","Guias turisticas/004ES-escapada-para-dos-en-valencia.txt"
"¿Qué puedo hacer en el Parque Natural de La Albufera?","Puedes dar un paseo en barca al atardecer, observar aves como la garza real o el pato colorado, ver las barracas típicas valencianas, observar a los pescadores faenar y degustar una paella valenciana en El Palmar.","Pocas cosas hay más especiales que dar un paseo en barca al atardecer por El Parque Natural de La Albufera, cuando los tonos rojizos y dorados de la puesta de sol crean un ambiente mágico...El Parque Natural de La Albufera abarca 21.000 hectáreas y anidan diversas especies como la garza real o el pato colorado. También forman parte del paisaje fijo algunas barracas, construcción típica valenciana, y el faenar de los pescadores de la zona...La Albufera es uno de los mejores lugares para desconectar en pareja, a bordo de un albuferenc o degustando en el Palmar una tradicional paella valenciana, receta que también tiene su origen alrededor de estas aguas.","Guias turisticas/004ES-escapada-para-dos-en-valencia.txt"
"¿Qué tipo de actividades puedo realizar en Valencia con niños?","En Valencia, puedes atravesar la sabana africana en Bioparc, explorar ecosistemas marinos en el Oceanogràfic, trepar sobre una figura gigante en el Parque Gulliver, visitar palacios y fortalezas, y disfrutar de muchas otras actividades diseñadas para familias.","Si te dijeran que en una misma ciudad puedes atravesar la sabana africana, contemplar más de 500 especies de los principales ecosistemas marinos, trepar cual habitante de Liliput sobre un Gulliver de 70 metros o convertirte en caballero o princesa y descubrir auténticos palacios y fortalezas, pensarías que te hablan de un juego de niños, ¿no? Precisamente de eso se trata. Visitar València en familia es una experiencia muy recomendable, que sorprenderá a tus hijos, pero también a ti, porque hay mil lugares donde disfrutar en familia, ¡síguenos!","Guias turisticas/004ES-todo-lo-que-puedes-hacer-con-ninos-en-valencia.txt"
"¿Dónde puedo encontrar un gran parque urbano en Valencia para disfrutar con mis hijos?","El Jardín del Turia es uno de los parques naturales urbanos más grandes de España, con más de nueve kilómetros de longitud, ideal para actividades lúdicas y deportivas con niños.","El Jardín del Turia es uno de los parques naturales urbanos más grandes de España, un espacio verde de más de nueve kilómetros transitables que atraviesa la ciudad con zonas lúdicas y deportivas. ¡El mejor espacio para divertirte con los pequeños de la casa!","Guias turisticas/004ES-todo-lo-que-puedes-hacer-con-ninos-en-valencia.txt"
"¿Qué puedo ver en la Ciutat de les Arts i les Ciències?","En la Ciutat de les Arts i les Ciències puedes visitar el Palau de les Arts (un coliseo con espectáculos y actividades didácticas para niños), el Hemisfèric (cine IMAX), el Museu de les Ciències (dedicado a la ciencia y la tecnología), el Oceanogràfic (un acuario gigante), l’Umbracle (un mirador ajardinado) y el CaixaFòrum València (con programación para niños).","Diseñada por Santiago Calatrava y Félix Candela, la Ciutat de les Arts i les Ciències está formada por el Palau de les Arts, un coliseo con programación musical, que incluye espectáculos e interesantísimas actividades didácticas para los niños a precios irresistibles. 

El Hemisfèric, o cine IMAX; el Museu de les Ciències, dedicado a la ciencia y la tecnología; el Oceanogràfic, un inmenso acuario con los ecosistemas de los principales mares y océanos del mundo; l’Umbracle, un original mirador ajardinado; y el CaixaFòrum València, con una amplia programación para los más pequeños de la casa.","Guias turisticas/004ES-todo-lo-que-puedes-hacer-con-ninos-en-valencia.txt"
"¿Cuánto tiempo necesito para visitar el Oceanogràfic?","Se recomienda dedicar aproximadamente tres horas para ver los diferentes túneles, zonas exteriores y el espectáculo de delfines en el Oceanogràfic.","Si os decantáis por el Oceanogràfic necesitaréis aproximadamente tres horas para poder ver los diferentes túneles, zonas exteriores y el espectáculo de delfines.","Guias turisticas/004ES-todo-lo-que-puedes-hacer-con-ninos-en-valencia.txt"
"¿Qué es el Parque Gulliver y dónde está ubicado?","El Parque Gulliver es un parque temático ubicado en los Jardines del Turia, donde los niños pueden trepar y deslizarse por una figura gigante de Gulliver de 70 metros, como si fueran liliputienses.","Parque Gulliver: Como en la novela de Jonathan Swift, el capitán Gulliver ha quedado atrapado, pero esta vez en los Jardines del Turia, creando un inmenso parque de toboganes y rampas en el que los niños, como si de liliputienses se tratara, pueden trepar y deslizarse por los dedos, los pliegues de la ropa, el pelo o las piernas de esta gigante figura de 70 metros.","Guias turisticas/004ES-todo-lo-que-puedes-hacer-con-ninos-en-valencia.txt"
"¿Qué tipo de animales puedo ver en Bioparc Valencia?","En Bioparc Valencia, puedes ver animales de la sabana africana y Madagascar, como elefantes, hipopótamos, gorilas y lémures.","Otro de los lugares en los que más disfrutan los pequeños en València es Bioparc, un parque que recrea la sabana africana y Madagascar, sin barreras perceptibles a los ojos humanos y con numerosos ejemplares de las especies de estas zonas. Podréis ser testigos de cómo se bañan los elefantes o hipopótamos, contemplar la tranquilidad de los gorilas o los saltos de los pequeños lémures… ¡os sorprenderá!","Guias turisticas/004ES-todo-lo-que-puedes-hacer-con-ninos-en-valencia.txt"
"¿Dónde puedo comer paella con niños en Valencia?","Se recomienda probar la paella en la Albufera, un Parque Natural a 10 km de la ciudad, donde se originó este plato típico. Allí, además de disfrutar de la comida, se puede dar un paseo en barca y observar aves.","¿Y qué lugar mejor para un arroz en familia que ese donde se originó el plato? A tan solo 10 km de la ciudad se encuentra la Albufera, un Parque Natural que os sorprenderá. Naturaleza en estado puro. Es un oasis urbano de arrozales y bosque con un lago en el que podréis hacer una divertida salida en albuferenc, las barcas típicas de la zona. Pero es que, además, La Albufera es el origen de la auténtica paella valenciana.","Guias turisticas/004ES-todo-lo-que-puedes-hacer-con-ninos-en-valencia.txt"
"¿Qué puedo hacer en la Marina de Valencia con niños?","En la Marina de Valencia, puedes realizar excursiones en barco, practicar deportes náuticos como alquiler de motos de agua y canoas, y disfrutar de una comida en uno de los restaurantes con terraza y vistas al mar. También hay un parque infantil gigante con pista de patinaje y tirolina.","Si te decimos que en València hay un espacio junto al mar de un millón de metros cuadrados de diversión, ¿cómo te quedas? Es la Marina de València y vamos a convencerte para que te reserves al menos medio día para ir allí con tus hijos. Puedes empezar con una excursión en barco, que puede ser cortita, elegir la hora de la puesta de sol, aprovechar para probar las típicas clóchinas valencianas o con buen tiempo, ir hasta alta mar para daros un chapuzón. 

Podéis además disfrutar en familia de alguna de las actividades náuticas que se pueden practicar en La Marina: alquiler de motos de agua y canoas, kite surf, wind surf y un largo etcétera para que elijáis la que más os acople. 

De camino a la playa encontraréis un parque infantil gigante, separado por edades y ¡con pista de patinaje y tirolina incluidas!","Guias turisticas/004ES-todo-lo-que-puedes-hacer-con-ninos-en-valencia.txt"
"¿Dónde puedo probar la horchata en Valencia?","Se recomienda probar la horchata en horchaterías tradicionales como Daniel en el Mercado de Colón, Santa Catalina junto a la plaza de la Reina, o Fabián en la Calle Císcar. También se puede encontrar en Helados Bertal.","Para probar este tentempié, lo mejor es decantarse por una horchatería tradicional, aunque también encontraréis carritos en los lugares más turísticos. Daniel en el Mercado de Colón, un espacio muy recomendable para ir con niños; Santa Catalina, junto a la plaza de la Reina; o Fabián en la Calle Císcar son buenas opciones. Otra alternativa es la de Helados Bertal, que tiene establecimientos en la Plaza de la Reina, la Calle Colón o San Vicente.","Guias turisticas/004ES-todo-lo-que-puedes-hacer-con-ninos-en-valencia.txt"
"¿Dónde puedo ver el Santo Grial en Valencia?","El Santo Grial se encuentra en el interior de la Catedral de Valencia.","Ya que estáis por el centro, aprovechad para ver el interior de la Catedral, en la que se esconde el Santo Grial, ese que tanto buscó Indiana Jones.","Guias turisticas/004ES-todo-lo-que-puedes-hacer-con-ninos-en-valencia.txt"
"¿Hay visitas guiadas para niños en el centro histórico de Valencia?","Sí, hay empresas que organizan rutas especiales para niños en el centro histórico de Valencia, donde les contarán la leyenda del murciélago y los guiarán a través de la historia de la ciudad.","Un buen modo de empezar es conociendo algo de historia y la parte más monumental de la ciudad, el centro histórico, con una visita guiada. Hay empresas que organizan rutas especiales para los más pequeños. En ellas, por ejemplo, os contarán la leyenda del murciélago que hoy es símbolo de la ciudad; y entre juegos y actividades os guiarán a través de los secretos y aventuras que forjaron la historia de València, conociendo monumentos y plazas emblemáticas como la Estación del Norte, la Plaza de Ayuntamiento o la Plaza de la Reina.","Guias turisticas/004ES-todo-lo-que-puedes-hacer-con-ninos-en-valencia.txt"
"¿Cuál es la mejor manera de moverse por Valencia para un turista?","La mejor manera de moverse por Valencia es adquirir la València Tourist Card, que ofrece desplazamientos ilimitados en transporte público para llegar a todos los rincones de la ciudad.","Para moverte, lo más útil es adquirir la València Tourist Card, con la que tendrás desplazamientos ilimitados en transporte público para llegar a todos los rincones de la ciudad.","Guias turisticas/004ES-valencia-tres-dias.txt"
"¿Qué lugares del centro histórico de Valencia son Patrimonio de la Humanidad por la UNESCO?","Tanto La Lonja como el Tribunal de las Aguas, que se reúne cada jueves en la Puerta de los Apóstoles de la Catedral, forman parte del prestigioso listado de Patrimonio de la Humanidad de la UNESCO.","Tanto La Lonja como el Tribunal de las Aguas, que se reúne cada jueves en la Puerta de los Apóstoles de la Catedral, forman parte del prestigioso listado de Patrimonio de la Humanidad de la UNESCO.","Guias turisticas/004ES-valencia-tres-dias.txt"
"¿Qué puedo comprar en Valencia?","Puedes hacer tus compras en las calles de Colón, Poeta Querol, Don Juan de Austria, Jorge Juan, Cirilo Amorós y La Paz, que son las zonas de shopping por excelencia.","Las calles de Colón, Poeta Querol, Don Juan de Austria, Jorge Juan, Cirilo Amorós y La Paz son las zonas de shopping por excelencia.","Guias turisticas/004ES-valencia-tres-dias.txt"
"¿Dónde puedo comer paella con vistas al mar en Valencia?","Se recomienda probar la paella en los restaurantes de la playa, que ofrecen panorámicas vistas al Mediterráneo.","Por eso, te recomendamos los restaurantes de la playa, con panorámicas vistas al Mediterráneo.","Guias turisticas/004ES-valencia-tres-dias.txt"
"¿Qué puedo ver en la Ciutat de les Arts i les Ciències?","En la Ciutat de les Arts i les Ciències puedes ver la arquitectura de vanguardia, el interior del Museu de les Ciències y las películas IMAX 3D de l´Hemisfèric. También puedes realizar visitas guiadas al Palau de les Arts.","Por la tarde, viaja al futuro y no te pierdas la arquitectura de vanguardia de la Ciutat de les Arts i les Ciències, el interior del Museu de les Ciències y las mejores películas IMAX 3D de l´Hemisfèric. No te dejes el Palau de les Arts, hay visitas guiadas para conocer el coliseo por dentro, obra del arquitecto Santiago Calatrava.","Guias turisticas/004ES-valencia-tres-dias.txt"
"¿Qué puedo hacer en el Parque Natural de L'Albufera?","En el Parque Natural de L'Albufera puedes hacer senderismo, avistamiento de aves o dar un tranquilo paseo en barca.","Es el lugar perfecto para hacer senderismo, avistamiento de aves o dar un tranquilo paseo en barca.","Guias turisticas/004ES-valencia-tres-dias.txt"
"¿Cómo llegar a l'Albufera en transporte público?","Se puede llegar a l'Albufera en las líneas 24 y 25 de los autobuses urbanos de la EMT desde el centro de València.","Podrás llegar a l'Albufera en las líneas 24 y 25 de los autobuses urbanos de la EMT.","Guias turisticas/004ES-valencia-tres-dias.txt"
"¿Qué platos típicos puedo probar en El Palmar?","En El Palmar puedes probar el all-i-pebre, la llisa adobada o los arroces melosos o secos.","Prueba el all-i-pebre, la llisa adobada o los arroces melosos o secos y siente una nueva forma de entender la comida: comprendiendo también su origen.","Guias turisticas/004ES-valencia-tres-dias.txt"
"¿Dónde puedo ver una puesta de sol impresionante en Valencia?","En l'Albufera puedes contemplar una de las puestas de sol más impresionantes.","En l'Albufera puedes contemplar una de las puestas de sol más impresionantes.","Guias turisticas/004ES-valencia-tres-dias.txt"
"¿Qué playas urbanas puedo visitar en Valencia?","Puedes visitar las playas urbanas del Cabañal, la Malvarrosa o la Patacona.","Por la mañana, acércate a las playas urbanas del Cabañal, la Malvarrosa o la Patacona; descubre el gran ambiente de la Marina de València y come una auténtica paella frente al mar.","Guias turisticas/004ES-valencia-tres-dias.txt"
"¿Qué tipo de actividades náuticas puedo hacer en la Marina de Valencia?","Puedes iniciarte en deportes náuticos como paddle surf, fly board o motos acuáticas en las tranquilas aguas de la Marina de València.","Si te animas, iníciate en los deportes náuticos en las tranquilas aguas de la Marina de València. Un bautismo de paddle surf, fly board, motos acuáticas...","Guias turisticas/004ES-valencia-tres-dias.txt"
"¿Cuánto tiempo necesito para visitar el Oceanogràfic y la Ciutat de les Arts i les Ciències?","La visita al Oceanogràfic y la Ciutat de les Arts i les Ciències dura alrededor de cinco horas.","Te recomendamos que planifiques bien el tiempo ya que la visita al Oceanogràfic y la Ciutat de les Arts i les Ciències, dura alrededor de cinco horas.","Guias turisticas/004ES-valencia-tres-dias.txt"
"¿Qué tipo de actividades puedo disfrutar en Valencia con amigos?","Valencia ofrece una amplia gama de actividades para disfrutar con amigos, incluyendo historia, deporte, arte, fiesta y naturaleza.","Y es que, desde su rica gastronomía hasta los edificios emblemáticos que exhibe, esta ciudad mediterránea ofrece numerosas posibilidades para disfrutar del ocio entre amigos: historia, deporte, arte, fiesta, naturaleza...","Guias turisticas/004ES-valencia-y-amigos.txt"
"¿Qué caracteriza al barrio del Carmen en Valencia?","El barrio del Carmen se caracteriza por sus callejuelas laberínticas, multitud de locales, casas antiguas con arte urbano, ambiente festivo y una animada vida nocturna.","Con callejuelas laberínticas, multitud de locales y casas antiguas coloreadas con el arte urbano más actual, este lugar brilla con una personalidad única. [...] Además, si lo que buscáis es un ambiente festivo, repleto de estudiantes y con mucha, mucha vidilla, ¡El barrio del Carmen es vuestro barrio! Y es que este lugar se transforma pasada la medianoche, hasta el punto de convertirse en uno de los puntos con mayor ocio nocturno.","Guias turisticas/004ES-valencia-y-amigos.txt"
"¿Qué se puede hacer en el barrio del Cabañal?","En el Cabañal, se puede disfrutar de la brisa del Mediterráneo, visitar las clásicas viviendas con azulejos de colores, explorar su oferta gastronómica y cultural, y recorrerlo en bicicleta para admirar su arquitectura y la fachada marítima.","En la actualidad, además de sus clásicas viviendas con azulejos de colores, que transmiten la alegría y originalidad del modernismo popular, el Cabañal ofrece una gran cantidad de posibilidades gastronómicas, culturales y otras actividades para los visitantes. [...] Es muy recomendable recorrerlo en bici para descubrir su peculiar y colorida arquitectura y toda la fachada marítima.","Guias turisticas/004ES-valencia-y-amigos.txt"
"¿Qué tipo de ambiente puedo encontrar en Ruzafa?","Ruzafa es un barrio bohemio con un ambiente agradable y alternativo, ideal para disfrutar de galerías de arte, terrazas, tiendas de ropa original, cervecerías artesanas, restaurantes, pubs y cafés-librería.","Ruzafa es uno de los lugares más característicos de la ciudad de València, un barrio bohemio en el que se respira el buen rollo de gente joven de todas las partes del mundo, que se concentran en este punto para disfrutar de una oferta cultural tan variada como interesante. [...] Así que, si por la noche andáis buscando pasarlo bien en un ambiente agradable y alternativo, no podéis iros de València sin pisar su queridísimo barrio de Ruzafa: galerías de arte, terrazas, tiendas de ropa original, cervecerías artesanas, restaurantes, pubs, cafés-librería…","Guias turisticas/004ES-valencia-y-amigos.txt"
"¿Dónde puedo ver arte urbano en Valencia?","El barrio del Carmen es uno de los puntos favoritos para los artistas urbanos, aunque también se puede encontrar arte urbano en otros barrios como Ruzafa y el Cabañal. Se pueden realizar visitas guiadas para apreciar el street art.","El barrio del Carmen es uno de los puntos favoritos para artistas como Blu, Julieta, Deih, Lool o Hyuro, aunque estos murales van más allá de la Ciutat Vella, salpicando otros barrios como Ruzafa o el Cabañal. [...] Incluso se ha convertido en uno de los mayores reclamos turísticos de la zona, puesto que ya es posible realizar visitas guiadas, cada vez más demandadas por los visitantes.","Guias turisticas/004ES-valencia-y-amigos.txt"
"¿Qué es la Albufera y qué actividades puedo realizar allí?","La Albufera es un humedal costero de gran valor cultural y medioambiental, ideal para paseos en barca, rutas en bicicleta y degustar la paella valenciana en restaurantes de la zona.","Así, desde el corazón de la urbe podéis dirigiros hasta el lado más natural de València, comenzando por l’Albufera, el humedal costero más representativo de la comunidad autónoma. [...] Por ejemplo, podéis dar un paseo en barca a lo largo del lago contratando una de las visitas guiadas, así como realizar una ruta en bicicleta, también guiada, a través de los diferentes ecosistemas del parque natural. [...] Qué mejor para recobrar energías que disfrutar de una auténtica paella valenciana, un arroz caldoso o la opción gastronómica que más os tiente en uno de los restaurantes de la zona de la Albufera...","Guias turisticas/004ES-valencia-y-amigos.txt"
"¿Qué puedo hacer en Valencia si me gustan los animales?","Puedes visitar Bioparc, un espacio que recrea los hábitats salvajes del planeta, y el Oceanogràfic, uno de los mayores acuarios de Europa, donde podrás observar cerca de 500 especies de todo el mundo.","Si continuáis buscando los lugares más verdes de València, no podéis perderos Bioparc, visita imprescindible para los amantes de los animales. [...] En vuestra visita también podréis sumergiros en los distintos océanos del planeta. El Oceanogràfic es una de las principales construcciones de la Ciutat de les Arts i les Ciències, y uno de los mayores acuarios de Europa.","Guias turisticas/004ES-valencia-y-amigos.txt"
"¿Cuáles son las playas más populares de Valencia?","La Malvarrosa es la playa más reconocida, seguida de El Cabañal (Las Arenas) y La Patacona. El Saler es una buena opción si buscas tranquilidad.","La Malvarrosa es, sin duda, la más reconocida, y se encuentra al norte del puerto. [...] También cuenta con todos estos servicios la playa de El Cabañal, conocida como las Arenas. [...] Y cómo no mencionar la maravillosa playa de La Patacona, también repleta de servicios y accesible en transporte público. [...] Un buen ejemplo es la playa de El Saler, situada junto al Parque Natural de l’Albufera y rodeada de dunas de arena fina y dorada.","Guias turisticas/004ES-valencia-y-amigos.txt"
"¿Dónde puedo comprar recuerdos y productos típicos en Valencia?","Puedes encontrar artesanía en mercadillos y mercados tradicionales, figuras de porcelana en Lladró, y productos gastronómicos como embutidos, quesos, horchata y arroz en los mercados de la ciudad.","Así, encontrarás multitud de souvenirs como joyas artesanas, sombreros, abanicos tradicionales o adornos para tu hogar o el de tus seres queridos en los mercadillos artesanales o en los mercados tradicionales de la ciudad. [...] En cuanto a la gastronomía, os recomendamos dejar un buen hueco en la maleta para llenarlo de embutidos, quesos, olivas, cava y vinos valencianos, sin olvidar la horchata, el agua de València o la mistela, fantásticos regalos para quien no haya estado en la ciudad...","Guias turisticas/004ES-valencia-y-amigos.txt"
"¿Cuáles son las zonas comerciales más importantes de Valencia?","La calle Colón y sus calles perpendiculares son la principal zona comercial. Para tiendas de lujo, la Milla de Oro en la calle Poeta Querol. Para productos originales, las tiendas del Carmen y Ruzafa.","Colón y sus calles perpendiculares son, sin duda, el lugar de compras por excelencia. [...] Si buscáis una zona más distinguida podéis desplazaros hasta la Milla de Oro de la ciudad, con la calle Poeta Querol como arteria principal. [...] Y, para encontrar productos más originales, no dejéis de visitar las pequeñas tiendas y talleres creativos de las callejuelas del Carmen o Ruzafa...","Guias turisticas/004ES-valencia-y-amigos.txt"
"¿Dónde puedo disfrutar de una terraza en una plaza emblemática en Valencia?","La Plaza del Ayuntamiento, la Plaza de la Reina y la Plaza de la Virgen son lugares ideales para disfrutar de una terraza con encanto.","Rodeada por la gran fachada blanca de la Casa Consistorial, el espectacular edificio de Correos y otras construcciones similares, la plaza del Ayuntamiento es un espacio ideal para perder la noción del tiempo en alguna de las muchas terrazas que ofrece. Y a tan solo cinco minutos, la preciosa plaza de la Reina, repleta de flores, gente y, también, muchos bares y restaurantes donde dejarse caer un buen rato. [...] Y qué decir de la plaza de la Virgen, que se encuentra a tan solo una calle más allá y que constituye uno de los lugares más agradables para respirar la esencia del mediterráneo en estado puro...","Guias turisticas/004ES-valencia-y-amigos.txt"
"¿Qué mercados gastronómicos debo visitar en Valencia?","El Mercado Central, el Mercado del Cabañal, el Mercado de Colón, el Mercado de Ruzafa y el Mercado de Mosén-Sorell son excelentes opciones para disfrutar de la gastronomía local.","Empezando por los primeros, el Mercado Central es una joya modernista que guarda gran cantidad de puestos, cocineros, platos y alimentos típicos de la región. [...] El barrio de El Cabañal también posee su propio mercado, que refleja la gastronomía propia de un barrio de tradición marinera. [...] Por su parte, el elegante y refinado Mercado de Colón, situado junto a la calle que le da nombre, tiene más de un siglo, aunque todavía conserva la esencia burguesa que siempre le ha caracterizado. [...] Con un estilo más desenfadado y colorido, reflejando el estilo de su propio barro, se alza el famoso Mercado de Ruzafa para ofrecer a sus públicos una amplia gama de alimentos frescos característicos de la región, al igual que el Mercado de Mosén-Sorell, situado en el barrio del Carmen, que brilla por una estructura más pequeña pero con un toque muy, muy encantador.","Guias turisticas/004ES-valencia-y-amigos.txt"
"¿Dónde puedo comer una auténtica paella valenciana en Valencia?","Puedes disfrutar de una paella valenciana en restaurantes como La Cigrona, Goya Gallery, Palace Fesol, Borja Azcutia, La Pepica, El Coso del Mar, Casa Isabel, Casa Carmela, Tridente, El Coso, Destino Puerto, Vlue Arribar, Arrocería La Ferrera, Casa Quiquet, la Barraca de Toni Montoliu, El Palmar o Nou Racó.","Por ello, te animamos a exprimir el sabor de la ciudad en restaurantes como La Cigrona, Goya Gallery, Palace Fesol o Borja Azcutia, en el centro o cerca de él; y también La Pepica, El Coso del Mar, Casa Isabel, Casa Carmela, Tridente, El Coso, Destino Puerto o Vlue Arribar, en la zona de la Malvarrosa. [...] Junto a la playa de El Saler destaca la Arrocería La Ferrera y, más hacia l’Albufera, Casa Quiquet, la Barraca de Toni Montoliu, El Palmar o Nou Racó.","Guias turisticas/004ES-valencia-y-amigos.txt"
"¿Qué puedo hacer para disfrutar de la vida nocturna en Valencia?","Puedes disfrutar del tardeo en Ruzafa o el Carmen, visitar pubs y discotecas en Cánovas y el puerto, y explorar discotecas alternativas en Ruzafa y el Carmen. La zona marítima ofrece opciones como High Cube, Akuarela o Marina Beach.","Cada vez más terrazas deciden aprovechar el buen clima y ofrecen amplias cartas de bebidas, desde cerveza, hasta vinos y cocktails. Sin duda, los mejores lugares para disfrutar del tardeo en un buen ambiente y rodeado de valencianos son los barrios de Ruzafa o el Carmen, aunque también hay multitud de bares en la zona de Cánovas y en el puerto. [...] Si buscáis un rollo más alternativo, Ruzafa es el lugar ideal, con discotecas como Play, XL o Picadilly, con sus famosas sesiones silenciosas en las que podrás escoger tu propia música gracias a los cascos que os darán al entrar. Y también el Carmen, con Jimmy Glass, Gong o La Flama. [...] La zona marítima ofrece numerosas opciones como High Cube, Akuarela o Marina Beach...","Guias turisticas/004ES-valencia-y-amigos.txt"
"¿Qué es el 'esmorzaret' y dónde puedo disfrutarlo en Valencia?","El 'esmorzaret' es el brunch valenciano, que consiste en reunirse en un bar para disfrutar de un bocadillo contundente acompañado de olivas, cacahuetes y una bebida, generalmente cerveza. Algunos lugares recomendables son El Trinquet de Pelayo, La Bernarda, Central Bar o La Pérgola.","La primera reunión festiva del día llega a media mañana bajo el nombre de esmorzaret. Es el brunch propio de los valencianos, y consiste en reunirse en uno de los mejores bares que ofrecen almuerzos en València y zamparse un buen bocadillo de los ingredientes que más os gusten. [...] Algunos de los locales más recomendables son El Trinquet de Pelayo, La Bernarda, Central Bar o La Pérgola...","Guias turisticas/004ES-valencia-y-amigos.txt"
